group,team,position,reference_probability,reference_hits,team_only_mean,team_only_seed_sd,team_only_absolute_error,team_only_zero_seeds,observed_mean,observed_seed_sd,observed_absolute_error,observed_zero_seeds,gap_mean,gap_seed_sd,gap_absolute_error,gap_zero_seeds
16498,4,1,6e-07,3,0.0,0.0,6e-07,20,1.8397166617950475e-06,1.6014904466163381e-06,1.2397166617950475e-06,0,4.986436893134576e-06,1.0143435491860847e-06,4.386436893134576e-06,0
16498,4,2,0.0001018,509,5.918661057926366e-06,2.646905692260835e-05,9.588133894207363e-05,19,0.00044928378555103506,5.1152664940353024e-05,0.0003474837855510351,0,0.0027039876437308452,0.00011241969668666605,0.0026021876437308453,0
16498,4,3,0.0298508,149254,0.028353795887955908,0.004869431877969793,0.0014970041120440924,0,0.03294405501441468,0.0010868816898463958,0.0030932550144146774,0,0.024048510319211094,0.0008616228477179348,0.0058022896807889066,0
16498,4,4,0.0643078,321539,0.06432238168042344,0.0085468290469239,1.4581680423439436e-05,0,0.07217158987904412,0.001539105402411554,0.007863789879044125,0,0.05633580708018322,0.0013442174720421623,0.007971992919816775,0
16498,4,5,0.108812,544060,0.11143912578564252,0.00668308185407229,0.0026271257856425173,0,0.11516383087234638,0.0011230017671793903,0.0063518308723463784,0,0.10010493661620912,0.0017245150783771535,0.008707063383790889,0
16498,4,6,0.165083,825415,0.16208987522696894,0.00943577528674967,0.0029931247730310695,0,0.1534587689242437,0.00232981923953698,0.011624231075756303,0,0.14878487033891635,0.0025533874028978117,0.016298129661083655,0
16498,4,7,0.1955122,977561,0.19071231493894808,0.008469110905016062,0.004799885061051917,0,0.1667632036205598,0.0025471569487697447,0.0287489963794402,0,0.17464609080716367,0.0032011999464951427,0.020866109192836324,0
16498,4,8,0.1520332,760166,0.1545481912027502,0.0097955402461031,0.0025149912027501997,0,0.14825793325478562,0.001823932698589841,0.0037752667452143895,0,0.16118663755245016,0.0028616934605693424,0.009153437552450155,0
16498,4,9,0.1070742,535371,0.11218824609985409,0.008732435424268,0.005114046099854094,0,0.11389455691669344,0.001359777699742314,0.006820356916693443,0,0.12298118754250838,0.0019497868784632835,0.015906987542508383,0
16498,4,10,0.0716022,358011,0.06871941768357592,0.006683018817375632,0.0028827823164240818,0,0.0796460160958191,0.0014920083549079344,0.008043816095819098,0,0.08545900814667379,0.0017196077817634029,0.013856808146673782,0
16498,4,11,0.046089,230445,0.046396600145507026,0.006490430737624915,0.0003076001455070282,0,0.051677146306794916,0.0010661491294810476,0.005588146306794918,0,0.055466463620706244,0.0014708166634475937,0.009377463620706246,0
16498,4,12,0.0281404,140702,0.029403673633564643,0.0031705655028133246,0.001263273633564644,0,0.031602806826199425,0.0008365538717517217,0.003462406826199426,0,0.0334184233311103,0.000748858287103928,0.005278023331110302,0
16498,4,13,0.016368,81840,0.01560754529594049,0.003217058382824361,0.000760454704059511,0,0.017943386093465928,0.0005221422773815344,0.0015753860934659275,0,0.018847403392041422,0.0006088700720151356,0.0024794033920414217,0
16498,4,14,0.0088784,44392,0.008627206892052064,0.0027285299973983197,0.00025119310794793556,0,0.00937739334972006,0.00027658434487493766,0.0004989933497200599,0,0.009527273909965894,0.00031778174256235085,0.0006488739099658938,0
16498,4,15,0.0041662,20831,0.003904770200163614,0.002026280642858117,0.000261429799836386,0,0.00441719662079653,0.00016339643624060728,0.0002509966207965295,0,0.0043036325531462276,0.00016980957268931298,0.00013743255314622744,0
16498,4,16,0.0015472,7736,0.0010327434975078288,0.0009463172992805126,0.0005144565024921713,5,0.001695206845581786,0.00010119722899360655,0.0001480068455817858,0,0.001640947865627427,8.347092147745193e-05,9.374786562742687e-05,0
16498,4,17,0.0003926,1963,0.00031383676458595223,0.0003588413490298704,7.876323541404777e-05,10,0.00046794713834250165,3.437837657040243e-05,7.534713834250165e-05,0,0.0004567168296381494,3.7540323602320304e-05,6.411682963814938e-05,0
16498,4,18,3.98e-05,199,9.46708983485699e-06,4.233811283967498e-05,3.0332910165143008e-05,19,6.668433178720135e-05,5.9963614718772945e-06,2.6884331787201353e-05,0,7.760123918304294e-05,6.348639230136694e-06,3.780123918304294e-05,0
16498,4,19,6e-07,3,0.0,0.0,6e-07,20,1.1537916793372854e-06,5.598083724404456e-07,5.537916793372854e-07,0,5.478411361670458e-06,6.99768850180968e-07,4.878411361670458e-06,0
16498,4,20,0,0,0.0,0.0,0.0,20,6.155127689715887e-10,2.752656784879191e-09,6.155127689715887e-10,19,3.63632799860223e-08,2.208219277553357e-08,3.63632799860223e-08,0
16498,5,1,0.0002238,1119,7.790820946408761e-05,0.00021193567691584126,0.00014589179053591238,17,0.0006570580710192379,0.0001727554676559083,0.00043325807101923786,0,0.00034222570892370184,2.754130716502608e-05,0.00011842570892370185,0
16498,5,2,0.0075178,37589,0.00678030807881972,0.0022061916281036365,0.0007374919211802795,0,0.027054700534611474,0.0013070171358940542,0.019536900534611476,0,0.02845861982848156,0.0005834781025585973,0.02094081982848156,0
16498,5,3,0.2969794,1484897,0.2943233636055873,0.010592863016492725,0.0026560363944126975,0,0.2654483573860214,0.004784157302917282,0.0315310426139786,0,0.21242688014168093,0.00435561861981798,0.08455251985831908,0
16498,5,4,0.2813512,1406756,0.28175587505360583,0.011493335382865906,0.00040467505360580747,0,0.2512881550998704,0.0023054532194829646,0.03006304490012962,0,0.22463411420358786,0.0030034837163271664,0.05671708579641216,0
16498,5,5,0.204235,1021175,0.20659987718824113,0.014490953837987788,0.0023648771882411324,0,0.19869214450366815,0.0027733276769133864,0.00554285549633185,0,0.20287611995291438,0.003884901959697428,0.00135888004708562,0
16498,5,6,0.1180262,590131,0.11682063914365579,0.008981829033272251,0.0012055608563442122,0,0.13380873526822348,0.002683709642962298,0.015782535268223485,0,0.1597047846941542,0.003747016925070814,0.0416785846941542,0
16498,5,7,0.0563174,281587,0.056542391248237435,0.008699828414716839,0.00022499124823743832,0,0.07306556835355202,0.0018097770667809673,0.016748168353552022,0,0.09878822558827441,0.0025693292543198572,0.04247082558827441,0
16498,5,8,0.023057,115285,0.023554233823367687,0.0042409023215643875,0.0004972338233676862,0,0.03226026508716232,0.0007883915724408683,0.009203265087162321,0,0.04676286217868309,0.0015791782898999186,0.02370586217868309,0
16498,5,9,0.0085232,42616,0.00862394517246395,0.002511117761668674,0.00010074517246395041,0,0.012182295324192712,0.00034296701292894373,0.003659095324192712,0,0.017763392626699317,0.0006205939400966397,0.009240192626699317,0
16498,5,10,0.0027722,13861,0.002114370311211589,0.001431108229008448,0.0006578296887884108,2,0.004066533098118907,0.00020763180970718312,0.001294333098118907,0,0.005914327941172137,0.00022063272635426386,0.0031421279411721374,0
16498,5,11,0.000788,3940,0.0005896620102638059,0.000782561438274474,0.00019833798973619408,9,0.0011492178969604201,7.267666101277065e-05,0.00036121789696042016,0,0.0017755326510953534,0.00010906687871476267,0.0009875326510953536,0
16498,5,12,0.0001762,881,0.00013881142451595624,0.00035300888176610905,3.738857548404376e-05,17,0.0002766418901374307,3.0235510718146215e-05,0.00010044189013743072,0,0.0004441155222574754,3.291964678103027e-05,0.0002679155222574754,0
16498,5,13,3.04e-05,152,6.0027517282252304e-05,0.0002684512183273192,2.9627517282252303e-05,19,4.568484780658234e-05,8.022063254747901e-06,1.528484780658234e-05,0,9.438135335420048e-05,1.1293153403782546e-05,6.398135335420048e-05,0
16498,5,14,2.2e-06,11,0.0,0.0,2.2e-06,20,4.358400137057238e-06,1.5286164779992941e-06,2.1584001370572377e-06,0,1.333135369516478e-05,2.6485177943018987e-06,1.113135369516478e-05,0
16498,5,15,0,0,0.0,0.0,0.0,20,2.8423851895136033e-07,3.1669715146852723e-07,2.8423851895136033e-07,1,1.0311132991705901e-06,4.050737774953186e-07,1.0311132991705901e-06,0
16498,5,16,0,0,0.0,0.0,0.0,20,0.0,0.0,0.0,20,5.514172758063781e-08,6.178004202035991e-08,5.514172758063781e-08,1
16498,5,17,0,0,0.0,0.0,0.0,20,0.0,0.0,0.0,20,0.0,0.0,0.0,20
16498,5,18,0,0,0.0,0.0,0.0,20,0.0,0.0,0.0,20,0.0,0.0,0.0,20
16498,5,19,0,0,0.0,0.0,0.0,20,0.0,0.0,0.0,20,0.0,0.0,0.0,20
16498,5,20,0,0,0.0,0.0,0.0,20,0.0,0.0,0.0,20,0.0,0.0,0.0,20
16498,6,1,0,0,0.0,0.0,0.0,20,1.5279879208070963e-08,2.2498044723543347e-08,1.5279879208070963e-08,13,2.0696527526651796e-07,7.185963451782822e-08,2.0696527526651796e-07,0
16498,6,2,6.8e-06,34,0.0,0.0,6.8e-06,20,1.6951995021921178e-05,3.359374683939481e-06,1.0151995021921179e-05,0,0.00030018531972817125,1.9389588616047146e-05,0.00029338531972817125,0
16498,6,3,0.00307,15350,0.003285308483889434,0.0011921904659882184,0.00021530848388943416,0,0.003944959733800327,0.00019150306088405055,0.0008749597338003276,0,0.003007337153604854,0.00014483852130819453,6.26628463951456e-05,0
16498,6,4,0.0098394,49197,0.009227687400165878,0.002374820086333506,0.000611712599834122,0,0.013184802948487676,0.00043885195043141936,0.0033454029484876763,0,0.010262685449714377,0.00033020651152013386,0.0004232854497143775,0
16498,6,5,0.024252,121260,0.022823349023406315,0.0047807188829853044,0.0014286509765936845,0,0.03072076520806232,0.0005152902941857611,0.006468765208062322,0,0.02656622583138732,0.0005849901052935019,0.0023142258313873197,0
16498,6,6,0.0527916,263958,0.05451307741593261,0.006210792932664835,0.0017214774159326068,0,0.05981121767456451,0.0011520374016766183,0.007019617674564507,0,0.056869992926919175,0.001226579308987204,0.0040783929269191735,0
16498,6,7,0.0921268,460634,0.09207358336885188,0.006171278979393437,5.32166311481147e-05,0,0.09466582643198866,0.0019146920701298726,0.002539026431988667,0,0.0955511111265167,0.0019380593502044653,0.0034243111265166992,0
16498,6,8,0.1253618,626809,0.12225914248777811,0.006798925268195222,0.0031026575122218847,0,0.12121228970786999,0.0019511437835238404,0.00414951029213001,0,0.12504666997534303,0.002316710083556576,0.0003151300246569677,0
16498,6,9,0.136713,683565,0.13530222948795306,0.009901786822143897,0.0014107705120469383,0,0.13114228900093391,0.0013692733833447228,0.005570710999066086,0,0.13473421302271352,0.0019392198476930994,0.001978786977286484,0
16498,6,10,0.1329748,664874,0.13826407550014014,0.007347092907443451,0.005289275500140134,0,0.12708986297639951,0.0013234346848712722,0.005884937023600489,0,0.131088701048659,0.0020789357953693286,0.0018860989513410087,0
16498,6,11,0.1199002,599501,0.12015083599492275,0.009495013347348313,0.00025063599492275435,0,0.11399421939525314,0.0016632636051311083,0.005905980604746855,0,0.11756927959383585,0.002312010835851076,0.002330920406164144,0
16498,6,12,0.0988158,494079,0.09989072355545883,0.006621755885407139,0.0010749235554588371,0,0.09599437610155961,0.0015252711790194682,0.002821423898440381,0,0.09826886785093497,0.0015819477368823765,0.0005469321490650242,0
16498,6,13,0.0767774,383887,0.07548550331628803,0.0068478931018861695,0.0012918966837119628,0,0.07610909207744344,0.001364834968195432,0.0006683079225565519,0,0.0768985169051988,0.001899595296648258,0.00012111690519880924,0
16498,6,14,0.0559884,279942,0.057491452193688994,0.0066456407174150245,0.0015030521936889932,0,0.05664278926505685,0.0011030218841883768,0.0006543892650568497,0,0.05518347980621039,0.001188330934854291,0.00080492019378961,0
16498,6,15,0.03753,187650,0.03582488710284674,0.004722931431516229,0.001705112897153263,0,0.03872184868353455,0.0008011899284283362,0.0011918486835345507,0,0.036352571842393974,0.0009606871850877465,0.0011774281576060266,0
16498,6,16,0.021709,108545,0.019650437469276416,0.0046779841115122565,0.002058562530723583,0,0.022989919426575512,0.0007142828202129799,0.001280919426575513,0,0.02061884031097929,0.000657209740330871,0.0010901596890207088,0
16498,6,17,0.009812,49060,0.010044558528424738,0.0024609720466165384,0.00023255852842473876,0,0.010678863090261339,0.00037951066561103705,0.000866863090261339,0,0.0089751510600678,0.0004260234829593494,0.0008368489399321992,0
16498,6,18,0.0022786,11393,0.0019463498519244628,0.002128403580253108,0.00033225014807553716,3,0.0029377365134875396,0.00010088527457326719,0.0006591365134875397,0,0.0024366532428109445,8.766741100358497e-05,0.00015805324281094454,0
16498,6,19,5.24e-05,262,3.454817523996562e-05,0.0001545041366702765,1.785182476003438e-05,19,0.0001418139212968054,2.6721630171578335e-05,8.941392129680541e-05,0,0.00026522304000655507,1.4279684159718265e-05,0.00021282304000655507,0
16498,6,20,0,0,0.0,0.0,0.0,20,3.6056852315870983e-07,9.570284557171945e-07,3.6056852315870983e-07,12,4.087527700019568e-06,1.0447774237458863e-06,4.087527700019568e-06,0
16498,7,1,0,0,0.0,0.0,0.0,20,0.0,0.0,0.0,20,1.5059302845834716e-08,9.757902090007462e-09,1.5059302845834716e-08,4
16498,7,2,2e-07,1,0.0,0.0,2e-07,20,9.103488087968907e-07,7.227672262336585e-07,7.103488087968907e-07,6,0.00012180582122467926,1.2051302585032187e-05,0.00012160582122467925,0
16498,7,3,0.0011946,5973,0.0012754598403475887,0.00120983013101316,8.085984034758857e-05,5,0.00170686026309994,0.0001307230739068893,0.0005122602630999399,0,0.001399697755483174,8.89816859813789e-05,0.00020509775548317385,0
16498,7,4,0.0058068,29034,0.00582240804438848,0.002949238415308718,1.560804438848016e-05,0,0.008025584051976196,0.000355029531879278,0.0022187840519761965,0,0.006303974217536002,0.00024224671242836524,0.0004971742175360018,0
16498,7,5,0.0182776,91388,0.016277189306851188,0.0050162060941526245,0.0020004106931488137,0,0.02295863801518911,0.00047378957723418375,0.004681038015189109,0,0.01990473606591071,0.000494714544958066,0.0016271360659107087,0
16498,7,6,0.0457278,228639,0.04626065091977777,0.006621443140235924,0.0005328509197777692,0,0.05120531105048454,0.0010846106921507802,0.005477511050484538,0,0.04840874040597879,0.001121463547739097,0.002680940405978792,0
16498,7,7,0.0862138,431069,0.0854855581698533,0.006251331819200482,0.000728241830146692,0,0.08810763573521493,0.001877910121738539,0.001893835735214941,0,0.08823108240607326,0.001851664909162693,0.0020172824060732675,0
16498,7,8,0.1231064,615532,0.12660635369709455,0.012638818310516872,0.003499953697094549,0,0.11848714208074732,0.001957868521378976,0.0046192579192526895,0,0.12139777717553299,0.002291336256252227,0.0017086228244670154,0
16498,7,9,0.1385198,692599,0.13602386301295807,0.0104915598509035,0.0024959369870419246,0,0.13178564975027146,0.001412382543967752,0.006734150249728538,0,0.13480604670312965,0.0019581466667789103,0.003713753296870348,0
16498,7,10,0.1366158,683079,0.13772706632488702,0.008982962410281292,0.0011112663248870058,0,0.12972006750884477,0.0013068724235601314,0.006895732491155243,0,0.13355706430094205,0.0021084132496032733,0.0030587356990579573,0
16498,7,11,0.1221218,610609,0.1235601498593816,0.007833169449732768,0.001438349859381599,0,0.1175664809107519,0.0017121528809786418,0.004555319089248097,0,0.12121667938972362,0.0023672686140891043,0.0009051206102763804,0
16498,7,12,0.1007858,503929,0.09906008685112112,0.0068532078369553375,0.0017257131488788713,0,0.09994739674129975,0.001563667845611658,0.0008384032587002432,0,0.10242004288130131,0.001641667452460863,0.0016342428813013177,0
16498,7,13,0.0791718,395859,0.08048459115643286,0.008547011793486057,0.0013127911564328604,0,0.08023206213912715,0.00141499726759027,0.0010602621391271466,0,0.08124450014704512,0.0019881345264531488,0.002072700147045123,0
16498,7,14,0.0588902,294451,0.058834845026314496,0.00643292622540542,5.53549736855008e-05,0,0.0608819715760188,0.0011488294205391912,0.0019917715760188054,0,0.05958296060323796,0.0012661097258890265,0.0006927606032379602,0
16498,7,15,0.0408594,204297,0.04035943143192458,0.005854115841381439,0.0004999685680754165,0,0.04302232429642815,0.0008416794413864476,0.0021629242964281495,0,0.040697249829848764,0.0010316665326192433,0.00016215017015123318,0
16498,7,16,0.0255104,127552,0.023661713580575932,0.004063286638296471,0.001848686419424067,0,0.02710038039233767,0.0007635542580208607,0.0015899803923376706,0,0.024536886559909796,0.0007264205595531141,0.0009735134400902026,0
16498,7,17,0.0127434,63717,0.012503845139235475,0.0033488566349624146,0.0002395548607645251,0,0.014057191650183912,0.00042654628743306436,0.0013137916501839118,0,0.01186556022073985,0.0004987798425168852,0.0008778397792601495,0
16498,7,18,0.0041688,20844,0.0038267939717521403,0.0014804237930627273,0.00034200602824785995,0,0.00479872409500269,0.00013072651945824002,0.0006299240950026893,0,0.0038080609618004113,0.00010769594097489259,0.000360739038199589,0
16498,7,19,0.0002826,1413,0.0002487684608968539,0.0006231035973808515,3.3831539103146085e-05,16,0.0003920395052867742,4.682785503624393e-05,0.0001094395052867742,0,0.0004860130277943689,2.2789712398372134e-05,0.0002034130277943689,0
16498,7,20,3e-06,15,0.0,0.0,3e-06,20,3.629888926437726e-06,2.72009073024315e-06,6.298889264377258e-07,0,1.110646748492636e-05,1.9911632593229808e-06,8.10646748492636e-06,0
16498,8,1,0.0001966,983,0.00011806871038723575,0.00024334141981340434,7.853128961276426e-05,16,0.0011611360656683942,0.00030736709981073597,0.0009645360656683942,0,0.0005557147058230798,4.361676273923195e-05,0.0003591147058230798,0
16498,8,2,0.0074302,37151,0.006973831130978962,0.0025069313925222218,0.0004563688690210378,0,0.042927458684783766,0.0019462750610627281,0.03549725868478377,0,0.03731372522298309,0.0006966828857914706,0.02988352522298309,0
16498,8,3,0.374095,1870475,0.374473854278221,0.012466636443923762,0.00037885427822098583,0,0.32495502421671546,0.005181160974442331,0.04913997578328455,0,0.26958030010124917,0.005020984107720544,0.10451469989875084,0
16498,8,4,0.2655852,1327926,0.2624053628641935,0.014226512195718664,0.003179837135806496,0,0.26083447559803785,0.0023678612626234536,0.00475072440196217,0,0.24262345139919042,0.0031620841182154356,0.0229617486008096,0
16498,8,5,0.1832684,916342,0.18352845094668035,0.008858368186485013,0.0002600509466803569,0,0.1794216578847071,0.003022486573004643,0.0038467421152929004,0,0.19202452422252347,0.003963232585390714,0.008756124222523476,0
16498,8,6,0.0982398,491199,0.09894943398951499,0.008667608261940843,0.000709633989514985,0,0.10663014253429007,0.0023544205119737155,0.008390342534290066,0,0.13454952241858995,0.003506720708720346,0.03630972241858994,0
16498,8,7,0.0433798,216899,0.04447710763793242,0.005852165647373204,0.001097307637932414,0,0.05218488216829782,0.0014989989081508352,0.008805082168297819,0,0.07483549766336875,0.002089807470717959,0.03145569766336875,0
16498,8,8,0.017424,87120,0.017929847573173386,0.003683670631707432,0.0005058475731733875,0,0.02110704157755839,0.0005696198578031496,0.0036830415775583915,0,0.032196963692580766,0.001212665842309805,0.014772963692580767,0
16498,8,9,0.006776,33880,0.006070144685666799,0.002520561479050219,0.000705855314333201,0,0.007477900860449039,0.0002234187358834751,0.0007019008604490394,0,0.011340766586266171,0.0004212937967186827,0.0045647665862661715,0
16498,8,10,0.0024752,12376,0.0020542627133286685,0.0017986878746252576,0.00042093728667133134,4,0.0024117501144857246,0.00012740275989289393,6.344988551427533e-05,0,0.0035860649516916013,0.00013828311717077499,0.0011108649516916014,0
16498,8,11,0.0008186,4093,0.0004425844351082231,0.000747977823390694,0.00037601556489177685,12,0.0006794175348606105,4.341396844629213e-05,0.00013918246513938942,0,0.0010542385438066558,6.581918111104442e-05,0.00023563854380665588,0
16498,8,12,0.0002408,1204,0.00032584451529816156,0.0006757241314408868,8.504451529816156e-05,14,0.00017174584407585503,1.7512777793838353e-05,6.905415592414497e-05,0,0.0002675206635196676,1.9556833117031814e-05,2.6720663519667583e-05,0
16498,8,13,5.98e-05,299,3.1477797309622895e-07,1.407729891325536e-06,5.948522202690377e-05,19,3.2765004943449555e-05,4.767545589432738e-06,2.703499505655044e-05,0,6.061795146134297e-05,6.55713164751061e-06,8.1795146134297e-07,0
16498,8,14,1e-05,50,0.0,0.0,1e-05,20,4.181383590461628e-06,9.348415170138155e-07,5.818616409538373e-06,0,9.966710290626508e-06,1.6159672380469057e-06,3.3289709373493254e-08,0
16498,8,15,6e-07,3,0.0,0.0,6e-07,20,4.093294042947995e-07,2.3309623739589632e-07,1.906705957052005e-07,0,1.0396668773209687e-06,2.629684678347418e-07,4.3966687732096876e-07,0
16498,8,16,0,0,0.0,0.0,0.0,20,1.0810473737303565e-08,1.044643398469843e-08,1.0810473737303565e-08,7,8.37999764453111e-08,4.982078014453712e-08,8.37999764453111e-08,0
16498,8,17,0,0,0.0,0.0,0.0,20,3.8765760233525737e-10,1.7336575016324335e-09,3.8765760233525737e-10,19,1.6525843587552022e-09,1.6368295299635058e-09,1.6525843587552022e-09,7
16498,8,18,0,0,0.0,0.0,0.0,20,0.0,0.0,0.0,20,4.721669596443435e-11,2.111594836988304e-10,4.721669596443435e-11,19
16498,8,19,0,0,0.0,0.0,0.0,20,0.0,0.0,0.0,20,0.0,0.0,0.0,20
16498,8,20,0,0,0.0,0.0,0.0,20,0.0,0.0,0.0,20,0.0,0.0,0.0,20
16498,10,1,0,0,0.0,0.0,0.0,20,0.0,0.0,0.0,20,2.3144351951351935e-09,1.4962394779047657e-09,2.3144351951351935e-09,0
16498,10,2,2e-07,1,0.0,0.0,2e-07,20,1.4684523299871075e-07,6.919858654284764e-08,5.315476700128924e-08,0,1.6456707187156104e-05,1.9759180959146403e-06,1.6256707187156103e-05,0
16498,10,3,0.0001648,824,5.554088287005539e-05,0.00015659986830000316,0.00010925911712994461,17,0.00023551849403186378,2.257020712341929e-05,7.071849403186378e-05,0,0.00020601079560535434,1.5452269426992585e-05,4.121079560535435e-05,0
16498,10,4,0.0008658,4329,0.0006018626455303292,0.0008704131988384202,0.00026393735446967085,7,0.001307398550351624,7.851990399422637e-05,0.00044159855035162405,0,0.0010977661283845112,5.186381759035231e-05,0.00023196612838451115,0
16498,10,5,0.003285,16425,0.003039438941780529,0.0016554369470563155,0.00024556105821947095,0,0.004720571330801851,0.00014947941160024528,0.0014355713308018508,0,0.00442016829374104,0.00013961082911179216,0.0011351682937410395,0
16498,10,6,0.0104892,52446,0.009851512535548109,0.0020434002918976826,0.0006376874644518915,0,0.013942676073963938,0.00038463478530772826,0.003453476073963938,0,0.014107630509127226,0.00045412787463010215,0.0036184305091272254,0
16498,10,7,0.0258058,129029,0.024659331342935593,0.004560191778373851,0.0011464686570644075,0,0.03232269513230376,0.0009637349147591691,0.0065168951323037565,0,0.03388034929730151,0.0009151173927431655,0.008074549297301507,0
16498,10,8,0.048463,242315,0.04971512273387237,0.006933667913540973,0.001252122733872374,0,0.05814456129465602,0.0013356204305543455,0.00968156129465602,0,0.06071887043429086,0.0015497990014866863,0.012255870434290862,0
16498,10,9,0.0749492,374746,0.07640114698883096,0.007628225928585231,0.001451946988830971,0,0.08430436376394483,0.0014255964868651054,0.009355163763944838,0,0.08731880693750707,0.0016236485180943885,0.012369606937507077,0
16498,10,10,0.1005864,502932,0.09787835261437236,0.008700434864052526,0.002708047385627646,0,0.10583150629785405,0.0010238373078233836,0.005245106297854046,0,0.11036885508993208,0.0018100776848945308,0.009782455089932071,0
16498,10,11,0.1224248,612124,0.124955498713645,0.010271906594266626,0.002530698713645002,0,0.12039935912650353,0.0017321471512852355,0.002025440873496473,0,0.12535280624957942,0.0024140281509493224,0.0029280062495794235,0
16498,10,12,0.1358856,679428,0.13615779293188374,0.010897944425046631,0.0002721929318837413,0,0.12624054278946856,0.0017470857893684025,0.009645057210531438,0,0.1308223466451561,0.002158271088578557,0.005063253354843894,0
16498,10,13,0.1349304,674652,0.13096378150019275,0.007272637570811584,0.003966618499807256,0,0.12350943627857305,0.0018501034227444242,0.011420963721426952,0,0.12598989510263353,0.0028763227753579113,0.008940504897366475,0
16498,10,14,0.1213286,606643,0.12306929846658307,0.00840819599254984,0.0017406984665830766,0,0.11271160249344707,0.0017782563063919558,0.008616997506552926,0,0.11094064735301654,0.002112103721564184,0.010387952646983459,0
16498,10,15,0.0985974,492987,0.09705822438681104,0.008488742505275359,0.0015391756131889617,0,0.09403180874881503,0.0014046325872012595,0.0045655912511849694,0,0.08931178817748964,0.0019645311177521056,0.009285611822510365,0
16498,10,16,0.0699452,349726,0.0718489504962215,0.008244789952676605,0.001903750496221504,0,0.06863444040945453,0.0014942569432742985,0.0013107595905454683,0,0.06148969225144346,0.001589556048467387,0.008455507748556537,0
16498,10,17,0.039303,196515,0.04028522345102956,0.005090775419188066,0.0009822234510295652,0,0.03941932040834746,0.001032141684289879,0.0001163204083474631,0,0.03233056013313243,0.001238920068151302,0.006972439866867568,0
16498,10,18,0.0125482,62741,0.011890869567210048,0.0033812832677859207,0.0006573304327899526,0,0.013431694150942702,0.00040319728512509345,0.0008834941509427013,0,0.010346032430552736,0.00028940465998935505,0.002202167569447265,0
16498,10,19,0.0004272,2136,0.00021059519742806757,0.00044242623757244674,0.0002166048025719324,16,0.0008099537625910095,0.00013464381573000328,0.00038275376259100955,0,0.0012582900504029839,6.204944202130914e-05,0.0008310900504029839,0
16498,10,20,2e-07,1,0.0,0.0,2e-07,20,2.4040487163420953e-06,5.783379916406772e-06,2.204048716342095e-06,12,2.3025099081367453e-05,5.112843595332252e-06,2.2825099081367452e-05,0
16498,14,1,0,0,0.0,0.0,0.0,20,0.0,0.0,0.0,20,1.4308515529339564e-07,6.84679816894427e-08,1.4308515529339564e-07,0
16498,14,2,3.4e-06,17,0.0,0.0,3.4e-06,20,1.1054364373361552e-05,3.106469917765751e-06,7.654364373361553e-06,0,0.00030166410878835993,2.0956226273620575e-05,0.00029826410878835996,0
16498,14,3,0.0047248,23624,0.0034659295825447112,0.001244041167798248,0.0012588704174552891,0,0.004027587710345343,0.00020856617407696382,0.000697212289654657,0,0.0030913029365381844,0.00015706524507329986,0.001633497063461816,0
16498,14,4,0.0142128,71064,0.013845967038297918,0.0028987870647617657,0.0003668329617020818,0,0.014327990910714874,0.0004990726871706298,0.00011519091071487443,0,0.011110091122647912,0.0003679952109569806,0.0031027088773520877,0
16498,14,5,0.0319154,159577,0.03154897235409571,0.004431894670099513,0.00036642764590428395,0,0.03420118627468604,0.0005844126678015273,0.0022857862746860427,0,0.02941875068844433,0.0006498766780884152,0.0024966493115556668,0
16498,14,6,0.0641786,320893,0.06533026858794992,0.004607254226111057,0.0011516685879499194,0,0.06662903127120637,0.0012879028229178385,0.002450431271206366,0,0.06300767486921213,0.0013349276519280713,0.0011709251307878699,0
16498,14,7,0.10972,548600,0.10990169420308113,0.008495056758838106,0.00018169420308113138,0,0.10378677522495142,0.0020558282139624823,0.005933224775048582,0,0.10438034118340969,0.002079940804536934,0.005339658816590306,0
16498,14,8,0.1476678,738339,0.14699599826583465,0.010374823469383202,0.0006718017341653393,0,0.12945194365115814,0.00203208464880411,0.018215856348841847,0,0.13339869196671772,0.0024028721922521074,0.014269108033282268,0
16498,14,9,0.1490986,745493,0.14730399902167013,0.008628801985191182,0.0017946009783298689,0,0.13568165851635544,0.0013475383049750785,0.013416941483644557,0,0.13950507408107643,0.001970206076188711,0.009593525918923568,0
16498,14,10,0.1320614,660307,0.13384060925063507,0.008676755850421576,0.001779209250635072,0,0.1272194455161822,0.0014353038489324467,0.004841954483817801,0,0.13128743250099217,0.002100886890021286,0.0007739674990078216,0
16498,14,11,0.1079666,539833,0.10828689062419916,0.009640849488481533,0.00032029062419916543,0,0.11030479135793707,0.001628331864246927,0.0023381913579370722,0,0.11387760620956836,0.0022901798931830313,0.005911006209568359,0
16498,14,12,0.0826488,413244,0.08279854676482752,0.008716797146744556,0.0001497467648275269,0,0.08986138006527383,0.0015095378659467187,0.007212580065273838,0,0.09209804857422092,0.0015099850183986174,0.009449248574220928,0
16498,14,13,0.0606956,303478,0.06094613138892839,0.006358307297423733,0.0002505313889283878,0,0.06906068838952475,0.0012830342328463292,0.008365088389524752,0,0.0699034469960089,0.0017638784732581828,0.009207846996008892,0
16498,14,14,0.042735,213675,0.04351493457798215,0.005244599495899482,0.0007799345779821512,0,0.04997881762229097,0.0010002202288265124,0.007243817622290968,0,0.048833853956686116,0.0010843288202123092,0.006098853956686114,0
16498,14,15,0.027789,138945,0.026845819623305223,0.005110077875530336,0.0009431803766947779,0,0.03347376436051197,0.000718047195428498,0.005684764360511969,0,0.03154542529859834,0.0008483112458804788,0.0037564252985983412,0
16498,14,16,0.01592,79600,0.015828551430830017,0.004735387452065863,9.14485691699829e-05,0,0.01969924195481243,0.000621761777561352,0.0037792419548124297,0,0.017797903486362624,0.0005681963029129596,0.001877903486362624,0
16498,14,17,0.0069048,34524,0.0055489959517911105,0.002168486401659909,0.0013558040482088895,0,0.009326553189230764,0.00032401631393179885,0.0024217531892307643,0,0.007898439105582382,0.0003663953131626577,0.0009936391055823815,0
16498,14,18,0.0016682,8341,0.0011320642592487242,0.0011271402312910085,0.0005361357407512759,5,0.002781141665686443,8.733029617834862e-05,0.001112941665686443,0,0.0022744432896927864,7.514760925381129e-05,0.0006062432896927863,0
16498,14,19,8.84e-05,442,1.7120145347831056e-05,5.269469553427808e-05,7.127985465216893e-05,18,0.000175963931631424,2.5985649943170297e-05,8.756393163142401e-05,0,0.0002646755089685661,1.3269519687381842e-05,0.00017627550896856612,0
16498,14,20,8e-07,4,0.0,0.0,8e-07,20,9.840231272143505e-07,1.2246648140606911e-06,1.8402312721435057e-07,0,4.991031328880386e-06,1.0516751978345817e-06,4.191031328880386e-06,0
16498,15,1,3.38e-05,169,0.0,0.0,3.38e-05,20,0.0001811355472125939,7.632305269180562e-05,0.00014733554721259388,0,0.0001345770242462886,1.370757543388025e-05,0.0001007770242462886,0
16498,15,2,0.0034486,17243,0.003281422505888145,0.0015907532985504683,0.00016717749411185485,1,0.012329214794075978,0.0007163157518529436,0.008880614794075979,0,0.019086708360902392,0.0004544715690565562,0.015638108360902393,0
16498,15,3,0.208804,1044020,0.20947419345033474,0.01064072219964941,0.0006701934503347551,0,0.19648495991872186,0.0041705049294094125,0.012319040081278126,0,0.14997190478839997,0.0034966955199369158,0.058832095211600016,0
16498,15,4,0.231416,1157080,0.2311145473771031,0.010263670154734006,0.00030145262289690833,0,0.2234230110042419,0.002301823234149537,0.007992988995758121,0,0.1921914475741353,0.002868107991763555,0.0392245524258647,0
16498,15,5,0.2254308,1127154,0.22268233802748116,0.011983015651127523,0.002748461972518823,0,0.2049569632541342,0.002379799079887086,0.02047383674586578,0,0.20007593403302998,0.003559941981298095,0.02535486596697001,0
16498,15,6,0.1607516,803758,0.16225875754110256,0.011406214688657145,0.0015071575411025606,0,0.1602156572344624,0.002835920975777344,0.0005359427655375892,0,0.1802495395930517,0.003789393530793725,0.01949793959305171,0
16498,15,7,0.0911468,455734,0.0924900398282372,0.007618077375954905,0.0013432398282371971,0,0.10324242273495206,0.0020920442643073537,0.012095622734952058,0,0.1290516007238614,0.0030075884393739776,0.037904800723861404,0
16498,15,8,0.0446258,223129,0.04424366565459014,0.005413310243801528,0.0003821343454098597,0,0.055142947332002236,0.001027096511184824,0.010517147332002236,0,0.07248774766631104,0.0020203200980192177,0.02786194766631104,0
16498,15,9,0.020578,102890,0.0202118014800863,0.003868028651446578,0.0003661985199137005,0,0.025955857961477046,0.0005867831807116721,0.005377857961477047,0,0.03370558755757449,0.0009347443568236181,0.01312758755757449,0
16498,15,10,0.0087404,43702,0.0076806366172103915,0.0034290040934517744,0.001059763382789609,0,0.01126223097858813,0.0004051293514599963,0.00252183097858813,0,0.014301331985459331,0.000438610962431117,0.00556093198545933,0
16498,15,11,0.0034002,17001,0.0035955848336424326,0.0017404909214484483,0.0001953848336424327,1,0.004456441173927106,0.00017785852205077422,0.0010562411739271057,0,0.005726568275237847,0.00025399776881610567,0.002326368275237847,0
16498,15,12,0.0011634,5817,0.0008784854513417342,0.0008327016831904555,0.0002849145486582658,5,0.0016442183168453965,9.458184903730636e-05,0.00048081831684539653,0,0.0020760127765315946,9.259823825644483e-05,0.0009126127765315946,0
16498,15,13,0.0003488,1744,0.00018218058376836665,0.0003135502154367546,0.00016661941623163337,13,0.0005257404732833228,3.668899238311061e-05,0.0001769404732833228,0,0.0006955489253696606,4.172421226181444e-05,0.0003467489253696606,0
16498,15,14,9.24e-05,462,3.3103463742447625e-05,0.00012042549153772433,5.929653625755237e-05,18,0.00014197615920281256,1.0508405121815358e-05,4.957615920281257e-05,0,0.00019337813917831345,1.529667404455739e-05,0.00010097813917831345,0
16498,15,15,1.78e-05,89,0.0,0.0,1.78e-05,20,3.234391558579754e-05,3.6068883412709854e-06,1.454391558579754e-05,0,4.3355161731091634e-05,3.865454089989819e-06,2.5555161731091635e-05,0
16498,15,16,1.2e-06,6,0.0,0.0,1.2e-06,20,4.536710642587325e-06,1.0776094572500288e-06,3.3367106425873255e-06,0,7.886087603595804e-06,1.0447254330387337e-06,6.686087603595803e-06,0
16498,15,17,4e-07,2,0.0,0.0,4e-07,20,3.37096757079079e-07,1.877458987201615e-07,6.290324292092098e-08,0,8.269547322876774e-07,2.3681190836855507e-07,4.269547322876774e-07,0
16498,15,18,0,0,0.0,0.0,0.0,20,5.393887231007628e-09,4.7949995666774475e-09,5.393887231007628e-09,6,4.39750110800448e-08,2.923217671945693e-08,4.39750110800448e-08,0
16498,15,19,0,0,0.0,0.0,0.0,20,0.0,0.0,0.0,20,3.976323196074525e-10,3.5001895238180006e-10,3.976323196074525e-10,6
16498,15,20,0,0,0.0,0.0,0.0,20,0.0,0.0,0.0,20,0.0,0.0,0.0,20
16498,16,1,0.2669438,1334719,0.2616950264972209,0.013723634833878333,0.005248773502779136,0,0.3768069169151843,0.0076589910481245985,0.1098631169151843,0,0.19561886823495403,0.006509008210933579,0.07132493176504598,0
16498,16,2,0.7160514,3580257,0.7208135301115256,0.012757942662214224,0.004762130111525598,0,0.5489663331682417,0.008863847718599013,0.16708506683175828,0,0.3906059696347582,0.007832941818284497,0.3254454303652418,0
16498,16,3,0.0151222,75611,0.01439440592108782,0.0026000407063976588,0.000727794078912181,0,0.06838323379004978,0.004330515511036442,0.053261033790049775,0,0.40018401759579925,0.007877876329395753,0.38506181759579927,0
16498,16,4,0.0016378,8189,0.0015754069182432947,0.0011886753082891055,6.239308175670535e-05,1,0.005390020806728319,0.0005678697176294782,0.0037522208067283193,0,0.01231871008071254,0.0010069050118026892,0.01068091008071254,0
16498,16,5,0.0002218,1109,2.003580652066807e-05,8.96028507284947e-05,0.00020176419347933192,19,0.0004234478179859162,6.93888842758124e-05,0.00020164781798591623,0,0.0011386970733924984,9.233091780654496e-05,0.0009168970733924984,0
16498,16,6,2.08e-05,104,0.0,0.0,2.08e-05,20,2.8485962275121245e-05,4.653910627958487e-06,7.685962275121245e-06,0,0.00012316007404505102,1.6356451031134008e-05,0.00010236007404505102,0
16498,16,7,2e-06,10,0.0,0.0,2e-06,20,1.499977994836216e-06,4.299034615554697e-07,5.00022005163784e-07,0,1.0021250423492138e-05,1.3927328186060327e-06,8.021250423492139e-06,0
16498,16,8,2e-07,1,0.0,0.0,2e-07,20,5.9103671626126016e-08,2.3110208585000142e-08,1.4089632837387398e-07,0,5.363396720179709e-07,1.5747960893583555e-07,3.3633967201797095e-07,0
16498,16,9,0,0,0.0,0.0,0.0,20,2.445597742839572e-09,3.79957947099381e-09,2.445597742839572e-09,0,1.8995557152253505e-08,8.135626019155158e-09,1.8995557152253505e-08,0
16498,16,10,0,0,0.0,0.0,0.0,20,1.2270955258173716e-11,2.6807579401415908e-11,1.2270955258173716e-11,16,7.177350654391138e-10,1.1623776531836231e-09,7.177350654391138e-10,0
16498,16,11,0,0,0.0,0.0,0.0,20,0.0,0.0,0.0,20,2.9509407203136345e-12,6.46203574940212e-12,2.9509407203136345e-12,16
16498,16,12,0,0,0.0,0.0,0.0,20,0.0,0.0,0.0,20,0.0,0.0,0.0,20
16498,16,13,0,0,0.0,0.0,0.0,20,0.0,0.0,0.0,20,0.0,0.0,0.0,20
16498,16,14,0,0,0.0,0.0,0.0,20,0.0,0.0,0.0,20,0.0,0.0,0.0,20
16498,16,15,0,0,0.0,0.0,0.0,20,0.0,0.0,0.0,20,0.0,0.0,0.0,20
16498,16,16,0,0,0.0,0.0,0.0,20,0.0,0.0,0.0,20,0.0,0.0,0.0,20
16498,16,17,0,0,0.0,0.0,0.0,20,0.0,0.0,0.0,20,0.0,0.0,0.0,20
16498,16,18,0,0,0.0,0.0,0.0,20,0.0,0.0,0.0,20,0.0,0.0,0.0,20
16498,16,19,0,0,0.0,0.0,0.0,20,0.0,0.0,0.0,20,0.0,0.0,0.0,20
16498,16,20,0,0,0.0,0.0,0.0,20,0.0,0.0,0.0,20,0.0,0.0,0.0,20
16498,17,1,0.7325948,3662974,0.7366466272197706,0.01308810468194008,0.0040518272197705985,0,0.6204280126278352,0.008591813977187071,0.11216678737216479,0,0.40245397692688184,0.009754223009368457,0.33014082307311815,0
16498,17,2,0.2648642,1324321,0.25978575400356113,0.0131661332685503,0.005078445996438863,0,0.3645987612178131,0.0087181180418509,0.0997345612178131,0,0.38704036521714,0.008751333336688455,0.12217616521714003,0
16498,17,3,0.0023964,11982,0.0019649770673625055,0.0017907088506360534,0.00043142293263749446,1,0.014305948851621023,0.0012308941001962861,0.011909548851621023,0,0.2082589286017408,0.006579568561882817,0.2058625286017408,0
16498,17,4,0.0001358,679,9.29481950267833e-05,0.0002327942828753127,4.285180497321669e-05,17,0.0006400345518829028,0.00010758985284768336,0.0005042345518829028,0,0.002140917733977239,0.00024893884836304456,0.0020051177339772386,0
16498,17,5,8.6e-06,43,0.0,0.0,8.6e-06,20,2.6446722702235052e-05,7.959759697557237e-06,1.784672270223505e-05,0,9.982474156592771e-05,1.3107101378947968e-05,9.12247415659277e-05,0
16498,17,6,2e-07,1,0.0,0.0,2e-07,20,7.810174025961086e-07,3.0202540628727336e-07,5.810174025961086e-07,0,5.763609077901903e-06,1.2856603814500485e-06,5.563609077901903e-06,0
16498,17,7,0,0,0.0,0.0,0.0,20,1.4879605601084541e-08,9.34557632639962e-09,1.4879605601084541e-08,0,2.186868464599607e-07,7.113542324582881e-08,2.186868464599607e-07,0
16498,17,8,0,0,0.0,0.0,0.0,20,1.2943709023767704e-10,2.0078290334384557e-10,1.2943709023767704e-10,5,4.447303268285969e-09,2.8119959208012144e-09,4.447303268285969e-09,0
16498,17,9,0,0,0.0,0.0,0.0,20,1.7005721966048686e-12,7.605190064509246e-12,1.7005721966048686e-12,19,3.505906404752883e-11,5.524150619056199e-11,3.505906404752883e-11,5
16498,17,10,0,0,0.0,0.0,0.0,20,0.0,0.0,0.0,20,4.0779721274584747e-13,1.823724577469317e-12,4.0779721274584747e-13,19
16498,17,11,0,0,0.0,0.0,0.0,20,0.0,0.0,0.0,20,0.0,0.0,0.0,20
16498,17,12,0,0,0.0,0.0,0.0,20,0.0,0.0,0.0,20,0.0,0.0,0.0,20
16498,17,13,0,0,0.0,0.0,0.0,20,0.0,0.0,0.0,20,0.0,0.0,0.0,20
16498,17,14,0,0,0.0,0.0,0.0,20,0.0,0.0,0.0,20,0.0,0.0,0.0,20
16498,17,15,0,0,0.0,0.0,0.0,20,0.0,0.0,0.0,20,0.0,0.0,0.0,20
16498,17,16,0,0,0.0,0.0,0.0,20,0.0,0.0,0.0,20,0.0,0.0,0.0,20
16498,17,17,0,0,0.0,0.0,0.0,20,0.0,0.0,0.0,20,0.0,0.0,0.0,20
16498,17,18,0,0,0.0,0.0,0.0,20,0.0,0.0,0.0,20,0.0,0.0,0.0,20
16498,17,19,0,0,0.0,0.0,0.0,20,0.0,0.0,0.0,20,0.0,0.0,0.0,20
16498,17,20,0,0,0.0,0.0,0.0,20,0.0,0.0,0.0,20,0.0,0.0,0.0,20
16498,18,1,0,0,0.0,0.0,0.0,20,0.0,0.0,0.0,20,7.48905827098999e-11,1.9132038752201643e-10,7.48905827098999e-11,17
16498,18,2,0,0,0.0,0.0,0.0,20,4.953007476827548e-09,1.2592360858871029e-08,4.953007476827548e-09,17,2.2464560464356752e-06,3.8433380631812354e-07,2.2464560464356752e-06,0
16498,18,3,2.86e-05,143,5.165735069799132e-05,0.00023101869539650963,2.305735069799132e-05,19,3.379490626224976e-05,4.703553611707704e-06,5.194906262249762e-06,0,3.320219490335277e-05,3.315255193730255e-06,4.602194903352773e-06,0
16498,18,4,0.0002168,1084,0.00015054401220319626,0.000534055520382222,6.625598779680375e-05,17,0.00024705980522881987,2.0451297956270792e-05,3.0259805228819857e-05,0,0.00022164193498646858,1.2909362666027012e-05,4.841934986468568e-06,0
16498,18,5,0.0009596,4798,0.0007002509981397585,0.0010791285428720552,0.00025934900186024153,11,0.0010996764467235262,4.579668957682499e-05,0.00014007644672352616,0,0.0011035429473843104,4.169334073282271e-05,0.00014394294738431042,0
16498,18,6,0.0034864,17432,0.0029976678156059043,0.0014094196065448416,0.0004887321843940959,1,0.003937145001326471,0.0001291504215273656,0.0004507450013264704,0,0.004218993403701255,0.0001657053339233252,0.0007325934037012544,0
16498,18,7,0.0101834,50917,0.010618992434124026,0.0027190945423772018,0.0004355924341240252,0,0.010828183519312367,0.0003934332094386545,0.0006447835193123669,0,0.01188600217509044,0.0003766313264572765,0.0017026021750904397,0
16498,18,8,0.0214972,107486,0.020627568843736975,0.003187875774449493,0.000869631156263026,0,0.02281979095459031,0.0006250915398651099,0.001322590954590308,0,0.024579150522520604,0.0007622559545581737,0.003081950522520603,0
16498,18,9,0.0360486,180243,0.03619524984519696,0.004565139373816585,0.00014664984519695973,0,0.03820988245728207,0.0008360199385086176,0.002161282457282067,0,0.04082684864715617,0.0009085359485855012,0.004778248647156168,0
16498,18,10,0.0531102,265551,0.05327619849007433,0.0062376315499079165,0.00016599849007432887,0,0.05539747536299407,0.0007298414670686283,0.0022872753629940637,0,0.059648476761007055,0.001073435658764887,0.006538276761007052,0
16498,18,11,0.0714014,357007,0.06977503682913311,0.008112270470372931,0.0016263631708668957,0,0.07311545810183066,0.0011395522532776905,0.0017140581018306594,0,0.07882653656803282,0.00174741673039943,0.007425136568032814,0
16498,18,12,0.090723,453615,0.09247921621811978,0.007993353641101007,0.0017562162181197771,0,0.08990341032688501,0.0014289792437094607,0.0008195896731149899,0,0.0970371829292773,0.0018776101440530172,0.0063141829292772955,0
16498,18,13,0.1093032,546516,0.10950813333951108,0.010069230124035143,0.0002049333395110764,0,0.10514220792084046,0.001588067489502342,0.004160992079159542,0,0.11221970595956106,0.0026063614369621108,0.0029165059595610554,0
16498,18,14,0.1245776,622888,0.12316843311109671,0.009620768978169878,0.0014091668889032877,0,0.1178328848832656,0.0015896281249525072,0.006744715116734398,0,0.12310675803918118,0.0024606655641548998,0.001470841960818814,0
16498,18,15,0.1347478,673739,0.1382075427973023,0.008270699505201888,0.0034597427973022954,0,0.12651150412356424,0.0015109908539221372,0.008236295876435762,0,0.12976155520479657,0.0025852761468258753,0.004986244795203432,0
16498,18,16,0.1366206,683103,0.13526808321917855,0.00983441533908173,0.001352516780821461,0,0.12883532502311876,0.0016357299350718646,0.007785274976881251,0,0.12654741690318255,0.002465255026404644,0.010073183096817456,0
16498,18,17,0.1191438,595719,0.11988674853076957,0.010277579728559624,0.0007429485307695743,0,0.1190516938324296,0.0016139015001787403,9.210616757039658e-05,0,0.10778182051842841,0.0025719737419518792,0.011361979481571582,0
16498,18,18,0.0751694,375847,0.07096030060540945,0.008235239208577688,0.004209099394590549,0,0.08477539082604969,0.0014028434258004647,0.009605990826049696,0,0.06712369275546543,0.001052645043039588,0.008045707244534572,0
16498,18,19,0.0124198,62099,0.013470682514729205,0.0033133517325018825,0.001050882514729205,0,0.021277430476241834,0.0009421949311177819,0.008857630476241834,0,0.01434509068997276,0.0006010888586369273,0.0019252906899727609,0
16498,18,20,0.0003626,1813,0.00026287170519749314,0.0005368237297856657,9.972829480250683e-05,14,0.0009816810790468306,0.00014623065273120905,0.0006190810790468306,0,0.0007301353144152426,7.270331827968826e-05,0.0003675353144152426,0
16498,20,1,0,0,0.0,0.0,0.0,20,0.0,0.0,0.0,20,0.0,0.0,0.0,20
16498,20,2,0,0,0.0,0.0,0.0,20,0.0,0.0,0.0,20,1.6788792583784178e-09,1.4574947325747217e-09,1.6788792583784178e-09,6
16498,20,3,0,0,0.0,0.0,0.0,20,3.179827772487428e-08,3.066028952686676e-08,3.179827772487428e-08,7,7.224402371012493e-08,3.524217039006718e-08,7.224402371012493e-08,0
16498,20,4,8e-07,4,0.0,0.0,8e-07,20,7.677841141159949e-07,3.1353856634151466e-07,3.22158858840051e-08,0,1.1793859686589133e-06,2.0348563473473263e-07,3.7938596865891333e-07,0
16498,20,5,8e-06,40,0.0,0.0,8e-06,20,8.464462253959364e-06,1.2130432210959543e-06,4.644622539593645e-07,0,1.4447474906985547e-05,1.2083067214750852e-06,6.447474906985547e-06,0
16498,20,6,5.42e-05,271,0.0,0.0,5.42e-05,20,7.137146805261967e-05,4.786371192084078e-06,1.7171468052619668e-05,0,0.00011314340710051629,8.932867049881466e-06,5.894340710051628e-05,0
16498,20,7,0.0003104,1552,0.00016269063133586532,0.00038439412206596663,0.0001477093686641347,15,0.00039155814604216173,2.7026418229619196e-05,8.115814604216172e-05,0,0.0005640248266253359,3.1221374233999026e-05,0.00025362482662533587,0
16498,20,8,0.0012134,6067,0.0011165960957292991,0.001218152180325463,9.680390427070076e-05,4,0.0014448022779281196,6.81771244491271e-05,0.00023140227792811966,0,0.0018524688586280698,0.00010164113088638151,0.0006390688586280699,0
16498,20,9,0.0033128,16564,0.003364907524808884,0.002007004617931859,5.2107524808884306e-05,0,0.00378961991344172,0.00015332650022516068,0.0004768199134417201,0,0.004672308344487175,0.0001731064388391093,0.001359508344487175,0
16498,20,10,0.0071636,35818,0.006831394135660041,0.0030400464521765863,0.00033220586433995933,0,0.008132803845950132,0.00022401701548280053,0.0009692038459501321,0,0.009910858561436241,0.0002462288238355344,0.002747258561436241,0
16498,20,11,0.0133044,66522,0.014122250727123836,0.002941301208217717,0.000817850727123837,0,0.015291235288561586,0.0003261126617535449,0.001986835288561587,0,0.018478416351837675,0.0006259812173571642,0.005174016351837675,0
16498,20,12,0.0227386,113693,0.02344081984306121,0.004398093678780036,0.0007022198430612081,0,0.026162861133584257,0.0006568698482451518,0.003424261133584256,0,0.03152924182447104,0.0008868333284297171,0.008790641824471038,0
16498,20,13,0.0360454,180227,0.03427154401823389,0.005322615097128551,0.0017738559817661106,0,0.04206790687681886,0.0008817502930039303,0.006022506876818864,0,0.049950905951625324,0.0013764910430967756,0.013905505951625326,0
16498,20,14,0.0550796,275398,0.05485227592881259,0.007777393393051909,0.0002273240711874111,0,0.0646370125898921,0.0011285585588228883,0.009557412589892102,0,0.07591228071018742,0.0018586732213345587,0.020832680710187422,0
16498,20,15,0.0834492,417246,0.08462073664805474,0.007636304125705299,0.0011715366480547357,0,0.09667719328627619,0.0015016689632809613,0.01322799328627619,0,0.11276643613773578,0.0027103048063612145,0.029317236137735778,0
16498,20,16,0.1274722,637361,0.12872122046414464,0.00929705031614736,0.001249020464144629,0,0.14242274000384167,0.0020932600865100773,0.014950540003841661,0,0.16040234914361684,0.0029974709550328977,0.03293014914361683,0
16498,20,17,0.204691,1023455,0.20136651578007286,0.01139529069673439,0.0033244842199271485,0,0.20256394519922102,0.0022871710361534034,0.002127054800778988,0,0.21415153566982612,0.00455723077936625,0.009460535669826103,0
16498,20,18,0.3547484,1773742,0.35798000503942506,0.010578634125764532,0.003231605039425045,0,0.2465733188109922,0.0031565506820625806,0.10817508118900782,0,0.23216138297838876,0.0034839890064133124,0.12258701702161126,0
16498,20,19,0.0858802,429401,0.08313046107979266,0.007937181034759962,0.0027497389202073425,0,0.13405283105948423,0.0030149290615937964,0.04817263105948423,0,0.08024994066957354,0.0026274824209835726,0.0056302593304264625,0
16498,20,20,0.0045278,22639,0.003932857087393648,0.0019594393987921966,0.0005949429126063518,0,0.015711536055267213,0.001014205430986254,0.011183736055267212,0,0.007269005780681459,0.000473433467419406,0.0027412057806814587,0
16498,24,1,0,0,0.0,0.0,0.0,20,0.0,0.0,0.0,20,0.0,0.0,0.0,20
16498,24,2,0,0,0.0,0.0,0.0,20,0.0,0.0,0.0,20,7.454933096788721e-07,1.8715831983490183e-07,7.454933096788721e-07,0
16498,24,3,7.6e-06,38,2.979752557266152e-05,0.000133258585483519,2.219752557266152e-05,19,1.1748678785640848e-05,2.576215414205159e-06,4.1486787856408475e-06,0,1.3464939699036539e-05,1.8768230080869772e-06,5.864939699036539e-06,0
16498,24,4,8.1e-05,405,7.528783943134425e-06,3.366974536951497e-05,7.347121605686558e-05,19,0.00011360676193164544,1.2830809979212626e-05,3.260676193164544e-05,0,0.00011279751266912437,8.198682635548711e-06,3.1797512669124364e-05,0
16498,24,5,0.0004738,2369,0.00017078153783009077,0.00029770623300942183,0.0003030184621699093,12,0.0006325844530567067,3.499733049807471e-05,0.00015878445305670666,0,0.0006890213197029186,3.024979811494363e-05,0.00021522131970291858,0
16498,24,6,0.0022758,11379,0.001583531514078763,0.0011515263898210612,0.0006922684859212371,2,0.0027178988999743926,0.00010433623578472663,0.00044209889997439246,0,0.0030851321494910237,0.00013804815005469967,0.0008093321494910236,0
16498,24,7,0.0080768,40384,0.008418747209897775,0.003037212430476061,0.00034194720989777494,0,0.008597313078775343,0.00034297605668406065,0.0005205130787753424,0,0.009751338784195339,0.0003404485338614913,0.0016745387841953386,0
16498,24,8,0.0186996,93498,0.018710633311737203,0.004434115622893166,1.1033311737202595e-05,0,0.02002143378358175,0.0005900543072972502,0.0013218337835817495,0,0.021929921675346447,0.0007439376093594614,0.0032303216753464467,0
16498,24,9,0.0337004,168502,0.03319125323448806,0.004287100224234256,0.0005091467655119405,0,0.03599027787244592,0.0008680814857466843,0.0022898778724459237,0,0.03876416997035935,0.0009288694975864014,0.005063769970359351,0
16498,24,10,0.0523144,261572,0.05195713778016418,0.003735724677718612,0.00035726221983582024,0,0.05472969030062016,0.0007932468323238427,0.002415290300620161,0,0.05928529113842991,0.001108872461455577,0.006970891138429913,0
16498,24,11,0.0733762,366881,0.0730907025112847,0.006806803675289652,0.0002854974887153,0,0.07473994341570961,0.0012023845814871123,0.0013637434157096062,0,0.08078210538561861,0.0018367705214018127,0.007405905385618611,0
16498,24,12,0.0951522,475761,0.09368115473902734,0.007056100501919879,0.0014710452609726643,0,0.09387123410596401,0.001490929529783888,0.001280965894035993,0,0.10141569824978906,0.0019884255954652173,0.006263498249789057,0
16498,24,13,0.114736,573680,0.1163466104383847,0.01179554771227882,0.001610610438384702,0,0.111056570949515,0.0016861513112554705,0.003679429050485003,0,0.11832659471261646,0.0027372092807146707,0.0035905947126164545,0
16498,24,14,0.1293538,646769,0.1287656331726034,0.008625599420856781,0.0005881668273965968,0,0.12463832803443009,0.001699572549575441,0.004715471965569901,0,0.1296047297825281,0.002555042900466944,0.0002509297825281087,0
16498,24,15,0.1377086,688543,0.1359073412515272,0.010783316167793232,0.0018012587484727838,0,0.1324989139024177,0.0015664046684536984,0.0052096860975822945,0,0.1348132924536797,0.0026707404095118676,0.0028953075463202804,0
16498,24,16,0.1364184,682092,0.13878702544512586,0.0077518467236945224,0.002368625445125866,0,0.13172922313611304,0.0017129309676119887,0.004689176863886951,0,0.12767150602538813,0.0025331568480294843,0.008746893974611869,0
16498,24,17,0.117237,586185,0.11921918704513176,0.008197444876520531,0.0019821870451317697,0,0.11613971096454082,0.001662934188823098,0.0010972890354591786,0,0.10311473591461615,0.002563997055660806,0.014122264085383848,0
16498,24,18,0.0709462,354731,0.06915809096706606,0.007550493839312353,0.0017881090329339433,0,0.07594333162852349,0.0013450868185528417,0.004997131628523485,0,0.05868833710648293,0.000959523787902101,0.012257862893517074,0
16498,24,19,0.0093166,46583,0.008479750082715228,0.002367846617404554,0.0008368499172847713,0,0.016016407682877633,0.0008467337560349161,0.006699807682877633,0,0.011443477443404874,0.0004993837661701238,0.0021268774434048746,0
16498,24,20,0.0001256,628,6.385280705138447e-05,0.00028555843424214717,6.174719294861552e-05,19,0.0005517823507369351,0.00011039333591729749,0.00042618235073693504,0,0.0005076399426730193,5.628147849263091e-05,0.0003820399426730193,0
16498,67,1,0,0,0.0,0.0,0.0,20,0.0,0.0,0.0,20,0.0,0.0,0.0,20
16498,67,2,0,0,0.0,0.0,0.0,20,0.0,0.0,0.0,20,8.608645559009667e-07,1.8744179497466603e-07,8.608645559009667e-07,0
16498,67,3,1.48e-05,74,0.0,0.0,1.48e-05,20,1.3393655500609774e-05,2.5620239166396993e-06,1.4063444993902265e-06,0,1.4256741574641101e-05,1.714099330568292e-06,5.432584253588995e-07,0
16498,67,4,0.0001014,507,6.0354889818847625e-05,0.0001862668749079991,4.1045110181152373e-05,17,0.00011510171560031156,1.1875008036118551e-05,1.3701715600311561e-05,0,0.00011040944637676214,7.638580545309124e-06,9.00944637676214e-06,0
16498,67,5,0.0004858,2429,0.00036434568445782155,0.0005824994432268686,0.00012145431554217844,12,0.0005954247496096006,3.070505525033658e-05,0.00010962474960960064,0,0.0006357078619992162,2.6834179328301125e-05,0.00014990786199921616,0
16498,67,6,0.0019794,9897,0.0013336096381787103,0.0011311321991097525,0.0006457903618212898,5,0.002442573877104093,8.49326049577365e-05,0.0004631738771040928,0,0.0027560573524961092,0.00012316864917869504,0.0007766573524961092,0
16498,67,7,0.0067352,33676,0.006221595611634984,0.001668879096327124,0.0005136043883650163,0,0.007571983976736392,0.0003053108283257458,0.0008367839767363921,0,0.008600410921558183,0.0003010544206963893,0.001865210921558183,0
16498,67,8,0.016722,83610,0.016376961740521605,0.005539440293779597,0.000345038259478396,0,0.01758708492598338,0.0005395304118491063,0.0008650849259833789,0,0.01933005923827653,0.0006604950815805317,0.00260805923827653,0
16498,67,9,0.0303234,151617,0.031118528259019656,0.004745396090677109,0.0007951282590196555,0,0.03181683251953643,0.0007794268199120825,0.0014934325195364306,0,0.03449936128600678,0.0008418896414275314,0.00417596128600678,0
16498,67,10,0.047233,236165,0.04766510032917475,0.004434494591542937,0.00043210032917475466,0,0.049128218884685174,0.00074155265656355,0.0018952188846851764,0,0.0535628240647947,0.0010116033587610348,0.006329824064794702,0
16498,67,11,0.0664044,332022,0.0662744926797357,0.008469594918270387,0.00012990732026429974,0,0.06841556136961692,0.0010931214172733995,0.002011161369616918,0,0.07445058760831628,0.0017445554894274557,0.008046187608316283,0
16498,67,12,0.0873958,436979,0.08774132446742765,0.009145282042329192,0.00034552446742765197,0,0.08788947232573924,0.0014683129344545513,0.0004936723257392417,0,0.09571246438596624,0.0019253229202666592,0.008316664385966246,0
16498,67,13,0.1082202,541101,0.10647288787523594,0.009543735624173322,0.001747312124764061,0,0.10672897671476338,0.0016375577832123227,0.0014912232852366258,0,0.11458057404284423,0.0026826452973904343,0.00636037404284423,0
16498,67,14,0.1277862,638931,0.1280100177889959,0.007773107766062369,0.00022381778899591143,0,0.12315728992970469,0.0016741069203049235,0.004628910070295297,0,0.12924712273797276,0.0025849218751562075,0.0014609227379727696,0
16498,67,15,0.1451848,725924,0.14526149774032673,0.00938612334919338,7.669774032673105e-05,0,0.13507965408418257,0.0015922685414067768,0.010105145915817432,0,0.1386998972781761,0.0027529560668966635,0.006484902721823893,0
16498,67,16,0.1511774,755887,0.15139274467021613,0.009408123994025058,0.0002153446702161388,0,0.13885017226498184,0.0017511154822340421,0.012327227735018154,0,0.13572182202797756,0.0026397060662411397,0.015455577972022433,0
16498,67,17,0.1292744,646372,0.12912475963511535,0.010026064231620996,0.0001496403648846567,0,0.12678198096821391,0.0017456406907121764,0.0024924190317860972,0,0.1130885586560109,0.0027334766443255004,0.016185841343989107,0
16498,67,18,0.0731068,365534,0.07219902974032458,0.008334639224096543,0.0009077702596754222,0,0.08531220534114323,0.0015021891064111994,0.012205405341143227,0,0.0656676093736643,0.0010682396741718322,0.007439190626335704,0
16498,67,19,0.0076836,38418,0.008076954270847422,0.0035853545145378986,0.000393354270847422,0,0.017951935621043108,0.0009652375379605233,0.01026833562104311,0,0.012766637459418417,0.0005654703944918743,0.005083037459418418,0
16498,67,20,0.0001714,857,0.00016692825489522336,0.0003285133774649905,4.47174510477663e-06,15,0.000562137075855376,0.00012602198138061412,0.000390737075855376,0,0.0005547786520146171,6.297392036287788e-05,0.00038337865201461713,0
16498,74,1,6.6e-06,33,0.0,0.0,6.6e-06,20,2.6701143500923876e-05,1.236574230787228e-05,2.0101143500923874e-05,0,2.882406227728747e-05,3.7720976024570745e-06,2.222406227728747e-05,0
16498,74,2,0.0005718,2859,0.0003752221763608589,0.0004989512883871224,0.00019657782363914113,11,0.0026398627130420063,0.0001990774382329387,0.0020680627130420064,0,0.00750997050623275,0.00023970120034512391,0.00693817050623275,0
16498,74,3,0.0613184,306592,0.05804937179809054,0.007192573681214579,0.0032690282019094616,0,0.08534627903768119,0.0023108777310368537,0.024027879037681187,0,0.06284469470757756,0.0018536817037257001,0.0015262947075775565,0
16498,74,4,0.1164498,582249,0.11864854396890416,0.009085267380717589,0.0021987439689041544,0,0.14105969429298434,0.0022488935954659665,0.02460989429298434,0,0.1135705527061954,0.002221242985927692,0.002879247293804607,0
16498,74,5,0.1775966,887983,0.1753065087067618,0.010637930954143655,0.0022900912932382056,0,0.17838923078039232,0.0015265876734198872,0.0007926307803923227,0,0.16063847990725003,0.0026451987007847498,0.016958120092749968,0
16498,74,6,0.2283318,1141659,0.22677882067101263,0.01315525062633737,0.001552979328987375,0,0.18898311850776586,0.0028385272618935424,0.03934868149223414,0,0.19212791009229424,0.003360650973108215,0.03620388990770576,0
16498,74,7,0.1770584,885292,0.18056715540712634,0.014325107066111252,0.003508755407126335,0,0.16207123410586063,0.0025262060010526203,0.01498716589413937,0,0.18050117805986401,0.003552574454440192,0.00344277805986401,0
16498,74,8,0.1099082,549541,0.1106061225904225,0.009730747229041797,0.0006979225904225062,0,0.11236539884691113,0.001550894356104485,0.0024571988469111322,0,0.13159284864995496,0.0027849340079543045,0.021684648649954966,0
16498,74,9,0.0636848,318424,0.06396300169965842,0.008241132159427041,0.00027820169965842023,0,0.06657144621416104,0.0011726147499166461,0.0028866462141610427,0,0.07780044118169567,0.0016569431903840073,0.01411564118169567,0
16498,74,10,0.0347398,173699,0.03450480687000752,0.004377399336903646,0.0002349931299924779,0,0.03524549557491642,0.0010029976288206718,0.0005056955749164205,0,0.040939652811849,0.001071924993614484,0.0061998528118489965,0
16498,74,11,0.0176138,88069,0.017083605433965518,0.003706253202545673,0.0005301945660344809,0,0.016673477432982524,0.0005262044344885813,0.000940322567017475,0,0.019673454170249575,0.0007268811196927398,0.002059654170249576,0
16498,74,12,0.0080614,40307,0.00846617380388699,0.002976409368354706,0.0004047738038869906,0,0.007110061634960442,0.00033335137676773676,0.000951338365039558,0,0.008367585076218502,0.0003023058218619001,0.0003061850762185025,0
16498,74,13,0.003245,16225,0.0031607873889035543,0.0015965073132266732,8.421261109644576e-05,1,0.0025757903781503983,0.00014805652183512018,0.0006692096218496018,0,0.0031667018941120145,0.00016220045014389063,7.829810588798553e-05,0
16498,74,14,0.0011006,5503,0.0004695947917177168,0.0006577935563921113,0.0006310052082822832,11,0.0007526437263677792,4.9212805947350804e-05,0.0003479562736322208,0,0.0009669470217433702,6.714619591406798e-05,0.00013365297825662973,0
16498,74,15,0.0002736,1368,0.0003188816121686518,0.00041962381066385304,4.5281612168651805e-05,11,0.00016790808913013739,1.8557006590602842e-05,0.0001056919108698626,0,0.0002271429030397168,1.916511490427057e-05,4.645709696028319e-05,0
16498,74,16,3.8e-05,190,4.090565850061241e-05,0.00018293566614352295,2.9056585006124097e-06,19,2.048946056788021e-05,6.291116951043847e-06,1.7510539432119792e-05,0,3.9837872421388785e-05,5.39653784410243e-06,1.8378724213887826e-06,0
16498,74,17,1.4e-06,7,0.0,0.0,1.4e-06,20,1.1680606249792266e-06,1.041228647826551e-06,2.3193937502077333e-07,0,3.624513676011966e-06,1.2904498473157409e-06,2.2245136760119657e-06,0
16498,74,18,0,0,0.0,0.0,0.0,20,0.0,0.0,0.0,20,1.538633486351997e-07,1.5616089780225512e-07,1.538633486351997e-07,0
16498,74,19,0,0,0.0,0.0,0.0,20,0.0,0.0,0.0,20,0.0,0.0,0.0,20
16498,74,20,0,0,0.0,0.0,0.0,20,0.0,0.0,0.0,20,0.0,0.0,0.0,20
16498,79,1,0,0,0.0,0.0,0.0,20,0.0,0.0,0.0,20,0.0,0.0,0.0,20
16498,79,2,0,0,0.0,0.0,0.0,20,0.0,0.0,0.0,20,1.0689824095898809e-08,6.68409948971892e-09,1.0689824095898809e-08,0
16498,79,3,1e-06,5,0.0,0.0,1e-06,20,1.8564264230347824e-07,1.237132613837544e-07,8.143573576965217e-07,0,3.531033743118918e-07,1.1030994242478185e-07,6.468966256881082e-07,0
16498,79,4,5.2e-06,26,0.0,0.0,5.2e-06,20,3.578414102735787e-06,9.234882223233637e-07,1.6215858972642131e-06,0,4.738995184728631e-06,5.865833809076372e-07,4.6100481527136957e-07,0
16498,79,5,3.32e-05,166,0.0,0.0,3.32e-05,20,3.239182786312655e-05,3.2286868331310712e-06,8.081721368734501e-07,0,4.7657956115026e-05,3.343498397591341e-06,1.4457956115026e-05,0
16498,79,6,0.000212,1060,0.0,0.0,0.000212,20,0.00022495702176329513,1.3899835636749992e-05,1.2957021763295123e-05,0,0.0003211495289333633,2.1299647322693715e-05,0.00010914952893336332,0
16498,79,7,0.0009396,4698,0.0003687805341328342,0.0004639061234773027,0.0005708194658671658,10,0.0010618121878226668,6.116055385383094e-05,0.00012221218782266683,0,0.0014169051747990051,6.798677476204377e-05,0.00047730517479900516,0
16498,79,8,0.002983,14915,0.0024078884305677897,0.001304497202143487,0.0005751115694322103,1,0.003448029400756565,0.00013217026614758003,0.00046502940075656514,0,0.004206591235501993,0.00020515125941863288,0.001223591235501993,0
16498,79,9,0.007298,36490,0.007924481235627005,0.0024923227453354487,0.0006264812356270048,0,0.008170473192917218,0.00029386969399738787,0.0008724731929172181,0,0.009596672926681763,0.00031629685191751427,0.0022986729266817633,0
16498,79,10,0.0145014,72507,0.013025868886260842,0.0038402602944259522,0.0014755311137391574,0,0.01586428271762613,0.0003769681469440158,0.0013628827176261297,0,0.018564504591710617,0.00042670058391270916,0.004063104591710618,0
16498,79,11,0.025158,125790,0.0251087746541755,0.004910847413716947,4.9225345824500943e-05,0,0.027185182667939324,0.0005474603147071498,0.0020271826679393243,0,0.03158739968982602,0.0009471652784944908,0.006429399689826018,0
16498,79,12,0.039803,199015,0.04038024375616082,0.0031840238764750135,0.0005772437561608196,0,0.04244101379116573,0.0009108943528387352,0.0026380137911657317,0,0.04925197050796114,0.0012443237349112173,0.00944897050796114,0
16498,79,13,0.0581118,290559,0.05905604555244822,0.007037489873872102,0.0009442455524482224,0,0.06231993601676702,0.0011570257872458927,0.0042081360167670195,0,0.0712700569870884,0.001830533997633589,0.013158256987088397,0
16498,79,14,0.0821276,410638,0.081759931110893,0.007191222460570964,0.0003676688891069979,0,0.08722453594007368,0.0013611645175296827,0.0050969359400736824,0,0.09823330180461601,0.0022141563322164498,0.016105701804616013,0
16498,79,15,0.1141422,570711,0.1167318273295378,0.010837613331961173,0.002589627329537797,0,0.11783856944208963,0.0015986559534432287,0.0036963694420896337,0,0.13134236727750115,0.002901128031766387,0.01720016727750115,0
16498,79,16,0.1588496,794248,0.15602316844678196,0.010902742373239117,0.002826431553218045,0,0.15470768277547023,0.0019348355871005756,0.004141917224529779,0,0.16578017828753344,0.0030641693738756005,0.006930578287533434,0
16498,79,17,0.2204016,1102008,0.21903364274995382,0.014722320195165214,0.0013679572500461812,0,0.1918266034699555,0.0021170022486249837,0.0285749965300445,0,0.1914015644426132,0.0040349166335047655,0.02900003555738681,0
16498,79,18,0.2217166,1108583,0.22134430191499305,0.010540843168320086,0.0003722980850069668,0,0.1966625817029432,0.0026164221506710353,0.025054018297056807,0,0.17264605059519372,0.0025878289890590074,0.04907054940480629,0
16498,79,19,0.051742,258710,0.05316943948270786,0.0057313944261256425,0.0014274394827078554,0,0.08363154896435167,0.00227254319033251,0.031889548964351665,0,0.0505460599186995,0.001824567722503482,0.0011959400813005006,0
16498,79,20,0.0019742,9871,0.0014484098723099312,0.0011414993669943256,0.000525790127690069,4,0.007356634823750154,0.0006036773481201594,0.005382434823750153,0,0.0037824662868427388,0.00028358187597284204,0.0018082662868427386,0
16498,110,1,0,0,0.0,0.0,0.0,20,0.0,0.0,0.0,20,0.0,0.0,0.0,20
16498,110,2,0,0,0.0,0.0,0.0,20,0.0,0.0,0.0,20,0.0,0.0,0.0,20
16498,110,3,0,0,0.0,0.0,0.0,20,0.0,0.0,0.0,20,0.0,0.0,0.0,20
16498,110,4,0,0,0.0,0.0,0.0,20,0.0,0.0,0.0,20,0.0,0.0,0.0,20
16498,110,5,0,0,0.0,0.0,0.0,20,0.0,0.0,0.0,20,8.861682331936654e-10,6.306514972202887e-10,8.861682331936654e-10,0
16498,110,6,0,0,0.0,0.0,0.0,20,5.103755674448257e-09,3.793557097910197e-09,5.103755674448257e-09,0,2.8092140011538358e-08,6.899840882278094e-09,2.8092140011538358e-08,0
16498,110,7,4e-07,2,0.0,0.0,4e-07,20,1.1835147577320317e-07,2.6336252916978793e-08,2.816485242267968e-07,0,3.563779790744127e-07,5.155296831879575e-08,4.36220209255873e-08,0
16498,110,8,1e-06,5,0.0,0.0,1e-06,20,1.1411794061420625e-06,1.3471901509369024e-07,1.4117940614206253e-07,0,2.4586916267798613e-06,3.224658283950529e-07,1.4586916267798613e-06,0
16498,110,9,1e-05,50,0.0,0.0,1e-05,20,6.3714712308573675e-06,6.553558488432362e-07,3.6285287691426333e-06,0,1.2157311363257167e-05,1.0036896550163622e-06,2.1573113632571663e-06,0
16498,110,10,3.56e-05,178,1.7576861627433013e-05,5.4100438582027514e-05,1.8023138372566985e-05,18,2.6750883303056864e-05,1.8604039347161565e-06,8.849116696943134e-06,0,4.724600935964534e-05,2.2882102175313633e-06,1.1646009359645339e-05,0
16498,110,11,0.000107,535,1.5275758370999085e-05,6.831526825083082e-05,9.172424162900091e-05,19,9.249501939889388e-05,3.692442238305256e-06,1.4504980601106116e-05,0,0.00015605738625198217,1.0573125200233993e-05,4.905738625198217e-05,0
16498,110,12,0.0002822,1411,9.795772719798134e-05,0.00024080401193500426,0.00018424227280201865,17,0.0002804510766983589,1.5454754478697977e-05,1.7489233016410727e-06,0,0.0004611677216433816,2.5550634037391035e-05,0.00017896772164338164,0
16498,110,13,0.0007564,3782,0.000550515496216986,0.0004971569327949214,0.00020588450378301393,6,0.0007869966140476462,3.6598467825548236e-05,3.05966140476462e-05,0,0.001261953756609749,5.972789044521144e-05,0.000505553756609749,0
16498,110,14,0.001864,9320,0.001311040294806253,0.0011133277078445854,0.0005529597051937469,4,0.0021196239050435255,9.005671731148276e-05,0.00025562390504352554,0,0.003422749191807369,0.00014421090129119272,0.0015587491918073691,0
16498,110,15,0.0045548,22774,0.004706447307024128,0.0015076906057392937,0.0001516473070241279,0,0.00582348903063515,0.00021069663973836302,0.0012686890306351497,0,0.009582874072200931,0.0004387416121510344,0.0050280740722009306,0
16498,110,16,0.0115488,57744,0.011684321946879942,0.0027343764483972045,0.00013552194687994207,0,0.017148950484981794,0.0007156207942454307,0.005600150484981794,0,0.02787032600229868,0.0008926765979864403,0.016321526002298678,0
16498,110,17,0.0324462,162231,0.031603446780756314,0.0047969522078314866,0.0008427532192436873,0,0.05470876593935159,0.0016311393483126396,0.022262565939351588,0,0.09291504985529048,0.0037719200928540628,0.060468849855290475,0
16498,110,18,0.1133646,566823,0.11408779998183438,0.008428521465193578,0.0007231999818343854,0,0.18607722537824475,0.005146109416650015,0.07271262537824476,0,0.3438111892333362,0.00630821319599201,0.23044658923333622,0
16498,110,19,0.669586,3347930,0.6710328165140692,0.01640679178839777,0.0014468165140691935,0,0.4506686689383021,0.005869013527880593,0.21891733106169792,0,0.39026937070547346,0.006121287253124164,0.27931662929452655,0
16498,110,20,0.165443,827215,0.16336114535141114,0.012713019017464449,0.002081854648588871,0,0.2822589466241249,0.006463179905019266,0.11681594662412487,0,0.13018701470645097,0.003894089828064979,0.035255985293549036,0
16498,225,1,0,0,0.0,0.0,0.0,20,0.0,0.0,0.0,20,6.089130115370328e-08,3.2906720266733926e-08,6.089130115370328e-08,0
16498,225,2,3.6e-06,18,0.0,0.0,3.6e-06,20,4.583129652855412e-06,1.537410124022396e-06,9.831296528554117e-07,0,0.0001600477027177313,1.2409946269143374e-05,0.0001564477027177313,0
16498,225,3,0.0021862,10931,0.001324394026011802,0.0009727824455992391,0.000861805973988198,3,0.002169100059472757,0.0001261556949389133,1.7099940527242913e-05,0,0.0017000977618232475,9.268636616182914e-05,0.0004861022381767526,0
16498,225,4,0.0077048,38524,0.007756118625761326,0.002301267536564982,5.131862576132542e-05,0,0.008476465537390133,0.00032840429528603696,0.0007716655373901328,0,0.006639323748152362,0.00023600300516555875,0.0010654762518476383,0
16498,225,5,0.0195084,97542,0.019953410071218775,0.00274925343578563,0.00044501007121877656,0,0.022113929187525246,0.0004318963107337859,0.0026055291875252476,0,0.019223952921207314,0.0004583956499575907,0.00028444707879268435,0
16498,225,6,0.04384,219200,0.04160315652193298,0.003828429214372759,0.0022368434780670188,0,0.04718099514421136,0.0009795697610474523,0.0033409951442113645,0,0.044952308713836035,0.0010421933251504292,0.0011123087138360382,0
16498,225,7,0.0838784,419392,0.08338088270372304,0.006390268650812839,0.0004975172962769642,0,0.08045057660400547,0.001754509030776923,0.0034278233959945392,0,0.08112782040632602,0.0017150511050828161,0.002750579593673988,0
16498,225,8,0.1209124,604562,0.11882069425092992,0.008727270602071374,0.002091705749070083,0,0.10951090309578829,0.0018985172367279367,0.011401496904211716,0,0.1125564854784269,0.002167539013125708,0.00835591452157311,0
16498,225,9,0.1390354,695177,0.14122803837635792,0.012458542569559567,0.002192638376357914,0,0.12451466830330196,0.0013761001863821132,0.014520731696698042,0,0.1276837473307046,0.0018857641832514787,0.011351652669295414,0
16498,225,10,0.1381446,690723,0.1401943937874383,0.007845427730636774,0.002049793787438303,0,0.12615761167291123,0.0012633780096670043,0.011986988327088777,0,0.13006536793298723,0.00203071540050844,0.008079232067012776,0
16498,225,11,0.1225924,612962,0.12386395719840013,0.009661402539335538,0.0012715571984001223,0,0.11806998220296412,0.0016551802218901937,0.0045224177970358825,0,0.12177033159810047,0.002350367576032242,0.0008220684018995367,0
16498,225,12,0.1006984,503492,0.09863633505537353,0.008012624617812051,0.0020620649446264627,0,0.10368945851777182,0.0015878656839264393,0.00299105851777183,0,0.10636805030889673,0.0016890837901051448,0.00566965030889674,0
16498,225,13,0.0790952,395476,0.08077902164784923,0.007748360426569575,0.0016838216478492207,0,0.08610195652290253,0.0014541024180989353,0.00700675652290253,0,0.0871843535561015,0.0021061147313987355,0.0080891535561015,0
16498,225,14,0.059192,295960,0.058155118133574525,0.0038236520354682293,0.0010368818664254764,0,0.06752460814167277,0.0012315200691625726,0.008332608141672769,0,0.06607889182496028,0.0013700044491267,0.00688689182496028,0
16498,225,15,0.0413272,206636,0.04084387200553725,0.004175950834083141,0.0004833279944627539,0,0.049210672555936405,0.0009191876693030001,0.007883472555936404,0,0.046536472895848426,0.001147054478524519,0.005209272895848424,0
16498,225,16,0.025393,126965,0.02530432640988035,0.005032044265232748,8.867359011964851e-05,0,0.03185816707497643,0.0008603377074073862,0.006465167074976429,0,0.0287633359506074,0.0008274464844134821,0.0033703359506074004,0
16498,225,17,0.0125052,62526,0.012374796847260023,0.002923123010980246,0.00013040315273997634,0,0.016827754868702548,0.0005002484123492002,0.004322554868702548,0,0.01411089183358984,0.0005826144668368495,0.0016056918335898406,0
16498,225,18,0.0037774,18887,0.0031003729061507834,0.0017741817757872217,0.0006770270938492168,1,0.005706672012552118,0.00016178087160867116,0.0019292720125521174,0,0.004502078504316098,0.0001271872008220096,0.0007246785043160979,0
16498,225,19,0.000204,1020,0.0002174609466600533,0.0004798501774315101,1.3460946660053295e-05,16,0.0004289499592356041,5.609953662087195e-05,0.00022494995923560412,0,0.0005642996664008825,2.689054715810321e-05,0.0003602996664008825,0
16498,225,20,1.4e-06,7,0.0,0.0,1.4e-06,20,2.9454090265731085e-06,3.069498737974463e-06,1.5454090265731086e-06,0,1.2080973695966116e-05,2.2975238655655377e-06,1.0680973695966116e-05,0
16498,318,1,0,0,0.0,0.0,0.0,20,0.0,0.0,0.0,20,0.0,0.0,0.0,20
16498,318,2,0,0,0.0,0.0,0.0,20,0.0,0.0,0.0,20,0.0,0.0,0.0,20
16498,318,3,0,0,0.0,0.0,0.0,20,0.0,0.0,0.0,20,0.0,0.0,0.0,20
16498,318,4,0,0,0.0,0.0,0.0,20,0.0,0.0,0.0,20,0.0,0.0,0.0,20
16498,318,5,0,0,0.0,0.0,0.0,20,0.0,0.0,0.0,20,5.369758017268749e-13,2.4014287898674825e-12,5.369758017268749e-13,19
16498,318,6,0,0,0.0,0.0,0.0,20,3.0040604292412586e-12,1.3434566656601304e-11,3.0040604292412586e-12,19,6.130967636638095e-11,4.2712149686347265e-11,6.130967636638095e-11,0
16498,318,7,0,0,0.0,0.0,0.0,20,2.685232229523356e-10,1.9090190282426928e-10,2.685232229523356e-10,0,1.2433810162943006e-09,4.032613532277802e-10,1.2433810162943006e-09,0
16498,318,8,0,0,0.0,0.0,0.0,20,4.132796106291343e-09,1.269048725397123e-09,4.132796106291343e-09,0,1.3770996291967256e-08,2.8681466070384745e-09,1.3770996291967256e-08,0
16498,318,9,0,0,0.0,0.0,0.0,20,3.79212937235433e-08,6.9907085640630946e-09,3.79212937235433e-08,0,9.888220013387563e-08,1.2761608851997854e-08,9.888220013387563e-08,0
16498,318,10,2e-07,1,0.0,0.0,2e-07,20,2.338532152657676e-07,2.751339819290749e-08,3.3853215265767616e-08,0,5.2377951369208e-07,4.7016797649579464e-08,3.2377951369208e-07,0
16498,318,11,8e-07,4,0.0,0.0,8e-07,20,1.109180965899653e-06,9.007345654035365e-08,3.09180965899653e-07,0,2.3648592910892466e-06,2.3122660308517784e-07,1.5648592910892466e-06,0
16498,318,12,4e-06,20,0.0,0.0,4e-06,20,4.630641463040515e-06,4.085555136245857e-07,6.30641463040515e-07,0,9.319673418822642e-06,7.31354594837824e-07,5.319673418822642e-06,0
16498,318,13,1.34e-05,67,0.0,0.0,1.34e-05,20,1.748132408324902e-05,1.2385276138973092e-06,4.0813240832490205e-06,0,3.430870204698323e-05,2.4284006297447e-06,2.0908702046983228e-05,0
16498,318,14,4.32e-05,216,0.0,0.0,4.32e-05,20,6.412418163580428e-05,4.466707418941717e-06,2.0924181635804282e-05,0,0.0001292225303498483,7.73053606130094e-06,8.602253034984832e-05,0
16498,318,15,0.0001396,698,2.4037157766189714e-05,6.721560628571002e-05,0.0001155628422338103,17,0.0002505258620645914,1.5413743582766686e-05,0.0001109258620645914,0,0.0005209962265960539,3.711973623223132e-05,0.00038139622659605387,0
16498,318,16,0.0005202,2601,0.00034654969190123333,0.0004462011097677287,0.00017365030809876663,9,0.0011056792318198541,8.2956460379165e-05,0.0005854792318198542,0,0.0023238011841874772,0.00012964453125585755,0.0018036011841874773,0
16498,318,17,0.0021668,10834,0.0015786170303707628,0.001297068552813533,0.0005881829696292372,3,0.00566367601902887,0.00034054225144264334,0.00349687601902887,0,0.014261009314869696,0.0009681109686683816,0.012094209314869696,0
16498,318,18,0.0131856,65928,0.013787704273376802,0.00306882101348568,0.0006021042733768012,0,0.037102458800945884,0.002044234780476698,0.023916858800945885,0,0.13303155281404272,0.0036503974576384563,0.11984595281404271,0
16498,318,19,0.1566594,783297,0.15372457764852349,0.010941245326378775,0.002934822351476518,0,0.2645062912338184,0.005629727253690687,0.10784689123381841,0,0.4047656567752019,0.007115014845825186,0.24810625677520187,0
16498,318,20,0.8272668,4136334,0.8282361425583658,0.011108484775785724,0.0009693425583657822,0,0.6907771491972544,0.006643970354029624,0.13648965080274555,0,0.4449211301820578,0.007543591508451255,0.38234566981794216,0
16498,584,1,0,0,0.0,0.0,0.0,20,0.0,0.0,0.0,20,0.0,0.0,0.0,20
16498,584,2,0,0,0.0,0.0,0.0,20,0.0,0.0,0.0,20,2.17226242805826e-06,4.777790841906628e-07,2.17226242805826e-06,0
16498,584,3,4.14e-05,207,2.4889668274738957e-05,9.818962449702166e-05,1.651033172526104e-05,18,3.371200758557878e-05,6.441483834720413e-06,7.68799241442122e-06,0,3.624494979036962e-05,4.400693563275317e-06,5.155050209630379e-06,0
16498,584,4,0.0002816,1408,0.0001041073692573342,0.0002169044436086305,0.00017749263074266582,15,0.0002932494605985693,2.802619851792351e-05,1.1649460598569291e-05,0,0.0002745461601572258,1.7505290723651796e-05,7.0538398427742385e-06,0
16498,584,5,0.001228,6140,0.001142484657938196,0.0010064686516574068,8.5515342061804e-05,4,0.0014526384952845794,6.723414820791057e-05,0.0002246384952845795,0,0.0014815814822074591,5.778865680914055e-05,0.0002535814822074592,0
16498,584,6,0.0045116,22558,0.003996726582216197,0.0024012761371812264,0.0005148734177838031,0,0.005479183503824148,0.00018746743358769632,0.0009675835038241475,0,0.00587097522967623,0.0002289806932042403,0.0013593752296762298,0
16498,584,7,0.0125928,62964,0.012558957460673694,0.0030444202171808926,3.384253932630504e-05,0,0.015272189957354992,0.0005356998926400385,0.002679389957354993,0,0.016600368984758584,0.0005173220524953451,0.004007568984758585,0
16498,584,8,0.026324,131620,0.02620022406935669,0.0049235862303058184,0.00012377593064330852,0,0.03171954764273794,0.000833714614471883,0.00539554764273794,0,0.03382103248999315,0.0010069140747866008,0.007497032489993151,0
16498,584,9,0.0443546,221773,0.04303008111134188,0.005106214647842206,0.001324518888658123,0,0.05165632266983994,0.0010655948115775272,0.007301722669839937,0,0.05446271585338612,0.0011619989662696342,0.01010811585338612,0
16498,584,10,0.0649288,324644,0.06584705529973732,0.00714121699651556,0.000918255299737325,0,0.07191922256473457,0.000860453297562488,0.006990422564734575,0,0.07643941917224063,0.0013363252844687892,0.011510619172240638,0
16498,584,11,0.0865324,432662,0.08753365639869654,0.007170435193397056,0.00100125639869654,0,0.09055426237786479,0.0013685228974422284,0.004021862377864796,0,0.09622040408230702,0.002019611928940368,0.009688004082307022,0
16498,584,12,0.1072846,536423,0.108484018329465,0.007868993754117676,0.0011994183294650046,0,0.10548331838595564,0.0015446069665372296,0.0018012816140443588,0,0.11205368832022125,0.0020363731707927235,0.004769088320221257,0
16498,584,13,0.1220912,610456,0.12442641766477754,0.009192343954877003,0.002335217664777539,0,0.1161037532185825,0.001714652255357246,0.005987446781417494,0,0.1217895255759962,0.002775884619339827,0.0003016744240037922,0
16498,584,14,0.1309502,654751,0.1297854556213196,0.008227139026546343,0.001164744378680388,0,0.12153116869573184,0.001690098301556601,0.009419031304268147,0,0.12427071149863833,0.0024054158435681283,0.006679488501361658,0
16498,584,15,0.1295118,647559,0.12722346944303367,0.011398331486258056,0.0022883305569663392,0,0.12049792312113572,0.0014797166487995872,0.009013876878864291,0,0.12045316648807189,0.002401991124543802,0.009058633511928121,0
16498,584,16,0.1173288,586644,0.11716328153884295,0.011103390073960885,0.0001655184611570465,0,0.11139432854136275,0.0016106606571053737,0.00593447145863725,0,0.10621624788092301,0.0021998833248394662,0.011112552119076982,0
16498,584,17,0.0929764,464882,0.09359582306173322,0.006236335701097999,0.0006194230617332236,0,0.09092396459652745,0.0014385326659515317,0.0020524354034725523,0,0.07966137617130206,0.0021112658540906565,0.013315023828697939,0
16498,584,18,0.0532814,266407,0.05175224875950572,0.007516577476845284,0.0015291512404942767,0,0.05479036696779525,0.001013572520352199,0.0015089669677952472,0,0.0421570324033755,0.0007118818521971117,0.011124367596624503,0
16498,584,19,0.0056572,28286,0.004973752476778684,0.002371673614620218,0.0006834475232213163,0,0.010556398144792263,0.0006035866799375398,0.004899198144792263,0,0.007858177698749906,0.00034371538772104946,0.002200977698749906,0
16498,584,20,0.0001232,616,0.00014997647326464648,0.00035661333757805967,2.677647326464647e-05,16,0.00033844964829118045,7.234594818886662e-05,0.00021524964829118043,0,0.0003306132957767276,3.783146135715485e-05,0.0002074132957767276,0
16653,9,1,0,0,0.0,0.0,0.0,20,0.0,0.0,0.0,20,0.0,0.0,0.0,20
16653,9,2,0,0,0.0,0.0,0.0,20,0.0,0.0,0.0,20,0.0,0.0,0.0,20
16653,9,3,0,0,0.0,0.0,0.0,20,0.0,0.0,0.0,20,0.0,0.0,0.0,20
16653,9,4,0,0,0.0,0.0,0.0,20,0.0,0.0,0.0,20,0.0,0.0,0.0,20
16653,9,5,0,0,0.0,0.0,0.0,20,0.0,0.0,0.0,20,0.0,0.0,0.0,20
16653,9,6,0,0,0.0,0.0,0.0,20,0.0,0.0,0.0,20,0.0,0.0,0.0,20
16653,9,7,0,0,0.0,0.0,0.0,20,0.0,0.0,0.0,20,0.0,0.0,0.0,20
16653,9,8,0,0,0.0,0.0,0.0,20,0.0,0.0,0.0,20,0.0,0.0,0.0,20
16653,9,9,0,0,0.0,0.0,0.0,20,0.0,0.0,0.0,20,0.0,0.0,0.0,20
16653,9,10,0,0,0.0,0.0,0.0,20,0.0,0.0,0.0,20,0.0,0.0,0.0,20
16653,9,11,0,0,0.0,0.0,0.0,20,0.0,0.0,0.0,20,0.0,0.0,0.0,20
16653,9,12,0,0,0.0,0.0,0.0,20,0.0,0.0,0.0,20,0.0,0.0,0.0,20
16653,9,13,0,0,0.0,0.0,0.0,20,0.0,0.0,0.0,20,0.0,0.0,0.0,20
16653,9,14,0,0,0.0,0.0,0.0,20,0.0,0.0,0.0,20,3.8371673870474805e-12,5.839293200171057e-12,3.8371673870474805e-12,12
16653,9,15,0,0,0.0,0.0,0.0,20,1.6226991339261672e-11,3.0130900764117946e-11,1.6226991339261672e-11,14,1.2245424961404402e-09,5.339830784049513e-10,1.2245424961404402e-09,0
16653,9,16,0,0,0.0,0.0,0.0,20,6.540516511485146e-09,3.065157885377165e-09,6.540516511485146e-09,0,1.1909808357846053e-07,9.177936599363344e-08,1.1909808357846053e-07,0
16653,9,17,6e-07,3,0.0,0.0,6e-07,20,1.1429508221629446e-06,1.2203676961756657e-06,5.429508221629446e-07,0,1.8211116431651852e-05,3.1737320092949968e-06,1.761111643165185e-05,0
16653,9,18,2.46e-05,123,0.0,0.0,2.46e-05,20,0.0002200893779419994,2.8686811022986954e-05,0.0001954893779419994,0,0.062072432217616866,0.0027634120881875265,0.062047832217616866,0
16653,9,19,0.059419,297095,0.058836581733076355,0.006289136118038673,0.0005824182669236441,0,0.18850541154190656,0.006587308336261155,0.12908641154190656,0,0.4680761759593989,0.008349271683308134,0.4086571759593989,0
16653,9,20,0.9405558,4702779,0.9394397878552097,0.00597326546382242,0.0011160121447904015,0,0.8112733495725856,0.00657395723781312,0.12928245042741449,0,0.46983306038008915,0.008586610115264983,0.4707227396199109,0
16653,11,1,0.0007776,3888,0.00034347539430186036,0.0006820704869487141,0.0004341246056981397,14,0.0007568526607894502,6.112950564834294e-05,2.0747339210549836e-05,0,0.0004044146942843975,3.692237344126364e-05,0.0003731853057156025,0
16653,11,2,0.0033098,16549,0.003099073655462368,0.0017417602941260774,0.000210726344537632,0,0.003266961467755318,0.00016759464796572754,4.2838532244681825e-05,0,0.0021453900689651336,0.00011770142295286086,0.0011644099310348663,0
16653,11,3,0.0086652,43326,0.008786102644787887,0.002349379006746389,0.00012090264478788713,0,0.008718627921850495,0.00032754083523180546,5.342792185049523e-05,0,0.006689811871084923,0.0002749581226344827,0.0019753881289150763,0
16653,11,4,0.0183886,91943,0.017789772942317338,0.0028163416470555285,0.0005988270576826639,0,0.01816975603240132,0.0003624704946238484,0.00021884396759868155,0,0.01542203125366555,0.00038014010673534756,0.002966568746334452,0
16653,11,5,0.0326764,163382,0.03444077431488181,0.0044184231890794946,0.0017643743148818072,0,0.03182693674365343,0.0005666515874626135,0.0008494632563465707,0,0.028629441530828182,0.000894652066907739,0.004046958469171819,0
16653,11,6,0.0499548,249774,0.048730755306773156,0.005615116198549059,0.0012240446932268445,0,0.048818373543627475,0.0011272143392174,0.001136426456372526,0,0.04627857264534997,0.0013961830498259676,0.0036762273546500288,0
16653,11,7,0.06989,349450,0.06839672138357514,0.006910608602766861,0.0014932786164248563,0,0.0687108587356759,0.0013150444367557338,0.001179141264324099,0,0.0678462476621146,0.0013504233508941927,0.002043752337885396,0
16653,11,8,0.092978,464890,0.09487004027756363,0.007688965843136627,0.0018920402775636225,0,0.08953279478336365,0.0010056918523669326,0.0034452052166363545,0,0.09024444518353816,0.0015753213900646275,0.0027335548164618417,0
16653,11,9,0.1155088,577544,0.11380191107414332,0.008589440752478734,0.0017068889258566727,0,0.10948269909422399,0.0014504802057034635,0.006026100905776002,0,0.11256363289174706,0.002060871130465857,0.002945167108252933,0
16653,11,10,0.1324614,662307,0.13112863248555023,0.012195459653003678,0.001332767514449773,0,0.12557797885931582,0.0017160671438981629,0.006883421140684187,0,0.1306156269942272,0.002439194412654355,0.001845773005772794,0
16653,11,11,0.140142,700710,0.1453001670963575,0.01286171103605096,0.005158167096357524,0,0.13324615279778468,0.001329978480183506,0.0068958472022153106,0,0.13856266732036393,0.0019631909996027353,0.0015793326796360585,0
16653,11,12,0.129572,647860,0.12737942972591682,0.007264438170792323,0.0021925702740831776,0,0.12871072142869716,0.0012691603498845548,0.0008612785713028315,0,0.13139048298733305,0.002218063309629793,0.0018184829873330588,0
16653,11,13,0.1020956,510478,0.10304585751234822,0.007865478399192516,0.0009502575123482293,0,0.10916305100419255,0.001914532469088527,0.0070674510041925515,0,0.10818152737857181,0.002548862692282321,0.006085927378571818,0
16653,11,14,0.0661566,330783,0.06486148678429157,0.005062445041786841,0.0012951132157084239,0,0.0756639998413112,0.0014044345386588976,0.009507399841311201,0,0.0727594265846316,0.0016628674559055906,0.006602826584631599,0
16653,11,15,0.0309472,154736,0.029877008771159074,0.003606143341306589,0.001070191228840927,0,0.037442798203520936,0.0011998975219650132,0.0064955982035209345,0,0.035931407716742456,0.0011441069335165171,0.0049842077167424545,0
16653,11,16,0.0058434,29217,0.006197000788049674,0.0020081799460421623,0.00035360078804967405,0,0.009546299602423288,0.00042226353718121523,0.0037028996024232874,0,0.01066935259641268,0.00048710078534308047,0.004825952596412679,0
16653,11,17,0.0006118,3059,0.0004172936440537915,0.0005164898153739683,0.00019450635594620854,10,0.0012970912175226323,0.00013742922060249976,0.0006852912175226323,0,0.0015436660243119812,9.428528101858892e-05,0.0009318660243119812,0
16653,11,18,2.08e-05,104,0.0,0.0,2.08e-05,20,6.804606189043174e-05,1.788732273980768e-05,4.724606189043173e-05,0,0.0001185561945246098,1.4421304163779329e-05,9.775619452460979e-05,0
16653,11,19,0,0,0.0,0.0,0.0,20,0.0,0.0,0.0,20,3.2984013023691263e-06,1.03619832145659e-06,3.2984013023691263e-06,0
16653,11,20,0,0,0.0,0.0,0.0,20,0.0,0.0,0.0,20,0.0,0.0,0.0,20
16653,12,1,0.1722586,861293,0.17506580058179472,0.008469224097974865,0.0028072005817947054,0,0.1901475672147203,0.0034400649780118174,0.017888967214720275,0,0.13168408297961207,0.003507020970526904,0.040574517020387946,0
16653,12,2,0.2087158,1043579,0.20210276483340928,0.008503892708851957,0.0066130351665907305,0,0.19082274712764966,0.002331079515238686,0.01789305287235035,0,0.16807033886434916,0.004342617476630445,0.040645461135650846,0
16653,12,3,0.1930614,965307,0.19570002405820164,0.010618108515646403,0.002638624058201644,0,0.17029663105742202,0.0017850956062005609,0.02276476894257798,0,0.17224581362454033,0.0034786754756648344,0.02081558637545966,0
16653,12,4,0.147805,739025,0.15025997975406452,0.013471234922334476,0.002454979754064529,0,0.14019501387503097,0.0019015716126898755,0.00760998612496902,0,0.15666254449414202,0.003913765873231801,0.008857544494142028,0
16653,12,5,0.1041218,520609,0.10336131449952742,0.009514969513654369,0.0007604855004725852,0,0.10790870197101916,0.0019613494423715303,0.003786901971019163,0,0.12502223225501363,0.002834847205237738,0.020900432255013632,0
16653,12,6,0.0710246,355123,0.07062861896746063,0.007861954385359112,0.0003959810325393637,0,0.07820769186620775,0.001373024967073236,0.007183091866207761,0,0.09265610049955623,0.0023076459898254626,0.02163150049955624,0
16653,12,7,0.0461368,230684,0.04438352922153769,0.005277165966680836,0.0017532707784623097,0,0.05275269110732063,0.0007088544093771827,0.00661589110732063,0,0.06501644532711195,0.001623040254521728,0.018879645327111956,0
16653,12,8,0.027961,139805,0.027977635822000264,0.00397261431505438,1.663582200026395e-05,0,0.0331657712535923,0.0007103843002568488,0.005204771253592297,0,0.041495237032011786,0.0008911991438673443,0.013534237032011787,0
16653,12,9,0.0155246,77623,0.01754998132725167,0.004452344809820987,0.00202538132725167,0,0.019349178867173817,0.0004411558680714667,0.0038245788671738175,0,0.024407177044757932,0.0008235317629764544,0.008882577044757933,0
16653,12,10,0.0079416,39708,0.007864721261888257,0.002880940636658998,7.687873811174258e-05,0,0.01013748735393618,0.00025790483557175327,0.0021958873539361795,0,0.013216004177326376,0.00044618440476909646,0.005274404177326376,0
16653,12,11,0.0036302,18151,0.002521488454022694,0.0014903410268998867,0.001108711545977306,1,0.004598206250033953,0.00015050071284384873,0.0009680062500339532,0,0.006188374424260735,0.0001760121632814042,0.002558174424260735,0
16653,12,12,0.001337,6685,0.0005840721472710861,0.0010117498618385022,0.000752927852728914,10,0.0017074578049517905,6.95563665945027e-05,0.00037045780495179037,0,0.0024075231649688454,0.00010610478183992077,0.0010705231649688453,0
16653,12,13,0.0003914,1957,0.0003444254331566866,0.0005856677961918266,4.697456684331342e-05,12,0.0004900137576717786,3.223691395539997e-05,9.861375767177856e-05,0,0.0007356470412396568,3.9750442100328254e-05,0.0003442470412396568,0
16653,12,14,8.14e-05,407,4.025806530702431e-05,0.00018003954133826458,4.114193469297569e-05,19,9.084091002023151e-05,1.0616111846662965e-05,9.440910020231511e-06,0,0.00016725423681744254,1.4196006259879731e-05,8.585423681744254e-05,0
16653,12,15,8.4e-06,42,0.0,0.0,8.4e-06,20,8.729254175874135e-06,2.948687864867861e-06,3.2925417587413617e-07,0,2.347283770277917e-05,3.5325833188840946e-06,1.507283770277917e-05,0
16653,12,16,4e-07,2,0.0,0.0,4e-07,20,9.550888107669738e-08,1.2489176751242908e-07,3.0449111892330263e-07,2,1.7399839481748527e-06,8.247917280451953e-07,1.3399839481748527e-06,0
16653,12,17,0,0,0.0,0.0,0.0,20,0.0,0.0,0.0,20,1.2012640954338354e-08,1.8769287668402126e-08,1.2012640954338354e-08,2
16653,12,18,0,0,0.0,0.0,0.0,20,0.0,0.0,0.0,20,0.0,0.0,0.0,20
16653,12,19,0,0,0.0,0.0,0.0,20,0.0,0.0,0.0,20,0.0,0.0,0.0,20
16653,12,20,0,0,0.0,0.0,0.0,20,0.0,0.0,0.0,20,0.0,0.0,0.0,20
16653,22,1,0.3498806,1749403,0.34507003573504524,0.009632840525366537,0.004810564264954742,0,0.3465234705012069,0.005710602931524617,0.0033571294987930766,0,0.2588994238337856,0.004801461353921992,0.09098117616621437,0
16653,22,2,0.236114,1180570,0.24221069887490287,0.012900321351670454,0.006096698874902884,0,0.23255242820375394,0.0030784744262520518,0.0035615717962460547,0,0.22802466838980168,0.005311717934877038,0.008089331610198314,0
16653,22,3,0.1636848,818424,0.16226212793186134,0.011479205740796935,0.0014226720681386473,0,0.15968546424819588,0.0024522759557978045,0.003999335751804112,0,0.17890156197935506,0.004337099888670162,0.015216761979355065,0
16653,22,4,0.1039508,519754,0.10521534665422369,0.008699447919566151,0.0012645466542236944,0,0.10568856253443633,0.0018327766244504646,0.0017377625344363323,0,0.13112676828578407,0.0038731429279515134,0.027175968285784072,0
16653,22,5,0.063547,317735,0.06287219930209997,0.005759980812394181,0.0006748006979000326,0,0.06744517307561396,0.0014029068724974228,0.0038981730756139504,0,0.08597170722719702,0.0021566723080855017,0.022424707227197013,0
16653,22,6,0.0382554,191277,0.03759482440066744,0.004977410890272819,0.0006605755993325593,0,0.04116314983186827,0.0008721824320313629,0.00290774983186827,0,0.053402485085732976,0.0014058012834469794,0.015147085085732974,0
16653,22,7,0.0221938,110969,0.021349809956271885,0.0052165827023945436,0.0008439900437281142,0,0.023516324386782198,0.00040614503487505966,0.0013225243867821986,0,0.031719445805161894,0.0009132171047948001,0.009525645805161895,0
16653,22,8,0.0121478,60739,0.013408948484901834,0.00297716073155855,0.001261148484901834,0,0.012542771729862201,0.00033530239981799067,0.0003949717298622011,0,0.017209134824402218,0.0004455936681401531,0.005061334824402217,0
16653,22,9,0.0059516,29758,0.005521991918324009,0.002118190773375395,0.00042960808167599035,0,0.006207620871602116,0.00017745747949521638,0.00025602087160211603,0,0.008580841016755932,0.0003402055107491942,0.0026292410167559326,0
16653,22,10,0.0027282,13641,0.002155662685495809,0.0014264385923008882,0.000572537314504191,2,0.0027382188932790616,8.524371620139022e-05,1.001889327906149e-05,0,0.003947654988817785,0.00016009653730323167,0.0012194549888177846,0
16653,22,11,0.0010718,5359,0.0006978363943070952,0.0007941217283439948,0.00037396360569290474,8,0.00103049655899331,4.567092704386538e-05,4.1303441006689846e-05,0,0.001559379436378635,5.6069698546388954e-05,0.00048757943637863497,0
16653,22,12,0.0003638,1819,7.934014716575007e-05,0.00025976768766730016,0.0002844598528342499,17,0.0003118735867774247,1.7511460797975727e-05,5.192641322257529e-05,0,0.0005047874610958314,2.9628174574350796e-05,0.00014098746109583135,0
16653,22,13,9.38e-05,469,4.016205289238667e-05,0.0001308223004389139,5.363794710761333e-05,17,7.134167642960197e-05,6.50998865288533e-06,2.2458323570398036e-05,0,0.0001263640703467476,9.000210043673494e-06,3.256407034674759e-05,0
16653,22,14,1.58e-05,79,0.0,0.0,1.58e-05,20,9.88552834085667e-06,1.7307581403846724e-06,5.914471659143331e-06,0,2.316424391383164e-05,2.677457517592589e-06,7.36424391383164e-06,0
16653,22,15,8e-07,4,0.0,0.0,8e-07,20,7.292711967155047e-07,4.787048664477104e-07,7.072880328449528e-08,0,2.461802627827005e-06,5.309167640539671e-07,1.661802627827005e-06,0
16653,22,16,0,0,0.0,0.0,0.0,20,3.3103119443015037e-09,9.92550492367647e-09,3.3103119443015037e-09,14,1.5111055778784122e-07,1.2753259733694516e-07,1.5111055778784122e-07,0
16653,22,17,0,0,0.0,0.0,0.0,20,0.0,0.0,0.0,20,4.3828491853467225e-10,1.3719614738347099e-09,4.3828491853467225e-10,14
16653,22,18,0,0,0.0,0.0,0.0,20,0.0,0.0,0.0,20,0.0,0.0,0.0,20
16653,22,19,0,0,0.0,0.0,0.0,20,0.0,0.0,0.0,20,0.0,0.0,0.0,20
16653,22,20,0,0,0.0,0.0,0.0,20,0.0,0.0,0.0,20,0.0,0.0,0.0,20
16653,68,1,0,0,0.0,0.0,0.0,20,0.0,0.0,0.0,20,0.0,0.0,0.0,20
16653,68,2,0,0,0.0,0.0,0.0,20,0.0,0.0,0.0,20,0.0,0.0,0.0,20
16653,68,3,0,0,0.0,0.0,0.0,20,0.0,0.0,0.0,20,5.136335811161189e-10,2.297039205804588e-09,5.136335811161189e-10,19
16653,68,4,0,0,0.0,0.0,0.0,20,4.285636888745256e-09,1.916595082023019e-08,4.285636888745256e-09,19,2.3455933537636095e-08,1.985101899989783e-08,2.3455933537636095e-08,4
16653,68,5,6e-07,3,0.0,0.0,6e-07,20,1.2412530246365857e-07,1.1133210562179335e-07,4.758746975363414e-07,5,3.9346786039261317e-07,9.96505075422486e-08,2.065321396073868e-07,0
16653,68,6,4.2e-06,21,0.0,0.0,4.2e-06,20,1.7698133051496435e-06,4.4317068575379597e-07,2.430186694850356e-06,0,3.132344296431632e-06,4.6411368517010943e-07,1.0676557035683675e-06,0
16653,68,7,1.82e-05,91,0.0,0.0,1.82e-05,20,1.1213604771756782e-05,1.5505171760593904e-06,6.986395228243217e-06,0,1.7397083012264858e-05,1.6977123531424242e-06,8.02916987735141e-07,0
16653,68,8,8.34e-05,417,5.2439699789176195e-05,0.0001614059903206176,3.09603002108238e-05,18,5.1222471666175306e-05,4.4926307813373365e-06,3.217752833382469e-05,0,7.876887362146963e-05,6.4410021989451875e-06,4.631126378530366e-06,0
16653,68,9,0.0002942,1471,8.00906147149867e-05,0.0002186108826915607,0.0002141093852850133,17,0.0002036370790869219,1.638511971074535e-05,9.056292091307809e-05,0,0.0003021786522596242,1.7384021666407134e-05,7.978652259624198e-06,0
16653,68,10,0.0008898,4449,0.0007333412464983071,0.0008203985980135252,0.00015645875350169295,8,0.000701980284767515,3.952325836098708e-05,0.0001878197152324851,0,0.0010405482176243815,6.184742457354476e-05,0.00015074821762438143,0
16653,68,11,0.002583,12915,0.002051369175251421,0.0018072543967088248,0.0005316308247485788,5,0.0022399717012685323,0.00012349476744045695,0.0003430282987314675,0,0.003371234693314608,0.0001436049054113033,0.000788234693314608,0
16653,68,12,0.007205,36025,0.006719240774046231,0.0023531607215020963,0.0004857592259537684,0,0.006890236035083187,0.0003036987562543314,0.00031476396491681227,0,0.010509848435352345,0.0005067199667093718,0.0033048484353523453,0
16653,68,13,0.019136,95680,0.017682391517774003,0.002857940613775372,0.0014536084822259973,0,0.020583543989065426,0.000841052620140797,0.0014475439890654258,0,0.030430827443441676,0.0009866039267093696,0.011294827443441676,0
16653,68,14,0.0483076,241538,0.049129280640106285,0.007730688386449025,0.0008216806401062857,0,0.055796932220241104,0.0013845741998847732,0.0074893322202411045,0,0.07729034598387305,0.0026690792899010636,0.02898274598387305,0
16653,68,15,0.1123502,561751,0.11325707003079888,0.009616390754603979,0.0009068700307988814,0,0.12612593587962312,0.0027693876047739274,0.013775735879623122,0,0.17439243248787015,0.004591300661597227,0.06204223248787015,0
16653,68,16,0.2489642,1244821,0.24774977511035426,0.011007794799071066,0.0012144248896457377,0,0.22816064268408448,0.004334117401446169,0.020803557315915516,0,0.2459643630213842,0.0051772774248393955,0.0029998369786158052,0
16653,68,17,0.315452,1577260,0.31473460180168794,0.012112791825235602,0.0007173981983120692,0,0.28942322969587503,0.003717205308518681,0.026028770304124982,0,0.2574568477915983,0.004139771627871562,0.057995152208401735,0
16653,68,18,0.2431962,1215981,0.24488408393490796,0.009741898465155479,0.0016878839349079577,0,0.2617740184251921,0.005426350759679614,0.0185778184251921,0,0.1779181622644112,0.004267634363230414,0.0652780377355888,0
16653,68,19,0.0015152,7576,0.001054355555527521,0.0015165726725133452,0.00046084444447247897,10,0.008031613609082942,0.0007781703591561478,0.0065164136090829425,0,0.021163700502881667,0.0006275157032850441,0.019648500502881666,0
16653,68,20,2e-07,1,0.0,0.0,2e-07,20,3.9240959470834015e-06,1.1894647648785802e-05,3.7240959470834017e-06,11,5.979476763099975e-05,1.123477224656593e-05,5.959476763099975e-05,0
16653,69,1,2e-07,1,0.0,0.0,2e-07,20,8.385756210545914e-08,1.1517303272117033e-07,1.1614243789454085e-07,12,8.796654550793489e-08,2.8129331710299366e-08,1.120334544920651e-07,0
16653,69,2,5.6e-06,28,6.740970475173171e-06,3.0146536433612532e-05,1.1409704751731711e-06,19,2.1542674536010066e-06,7.220343347385154e-07,3.445732546398993e-06,0,2.0203652822769952e-06,3.6431158044368954e-07,3.5796347177230045e-06,0
16653,69,3,2.68e-05,134,2.0222911425519513e-05,4.939076016619619e-05,6.577088574480488e-06,17,2.057598824549422e-05,3.4723172996053693e-06,6.224011754505782e-06,0,1.8360767377035956e-05,1.8545727676117645e-06,8.439232622964045e-06,0
16653,69,4,0.000136,680,1.958522498526004e-05,8.758778884333752e-05,0.00011641477501473995,19,0.00010393953791408629,7.204108855882069e-06,3.206046208591371e-05,0,0.00010050409012376598,6.446585126783201e-06,3.549590987623402e-05,0
16653,69,5,0.0005178,2589,0.0002889104887690478,0.00046874827950691827,0.00022888951123095224,12,0.0003860692184994995,2.2182543682790807e-05,0.00013173078150050053,0,0.0003762720311208106,2.037797164515933e-05,0.0001415279688791894,0
16653,69,6,0.00128,6400,0.000908492392033779,0.0007284105204925169,0.0003715076079662211,5,0.0011089106959214132,5.0986592904222825e-05,0.00017108930407858688,0,0.0011337594642458978,6.079603658777987e-05,0.00014624053575410228,0
16653,69,7,0.0029478,14739,0.002179770040976642,0.0013619734693741123,0.0007680299590233581,2,0.0027581937530823833,0.0001072111252262569,0.0001896062469176167,0,0.0029224817633998054,0.00011363672629079193,2.53182366001946e-05,0
16653,69,8,0.006138,30690,0.00633761133333392,0.0028337047142578463,0.00019961133333392007,0,0.006138673031106471,0.0001830253046238224,6.73031106470344e-07,0,0.006651984605473268,0.00023605107414219489,0.0005139846054732682,0
16653,69,9,0.0116082,58041,0.011717065688612655,0.0032627902647775924,0.0001088656886126544,0,0.012539988865198581,0.0003706836514938757,0.0009317888651985805,0,0.01407952311592669,0.00037666020439140665,0.0024713231159266894,0
16653,69,10,0.0211418,105709,0.020139786681762577,0.0026000160791086386,0.001002013318237422,0,0.024209088183223364,0.000572457732586086,0.003067288183223365,0,0.02763261118873072,0.0007821941328201346,0.006490811188730721,0
16653,69,11,0.0373918,186959,0.03631771613713525,0.00517730257121018,0.0010740838628647553,0,0.04416061288063988,0.0009692665715672711,0.0067688128806398795,0,0.05115406855869228,0.0011435285147322733,0.013762268558692274,0
16653,69,12,0.0648764,324382,0.06561605176381567,0.005484356566142459,0.0007396517638156713,0,0.07706246999867065,0.0014234666699282203,0.012186069998670654,0,0.08864078955074572,0.0021999765722625106,0.023764389550745724,0
16653,69,13,0.1116846,558423,0.1129722628786641,0.006464711269967215,0.0012876628786641087,0,0.12617472395009455,0.0025921829485792847,0.014490123950094552,0,0.14123879543037782,0.0037447388353715047,0.029554195430377822,0
16653,69,14,0.1850232,925116,0.18473370310716172,0.010772997522387874,0.00028949689283827573,0,0.1844353042077942,0.002891720752466193,0.0005878957922058059,0,0.1947676593635806,0.0042240712726367,0.009744459363580593,0
16653,69,15,0.2745792,1372896,0.27493007134485026,0.012017230518124318,0.0003508713448502343,0,0.2181178752227868,0.0032327161659871304,0.05646132477721322,0,0.22071798154746597,0.0040176755743213735,0.053861218452534054,0
16653,69,16,0.175699,878495,0.1752198697380277,0.007707275422725454,0.00047913026197229924,0,0.17846052806793988,0.003270631350311113,0.002761528067939889,0,0.15641243818444056,0.0035294462160769813,0.019286561815559433,0
16653,69,17,0.0848092,424046,0.085297678105694,0.008322234690958203,0.0004884781056939957,0,0.09583974408884346,0.0021535043598907865,0.011030544088843464,0,0.07222786662206351,0.001552767168936617,0.012581333377936488,0
16653,69,18,0.022109,110545,0.021594038736495808,0.003751739145592111,0.000514961263504192,0,0.028444271451155623,0.001349042972776994,0.006335271451155623,0,0.02008263280312214,0.000810795581165468,0.002026367196877859,0
16653,69,19,2.54e-05,127,1.5145644958218337e-05,6.773338337930633e-05,1.0254355041781663e-05,19,3.679273386800199e-05,2.0760076137292364e-05,1.1392733868001987e-05,0,0.00183966207754063,0.00011878118462465782,0.00181426207754063,0
16653,69,20,0,0,0.0,0.0,0.0,20,0.0,0.0,0.0,20,5.005037450183424e-07,4.310354706280601e-07,5.005037450183424e-07,0
16653,70,1,0.11893,594650,0.12047416760242283,0.009790107115467326,0.001544167602422833,0,0.11241611240548943,0.0024701884247321356,0.006513887594510562,0,0.07481496011554739,0.0023782461918201644,0.0441150398844526,0
16653,70,2,0.148045,740225,0.1491237512419529,0.01696775331246412,0.001078751241952891,0,0.1402574131930925,0.002129834726174535,0.007787586806907498,0,0.11610721877090593,0.003297777093473606,0.031937781229094075,0
16653,70,3,0.1617914,808957,0.16138742108753995,0.00951152037281957,0.00040397891246005124,0,0.1495739470891679,0.0014104738826515736,0.012217452910832094,0,0.14161045091093444,0.0027681969500594253,0.020180949089065564,0
16653,70,4,0.1612044,806022,0.15925960006620238,0.010291206496208087,0.0019447999337976196,0,0.14442518469315066,0.001618559405620653,0.016779215306849338,0,0.150501201809707,0.0034042666876055727,0.010703198190293,0
16653,70,5,0.1315792,657896,0.1294337936718543,0.0084544155859686,0.0021454063281456937,0,0.12846252441873912,0.0020790017485883667,0.003116675581260886,0,0.1393191048183735,0.0030509583331399183,0.0077399048183735,0
16653,70,6,0.1011994,505997,0.10128631386736035,0.007556673727169449,8.691386736035811e-05,0,0.10646504416803045,0.0017213299491121133,0.0052656441680304505,0,0.11848180222127669,0.002884942709831399,0.017282402221276694,0
16653,70,7,0.0728642,364321,0.07354919003062746,0.006462991336293329,0.0006849900306274553,0,0.08180599580612904,0.000952735322372977,0.008941795806129041,0,0.0946642159091628,0.002123133823643923,0.021800015909162793,0
16653,70,8,0.0483126,241563,0.05024932156327504,0.007213453536484557,0.00193672156327504,0,0.058270495368685706,0.0010459572296484157,0.009957895368685708,0,0.06850012778784434,0.0012883594371169945,0.020187527787844342,0
16653,70,9,0.0291994,145997,0.028232992623712976,0.005229934382768078,0.0009664073762870248,0,0.03828070050754184,0.0007454240428957277,0.009081300507541842,0,0.045518129433814405,0.0013714899851527053,0.016318729433814405,0
16653,70,10,0.015849,79245,0.015016572607697726,0.0035932002320856475,0.0008324273923022724,0,0.022503336017837376,0.0005074667032828546,0.006654336017837378,0,0.02756192886216164,0.0008287343396808506,0.011712928862161642,0
16653,70,11,0.0073858,36929,0.007468058708044773,0.002695475081616673,8.225870804477297e-05,0,0.011310522822000782,0.0003087848550087241,0.003924722822000782,0,0.014321572767177122,0.00035355588198649455,0.006935772767177122,0
16653,70,12,0.0027872,13936,0.002422060876002552,0.001489903063632219,0.00036513912399744816,0,0.004569368908640396,0.00015960709028581756,0.0017821689086403962,0,0.00608801214711429,0.00023235624609697626,0.0033008121471142897,0
16653,70,13,0.0007276,3638,0.0005905078852556023,0.0007103812803214135,0.0001370921147443977,8,0.0013696944668861416,8.47449809155495e-05,0.0006420944668861416,0,0.0019832256845834046,9.677627284194633e-05,0.0012556256845834045,0
16653,70,14,0.0001156,578,0.00010460639191756553,0.0003298612436198433,1.099360808243447e-05,18,0.0002454721804057361,3.0789717768152354e-05,0.0001298721804057361,0,0.0004615972940820211,3.80855875660996e-05,0.0003459972940820211,0
16653,70,15,9.2e-06,46,0.0,0.0,9.2e-06,20,2.0064305261118012e-05,8.332457949834066e-06,1.0864305261118012e-05,0,6.239845495531169e-05,9.907760278308676e-06,5.3198454955311686e-05,0
16653,70,16,0,0,0.0,0.0,0.0,20,1.2437863923490468e-07,3.349095135329415e-07,1.2437863923490468e-07,14,4.036455242303603e-06,2.270307198777781e-06,4.036455242303603e-06,0
16653,70,17,0,0,0.0,0.0,0.0,20,0.0,0.0,0.0,20,1.6557117357807047e-08,4.728344753207825e-08,1.6557117357807047e-08,14
16653,70,18,0,0,0.0,0.0,0.0,20,0.0,0.0,0.0,20,0.0,0.0,0.0,20
16653,70,19,0,0,0.0,0.0,0.0,20,0.0,0.0,0.0,20,0.0,0.0,0.0,20
16653,70,20,0,0,0.0,0.0,0.0,20,0.0,0.0,0.0,20,0.0,0.0,0.0,20
16653,73,1,0.023657,118285,0.02374800877935048,0.00421292382795352,9.100877935048005e-05,0,0.03278427209701668,0.0010817604620576469,0.009127272097016682,0,0.01976108491339654,0.0009547292982541181,0.0038959150866034603,0
16653,73,2,0.0518282,259141,0.05216289320777532,0.005972294753948518,0.00033469320777532174,0,0.06422552747714386,0.0016057411129622807,0.012397327477143859,0,0.04768036535822713,0.0016292950281642682,0.004147834641772867,0
16653,73,3,0.0833266,416633,0.08183236579825556,0.00865295530853163,0.0014942342017444377,0,0.09243117908122811,0.0011982509562048066,0.009104579081228109,0,0.07950510288181889,0.001812092866940369,0.003821497118181111,0
16653,73,4,0.1159998,579999,0.11316306908475353,0.011461213341523816,0.0028367309152464715,0,0.11411877324121762,0.0012323389821978397,0.0018810267587823781,0,0.10845659727152546,0.0022154615114137834,0.007543202728474543,0
16653,73,5,0.1360758,680379,0.13745050301600503,0.010873963799736062,0.0013747030160050355,0,0.12569356950776084,0.0018220970752751316,0.010382230492239158,0,0.12546140699220953,0.0028738866489695634,0.010614393007790462,0
16653,73,6,0.1410736,705368,0.143855545308552,0.01219485838646236,0.0027819453085519974,0,0.12675999666413842,0.0019500178174960486,0.014313603335861569,0,0.13078785790269626,0.003247472532821312,0.010285742097303735,0
16653,73,7,0.1314512,657256,0.1327660500728969,0.015522818055501217,0.001314850072896917,0,0.11815547498734572,0.0012658315136019904,0.013295725012654275,0,0.12685126676354092,0.002444649341093403,0.004599933236459075,0
16653,73,8,0.1089556,544778,0.10515114609584945,0.010589106851783672,0.0038044539041505454,0,0.10256327955586533,0.0013941685043049597,0.0063923204441346665,0,0.1116013348216989,0.001757712875515062,0.0026457348216989,0
16653,73,9,0.0818862,409431,0.0856121374998733,0.007325506913409658,0.003725937499873294,0,0.08295737951124349,0.001289220416675967,0.0010711795112434835,0,0.09122467639938667,0.002245562776705656,0.009338476399386661,0
16653,73,10,0.0569328,284664,0.055824099249492845,0.007524919056101988,0.0011087007505071536,0,0.06145413011677161,0.0010833618764236176,0.00452133011677161,0,0.06877645333919605,0.0016698764816413189,0.011843653339196049,0
16653,73,11,0.0360588,180294,0.034544596000432026,0.005141139180620448,0.0015142039995679757,0,0.04064563234407091,0.0007280196272080983,0.00458683234407091,0,0.04580388664726741,0.0008383051539569814,0.009745086647267406,0
16653,73,12,0.0199388,99694,0.019688490402369207,0.0038087149722646416,0.0002503095976307927,0,0.0230634232561811,0.00046162761425596347,0.0031246232561811006,0,0.026152216963754187,0.0006806962421874335,0.006213416963754187,0
16653,73,13,0.009057,45285,0.008149178646457986,0.002554631661119083,0.0009078213535420147,0,0.01072328270067924,0.000366886493190178,0.0016662827006792384,0,0.01223632369436812,0.00038867054661179714,0.00317932369436812,0
16653,73,14,0.0030704,15352,0.003978422835435764,0.001966151597768689,0.0009080228354357636,0,0.003636172971589998,0.0001832875980771117,0.0005657729715899981,0,0.004447461373751426,0.0002040825595101188,0.0013770613737514262,0
16653,73,15,0.0006462,3231,0.00045158898829760077,0.0008482407449105304,0.00019461101170239922,11,0.0007386413971203117,5.89950058026297e-05,9.244139712031175e-05,0,0.001097596339717843,8.04060894161129e-05,0.000451396339717843,0
16653,73,16,4.06e-05,203,2.227439769546422e-05,7.279145184423901e-05,1.8325602304535777e-05,18,4.821209457251724e-05,8.986704534069065e-06,7.612094572517245e-06,0,0.00015040880060496084,1.8999355155813923e-05,0.00010980880060496084,0
16653,73,17,1.4e-06,7,0.0,0.0,1.4e-06,20,1.0509159532027555e-06,6.725286883508181e-07,3.4908404679724447e-07,0,5.883794636722965e-06,1.4697473616854125e-06,4.483794636722965e-06,0
16653,73,18,0,0,0.0,0.0,0.0,20,2.0801009686816837e-09,9.302494332070811e-09,2.0801009686816837e-09,19,7.56635750993664e-08,5.515694912695112e-08,7.56635750993664e-08,0
16653,73,19,0,0,0.0,0.0,0.0,20,0.0,0.0,0.0,20,7.862781661616764e-11,3.5163428575227663e-10,7.862781661616764e-11,19
16653,73,20,0,0,0.0,0.0,0.0,20,0.0,0.0,0.0,20,0.0,0.0,0.0,20
16653,77,1,0.0015982,7991,0.0010562335709280591,0.0010041998838701339,0.0005419664290719408,4,0.0024744063040359364,0.00014397417294979256,0.0008762063040359364,0,0.0013673962670928907,0.00010159365128801018,0.00023080373290710926,0
16653,77,2,0.0057034,28517,0.005062643961509177,0.002142617345662518,0.0006407560384908226,0,0.008141440515226233,0.0003397742329505062,0.002438040515226233,0,0.005485650286452549,0.00025185469822800095,0.00021774971354745088,0
16653,77,3,0.0134348,67174,0.01280120016855335,0.0037012014859834656,0.0006335998314466497,0,0.017688927305019482,0.0004898832308911903,0.004254127305019482,0,0.013902429045745023,0.00047818235194620277,0.000467629045745023,0
16653,77,4,0.026416,132080,0.0265655124066956,0.004017481351841467,0.00014951240669560176,0,0.03139425277884452,0.0005156568925432876,0.004978252778844523,0,0.027285116733927195,0.0006005869876182978,0.0008691167339271964,0
16653,77,5,0.043245,216225,0.04257062125604191,0.005759183779088285,0.0006743787439580859,0,0.0483089524613017,0.0007611320857844433,0.005063952461301702,0,0.04434393653400982,0.0012701909115630263,0.0010989365340098242,0
16653,77,6,0.061676,308380,0.06101674309969224,0.00699242025927562,0.0006592569003077628,0,0.06668738206931504,0.0013270232244314152,0.0050113820693150415,0,0.06402596820411013,0.0018245856335363602,0.0023499682041101325,0
16653,77,7,0.081661,408305,0.08404077771275394,0.0075249214482620876,0.002379777712753939,0,0.08528129078972703,0.0013493921115556465,0.003620290789727032,0,0.08524205394453091,0.0016067503740957417,0.0035810539445309125,0
16653,77,8,0.102848,514240,0.10230992166164579,0.009129197228713706,0.0005380783383542032,0,0.10220477338836939,0.0010994045003023753,0.000643226611630604,0,0.1038206616310959,0.0016629403558229981,0.0009726616310959113,0
16653,77,9,0.1212298,606149,0.12340430217659024,0.010633048497591393,0.0021745021765902373,0,0.11555567057011644,0.0015069001582209299,0.005674129429883559,0,0.11945505739104026,0.0022404098050485773,0.0017747426089597396,0
16653,77,10,0.1298464,649232,0.13030548056303215,0.010909684643744498,0.0004590805630321493,0,0.12303032273159084,0.0016824659777925364,0.00681607726840916,0,0.12863588110519802,0.002450156135570205,0.0012105188948019763,0
16653,77,11,0.127898,639490,0.1259914972881176,0.010505740506055924,0.0019065027118824185,0,0.12154197511429113,0.001240210790524532,0.006356024885708883,0,0.12675457772000498,0.0018172679215594956,0.0011434222799950322,0
16653,77,12,0.1138454,569227,0.1154797426245369,0.009541013429484796,0.0016343426245369053,0,0.10897789447822756,0.0011250674148281388,0.004867505521772439,0,0.11166921369321892,0.001953590480047493,0.0021761863067810833,0
16653,77,13,0.0881344,440672,0.08603253734230892,0.009141614503061377,0.002101862657691078,0,0.085451413242323,0.0016026020225811232,0.002682986757677003,0,0.08503410788637013,0.0020188252000991093,0.003100292113629874,0
16653,77,14,0.0550872,275436,0.05268636706435148,0.005995582846245876,0.0024008329356485225,0,0.05403688374995992,0.0011279909456503162,0.0010503162500400814,0,0.052575021226712,0.0012968097811527277,0.002512178773288,0
16653,77,15,0.0228062,114031,0.024493410588780733,0.004277585498553841,0.001687210588780734,0,0.02375585531495453,0.0008486830010298814,0.0009496553149545318,0,0.023458827843813417,0.0008355722652856555,0.0006526278438134178,0
16653,77,16,0.0042082,21041,0.003900780680728407,0.0018692753828948307,0.0003074193192715924,0,0.0049678099018394825,0.00026543204258303976,0.0007596099018394829,0,0.006177131726640535,0.00032086323623375414,0.0019689317266405352,0
16653,77,17,0.0003554,1777,0.00016548129217882205,0.00035397033158941744,0.00018991870782117797,16,0.0004859759723682366,7.314942980165482e-05,0.00013057597236823656,0,0.0007259771305093627,5.612953012329024e-05,0.0003705771305093627,0
16653,77,18,6.6e-06,33,0.0,0.0,6.6e-06,20,1.477331248929857e-05,7.077627125758817e-06,8.173312489298568e-06,0,4.03279891409017e-05,7.061185465611644e-06,3.3727989140901704e-05,0
16653,77,19,0,0,0.0,0.0,0.0,20,0.0,0.0,0.0,20,6.636403868008863e-07,3.669593977426223e-07,6.636403868008863e-07,0
16653,77,20,0,0,0.0,0.0,0.0,20,0.0,0.0,0.0,20,0.0,0.0,0.0,20
16653,80,1,0.0057486,28743,0.005373653728897416,0.0019961964290551074,0.0003749462711025841,0,0.006186343287863412,0.00030791145270057306,0.0004377432878634119,0,0.003483696121721258,0.0002258406504259765,0.0022649038782787422,0
16653,80,2,0.0160456,80228,0.01646602321887995,0.003159929305764271,0.0004204232188799485,0,0.01743133597184827,0.0006175158252504062,0.001385735971848271,0,0.012024233002456365,0.0005089682063369365,0.004021366997543635,0
16653,80,3,0.031894,159470,0.031551963729685044,0.004802848734220039,0.00034203627031495487,0,0.03347843551855256,0.0007402690750756272,0.001584435518552564,0,0.026863889358991123,0.0008162095494270257,0.005030110641008875,0
16653,80,4,0.0538528,269264,0.05410673642709314,0.004382844246648762,0.00025393642709314185,0,0.053244804763136235,0.0007343170013727855,0.0006079952368637648,0,0.04720720792122798,0.0010033579231127896,0.006645592078772022,0
16653,80,5,0.0789548,394774,0.08054144285013874,0.008226746154036521,0.0015866428501387364,0,0.07396975952580967,0.0011041733970814955,0.004985040474190336,0,0.06919090509513645,0.0017914604042057248,0.009763894904863554,0
16653,80,6,0.1005426,502713,0.09889203959641488,0.006303692414863425,0.001650560403585119,0,0.09268490928155114,0.0016916830970657604,0.007857690718448856,0,0.09037322697284887,0.002423706769220387,0.010169373027151124,0
16653,80,7,0.1178684,589342,0.11541699159345839,0.007283769342812497,0.002451408406541608,0,0.10762505387437712,0.0015477143467571054,0.010243346125622874,0,0.10908518168512689,0.001958778869907078,0.008783218314873109,0
16653,80,8,0.127343,636715,0.12724741774537005,0.010139396110980433,9.558225462996672e-05,0,0.1166878779458714,0.0012228666330806747,0.010655122054128607,0,0.1201558445183329,0.0018400857815943053,0.00718715548166711,0
16653,80,9,0.1239224,619612,0.12459425195105056,0.01021404448744243,0.0006718519510505588,0,0.11907681218579622,0.001543435458301176,0.004845587814203786,0,0.12429379190967242,0.0024907284569540685,0.0003713919096724194,0
16653,80,10,0.1117808,558904,0.1141674204841893,0.009751743166270917,0.0023866204841893057,0,0.1134842084923666,0.0016325008541091524,0.0017034084923665954,0,0.11977216536545147,0.0023848142008159588,0.007991365365451475,0
16653,80,11,0.0923326,461663,0.08995009961754644,0.009770396601980291,0.0023825003824535645,0,0.09907305401745921,0.0011323876997930108,0.006740454017459208,0,0.10447058079165361,0.0015374477017291994,0.01213798079165361,0
16653,80,12,0.0676488,338244,0.06804477294090325,0.006775349407704178,0.0003959729409032525,0,0.07730782571280628,0.0009278122389182858,0.009659025712806288,0,0.08035233582043853,0.0015223210699636355,0.012703535820438538,0
16653,80,13,0.0423584,211792,0.04274114897865412,0.005331996360134286,0.0003827489786541252,0,0.05168547240264289,0.0011325094353285025,0.00932707240264289,0,0.05257238131873567,0.0012997028554454918,0.010213981318735674,0
16653,80,14,0.0212048,106024,0.02102472492495523,0.0038258187011981767,0.00018007507504477077,0,0.02709824924286598,0.0007266299331720482,0.005893449242865979,0,0.02752942417778348,0.000816713905841098,0.00632462417778348,0
16653,80,15,0.0073212,36606,0.007356216621040945,0.002620938106281041,3.5016621040944926e-05,0,0.009451534156607098,0.00040634399951121694,0.002130334156607098,0,0.010217893913874652,0.00045168730164405987,0.002896693913874652,0
16653,80,16,0.0011054,5527,0.0006655051851602656,0.0006074593290031793,0.00043989481483973445,6,0.001421767987875858,0.00010922661429708428,0.00031636798787585785,0,0.00220835504974209,0.0001425682545033148,0.00110295504974209,0
16653,80,17,7.44e-05,372,7.256928267864395e-05,0.0002272076160161572,1.830717321356056e-06,18,9.099161567157492e-05,1.986041609298401e-05,1.659161567157491e-05,0,0.00019164224523807416,2.1041422613116896e-05,0.00011724224523807415,0
16653,80,18,1.4e-06,7,0.0,0.0,1.4e-06,20,1.5640168984212385e-06,1.344018085075996e-06,1.6401689842123852e-07,0,7.178166267897237e-06,1.8685598529808856e-06,5.778166267897237e-06,0
16653,80,19,0,0,0.0,0.0,0.0,20,0.0,0.0,0.0,20,6.656530017126524e-08,6.461069908762784e-08,6.656530017126524e-08,0
16653,80,20,0,0,0.0,0.0,0.0,20,0.0,0.0,0.0,20,0.0,0.0,0.0,20
16653,87,1,1.4e-05,70,0.0,0.0,1.4e-05,20,4.881317767626725e-06,1.2793209769010716e-06,9.118682232373276e-06,0,3.020558290644188e-06,4.2408037605477165e-07,1.0979441709355811e-05,0
16653,87,2,8.32e-05,416,0.0,0.0,8.32e-05,20,4.674577892441714e-05,4.8335169714182795e-06,3.645422107558286e-05,0,3.192640449958332e-05,3.1235581044537984e-06,5.127359550041668e-05,0
16653,87,3,0.0003152,1576,0.00019268843000197594,0.00032412923970525455,0.00012251156999802407,13,0.00022328722408487267,1.7643937050625614e-05,9.191277591512735e-05,0,0.0001771953250133871,1.1188308006500816e-05,0.0001380046749866129,0
16653,87,4,0.0008814,4407,0.0005877335352192474,0.0007550567549675044,0.00029366646478075256,6,0.0007548250821069582,2.791153504002147e-05,0.0001265749178930418,0,0.0006591204237648724,2.5383968076507884e-05,0.00022227957623512757,0
16653,87,5,0.0021732,10866,0.0014980108734284018,0.0010644148676578825,0.0006751891265715983,3,0.0020332785761452395,6.891455838918722e-05,0.00013992142385476063,0,0.001857949973864206,8.340875227237323e-05,0.00031525002613579404,0
16653,87,6,0.0045714,22857,0.005203971801762084,0.002761655078610335,0.000632571801762084,0,0.004560352992911179,0.00016154132582340668,1.104700708882099e-05,0,0.004429962180946054,0.0001888563763597819,0.00014143781905394566,0
16653,87,7,0.0088838,44419,0.008881626219913624,0.0023073652294477347,2.1737800863768503e-06,0,0.009229000483842672,0.0002816690259366117,0.00034520048384267116,0,0.009351577305299709,0.00028936075801071556,0.0004677773052997082,0
16653,87,8,0.0161494,80747,0.01623916210828485,0.005101547946442338,8.976210828485001e-05,0,0.017149905319030385,0.0003780020425585038,0.0010005053190303842,0,0.01782354282167921,0.0004986656639860096,0.0016741428216792073,0
16653,87,9,0.027611,138055,0.026523424222000734,0.0035599587339057662,0.001087575777999266,0,0.029774541558501184,0.0006688407726321615,0.0021635415585011843,0,0.032015648282813905,0.0007077788424717422,0.004404648282813905,0
16653,87,10,0.044629,223145,0.04477388827037534,0.005494066885137434,0.00014488827037533597,0,0.0492272845285192,0.0009242991972693035,0.004598284528519195,0,0.053811978959835735,0.0012687594983953406,0.009182978959835733,0
16653,87,11,0.0698346,349173,0.07066904604708532,0.006636490430937115,0.0008344460470853243,0,0.0770818733574026,0.0012860350875391045,0.007247273357402606,0,0.0851415385755218,0.0015976776163781196,0.015306938575521803,0
16653,87,12,0.1077364,538682,0.11003012102194905,0.0074624833342405595,0.0022937210219490523,0,0.11464141429316448,0.0016069086026706285,0.00690501429316448,0,0.12511499610125362,0.002612380494651774,0.017378596101253627,0
16653,87,13,0.1634256,817128,0.16224876037959254,0.0110574604081186,0.0011768396204074605,0,0.15800332243504037,0.0027955940490312563,0.005422277564959638,0,0.16734279904469243,0.004239361827891661,0.0039171990446924265,0
16653,87,14,0.229227,1146135,0.22831557304142097,0.012326727372035813,0.0009114269585790147,0,0.19122251192004291,0.0027632174154530653,0.03800448807995707,0,0.19129389035586328,0.0037259134517924485,0.03793310964413671,0
16653,87,15,0.1949674,974837,0.1923656053806359,0.012208987105134265,0.002601794619364106,0,0.18264324970167023,0.00311719396313917,0.012324150298329783,0,0.1737936871959898,0.0033117700999841806,0.021173712804010203,0
16653,87,16,0.091062,455310,0.0923517768663276,0.00790856971390117,0.0012897768663275994,0,0.11248375684448801,0.002482864156351352,0.021421756844488007,0,0.09728285125822514,0.002520042982064734,0.006220851258225135,0
16653,87,17,0.0320508,160254,0.03288240175615468,0.0049600151747438105,0.0008316017561546818,0,0.042951378871822515,0.001431159604066748,0.010900578871822518,0,0.03294091231614539,0.0008855528558475738,0.000890112316145393,0
16653,87,18,0.0063836,31918,0.005509585857102316,0.0019081024882598306,0.0008740141428976835,0,0.007966282291034622,0.0005768535656710526,0.001582682291034622,0,0.006455154148960388,0.00032733668413210243,7.155414896038801e-05,0
16653,87,19,1e-06,5,0.0,0.0,1e-06,20,2.107423500540422e-06,3.4790741369938327e-06,1.107423500540422e-06,9,0.00047221436866624916,4.5197606806430456e-05,0.00047121436866624913,0
16653,87,20,0,0,0.0,0.0,0.0,20,0.0,0.0,0.0,20,3.4398674598658096e-08,6.398172791422329e-08,3.4398674598658096e-08,9
16653,95,1,0,0,0.0,0.0,0.0,20,0.0,0.0,0.0,20,0.0,0.0,0.0,20
16653,95,2,0,0,0.0,0.0,0.0,20,0.0,0.0,0.0,20,0.0,0.0,0.0,20
16653,95,3,0,0,0.0,0.0,0.0,20,0.0,0.0,0.0,20,0.0,0.0,0.0,20
16653,95,4,0,0,0.0,0.0,0.0,20,0.0,0.0,0.0,20,0.0,0.0,0.0,20
16653,95,5,0,0,0.0,0.0,0.0,20,0.0,0.0,0.0,20,2.3481587839837153e-09,4.818320159251783e-09,2.3481587839837153e-09,16
16653,95,6,0,0,0.0,0.0,0.0,20,1.2071666267490296e-08,2.477406723190348e-08,1.2071666267490296e-08,16,5.61209949372108e-08,2.660895222978908e-08,5.61209949372108e-08,0
16653,95,7,1.6e-06,8,0.0,0.0,1.6e-06,20,2.2211264616548614e-07,1.1792362015867654e-07,1.3778873538345137e-06,0,7.022412660175639e-07,1.4805212468876773e-07,8.977587339824361e-07,0
16653,95,8,6.2e-06,31,0.0,0.0,6.2e-06,20,2.3523130025254046e-06,5.175432171291366e-07,3.847686997474595e-06,0,5.083162646905826e-06,7.31898379612164e-07,1.1168373530941743e-06,0
16653,95,9,2.56e-05,128,0.0,0.0,2.56e-05,20,1.473001461375507e-05,2.2749431059901917e-06,1.0869985386244928e-05,0,2.7581594904709986e-05,2.5230939741011577e-06,1.981594904709987e-06,0
16653,95,10,0.000101,505,0.0,0.0,0.000101,20,7.210835726734527e-05,7.0034822425831344e-06,2.889164273265473e-05,0,0.000127663384945101,1.1539121890435026e-05,2.6663384945100995e-05,0
16653,95,11,0.0003542,1771,0.0002256407647460745,0.0005455927166240492,0.00012855923525392548,16,0.00030784346516267924,2.7751199331411995e-05,4.6356534837320754e-05,0,0.0005433565239022534,3.116483201381629e-05,0.00018915652390225345,0
16653,95,12,0.0012788,6394,0.0005898787905080874,0.0008303221549554291,0.0006889212094919126,10,0.001241785374244384,7.93184193972368e-05,3.701462575561609e-05,0,0.0022797035212065277,0.00014924740048225825,0.0010009035212065276,0
16653,95,13,0.0045126,22563,0.004033925583918985,0.0019301575722257946,0.00047867441608101524,0,0.005013712836407039,0.00029360420586383427,0.0005011128364070389,0,0.008790622952567027,0.0003442785619627697,0.004278022952567026,0
16653,95,14,0.0148096,74048,0.014317344931489787,0.0039530039326771,0.0004922550685102119,0,0.01815336948334846,0.0006100649306181437,0.003343769483348462,0,0.029923753402247455,0.0012661631142521859,0.015114153402247456,0
16653,95,15,0.0452186,226093,0.0457173262470701,0.005337793609403102,0.0004987262470701054,0,0.05563688933380889,0.0016073207079667351,0.010418289333808894,0,0.0943709620823047,0.0032192498213823324,0.049152362082304696,0
16653,95,16,0.1388512,694256,0.13677351562221665,0.00926593916657542,0.0020776843777833565,0,0.1465035919792977,0.00383598356123017,0.007652391979297679,0,0.1866212755303359,0.004424817936491549,0.04777007553033588,0
16653,95,17,0.2611424,1305712,0.2621228530257862,0.010706681005464664,0.0009804530257861988,0,0.28078244139251196,0.003949985851418934,0.019640041392511964,0,0.29346761264282206,0.005052812628691721,0.032325212642822065,0
16653,95,18,0.5246126,2623063,0.5257168632821891,0.009863033332556262,0.0011042632821891551,0,0.4471232728929529,0.006443848030638103,0.07748932710704709,0,0.3398953907075897,0.005710966664950685,0.1847172092924103,0
16653,95,19,0.0090816,45408,0.008913181447196026,0.0034985775019912495,0.0001684185528039745,0,0.045081702508122774,0.002572169062255914,0.03600010250812277,0,0.043620707137532945,0.0009073135500652309,0.03453910713753294,0
16653,95,20,4e-06,20,0.0,0.0,4e-06,20,6.596586494690559e-05,0.00010119769910235206,6.196586494690558e-05,1,0.0003255266465747216,3.375748180511762e-05,0.0003215266465747216,0
16653,96,1,0.001656,8280,0.0013580058867938896,0.0012940573260028778,0.0002979941132061103,6,0.0031984254338979375,0.000204013986352266,0.0015424254338979376,0,0.0017448482694617917,0.00013295185401710852,8.884826946179173e-05,0
16653,96,2,0.00667,33350,0.0061940067541472145,0.0027039925055965227,0.00047599324585278525,0,0.01094679623621898,0.00044920905162682115,0.00427679623621898,0,0.007305009009881683,0.0003453380762995123,0.0006350090098816829,0
16653,96,3,0.0163954,81977,0.015216990316354146,0.004409114067570022,0.0011784096836458553,0,0.02384551438571984,0.0006264415376189879,0.007450114385719839,0,0.018663941105997103,0.00064615959810392,0.0022685411059971024,0
16653,96,4,0.031619,158095,0.03244995147936807,0.005965740564122073,0.0008309514793680695,0,0.041594078718972305,0.0006348553318965616,0.009975078718972304,0,0.03612375691493459,0.0008044596242342408,0.004504756914934592,0
16653,96,5,0.0508016,254008,0.05036596558618141,0.004507394569529087,0.0004356344138185947,0,0.06202609993945296,0.0009621056968916236,0.011224499939452959,0,0.05717486377263672,0.001570075722782103,0.0063732637726367156,0
16653,96,6,0.071805,359025,0.07091114793357273,0.008419228979270974,0.000893852066427267,0,0.08254087688150075,0.0015648762676668995,0.010735876881500753,0,0.07942747135651596,0.0022138873196901267,0.007622471356515961,0
16653,96,7,0.0943982,471991,0.09554992838057794,0.010845752599319684,0.001151728380577935,0,0.10076775529847845,0.0015007149891530735,0.006369555298478449,0,0.10115627788525383,0.00185428635258008,0.00675807788525383,0
16653,96,8,0.1162318,581159,0.11451715311242879,0.008314624110226146,0.0017146468875712112,0,0.11444923734648493,0.0012260875672687245,0.001782562653515063,0,0.11684310846550128,0.0018021326018428981,0.0006113084655012813,0
16653,96,9,0.13231,661550,0.13266661385426676,0.009348720809550404,0.0003566138542667463,0,0.12195966281805629,0.0015317798795714279,0.010350337181943725,0,0.12637692728616806,0.002472642310715607,0.0059330727138319495,0
16653,96,10,0.1358766,679383,0.13793537411178208,0.006033641878034319,0.002058774111782097,0,0.12104575810296492,0.0017132690665229125,0.014830841897035069,0,0.1271580020084528,0.002486354790817729,0.0087185979915472,0
16653,96,11,0.1246466,623233,0.12377063565173992,0.008237001937897679,0.0008759643482600804,0,0.11048279396261959,0.0012049678697168506,0.014163806037380405,0,0.11580787064195881,0.0016880018308005709,0.008838729358041184,0
16653,96,12,0.1002108,501054,0.09815048053588225,0.005723086559780456,0.002060319464117749,0,0.09043030286190228,0.001014699546255622,0.009780497138097727,0,0.09337754566743388,0.0017177925711128305,0.006833254332566124,0
16653,96,13,0.0676158,338079,0.06960928626145482,0.006996047645196023,0.0019934862614548188,0,0.06392543023417,0.0013318118196959546,0.0036903697658300094,0,0.06447534076372871,0.0015604050143605813,0.0031404592362712924,0
16653,96,14,0.0351674,175837,0.03432628940695332,0.004995707254914671,0.0008411105930466803,0,0.03601288362947776,0.0008748148749913277,0.0008454836294777557,0,0.035988984179045905,0.0009916907148972405,0.0008215841790459033,0
16653,96,15,0.0122928,61464,0.01301762766167452,0.0035884137484056273,0.0007248276616745198,0,0.01396582429638853,0.0005449704119063997,0.0016730242963885304,0,0.0145007521536275,0.0005820053316539668,0.0022079521536275005,0
16653,96,16,0.0020724,10362,0.0015775609284178372,0.0011706483032061636,0.0004948390715821627,3,0.002563965600545462,0.00015591149249980245,0.0004915656005454621,0,0.0034840247318849737,0.0001997046889786098,0.0014116247318849738,0
16653,96,17,0.0002194,1097,0.00016877770398590147,0.0003932076832089648,5.062229601409852e-05,15,0.00023683254163681501,3.683442561161253e-05,1.743254163681502e-05,0,0.0003710315802620589,3.184783674698629e-05,0.00015163158026205891,0
16653,96,18,1.12e-05,56,0.0,0.0,1.12e-05,20,7.761711512180915e-06,3.2640976442144155e-06,3.4382884878190843e-06,0,1.988850479953924e-05,3.5472213750779218e-06,8.68850479953924e-06,0
16653,96,19,0,0,0.0,0.0,0.0,20,0.0,0.0,0.0,20,3.557024547389231e-07,1.7302580391120234e-07,3.557024547389231e-07,0
16653,96,20,0,0,0.0,0.0,0.0,20,0.0,0.0,0.0,20,0.0,0.0,0.0,20
16653,125,1,0,0,0.0,0.0,0.0,20,0.0,0.0,0.0,20,0.0,0.0,0.0,20
16653,125,2,0,0,0.0,0.0,0.0,20,0.0,0.0,0.0,20,0.0,0.0,0.0,20
16653,125,3,0,0,0.0,0.0,0.0,20,0.0,0.0,0.0,20,0.0,0.0,0.0,20
16653,125,4,0,0,0.0,0.0,0.0,20,0.0,0.0,0.0,20,0.0,0.0,0.0,20
16653,125,5,0,0,0.0,0.0,0.0,20,0.0,0.0,0.0,20,0.0,0.0,0.0,20
16653,125,6,0,0,0.0,0.0,0.0,20,0.0,0.0,0.0,20,0.0,0.0,0.0,20
16653,125,7,0,0,0.0,0.0,0.0,20,0.0,0.0,0.0,20,0.0,0.0,0.0,20
16653,125,8,0,0,0.0,0.0,0.0,20,0.0,0.0,0.0,20,0.0,0.0,0.0,20
16653,125,9,0,0,0.0,0.0,0.0,20,0.0,0.0,0.0,20,0.0,0.0,0.0,20
16653,125,10,0,0,0.0,0.0,0.0,20,0.0,0.0,0.0,20,0.0,0.0,0.0,20
16653,125,11,0,0,0.0,0.0,0.0,20,0.0,0.0,0.0,20,0.0,0.0,0.0,20
16653,125,12,0,0,0.0,0.0,0.0,20,0.0,0.0,0.0,20,0.0,0.0,0.0,20
16653,125,13,0,0,0.0,0.0,0.0,20,0.0,0.0,0.0,20,1.6923782365901703e-08,1.4681879746486664e-08,1.6923782365901703e-08,0
16653,125,14,0,0,0.0,0.0,0.0,20,6.516722665207896e-08,6.032082335079006e-08,6.516722665207896e-08,0,6.302722323925081e-07,2.1925278197112297e-07,6.302722323925081e-07,0
16653,125,15,1.6e-06,8,1.4902879536189113e-06,6.664770340681879e-06,1.0971204638108865e-07,19,2.1060575185791896e-06,7.757728889370651e-07,5.060575185791897e-07,0,2.2706006071056302e-05,3.4894740855113124e-06,2.11060060710563e-05,0
16653,125,16,6.42e-05,321,0.0,0.0,6.42e-05,20,7.709976547097735e-05,1.3365137947020606e-05,1.2899765470977348e-05,0,0.000366059402378813,3.58804720500098e-05,0.000301859402378813,0
16653,125,17,0.0006736,3368,0.0003033762137083819,0.0004311174986224254,0.0003702237862916181,10,0.0017490593368843517,0.00026006332945103963,0.0010754593368843515,0,0.0072624295492529885,0.0004056758925520496,0.006588829549252989,0
16653,125,18,0.0103728,51864,0.010400633000116438,0.0034348405349842047,2.7833000116437787e-05,0,0.055810433809181194,0.002828736316691119,0.04543763380918119,0,0.4728828033307333,0.006383456701603107,0.4625100033307333,0
16653,125,19,0.9294478,4647239,0.9290115206856735,0.007891377788950852,0.00043627931432654865,0,0.7583407298995769,0.0074214033669466615,0.17110707010042314,0,0.45303946270820133,0.006353222707270627,0.4764083372917987,0
16653,125,20,0.05944,297200,0.058934212799570354,0.00684408280193612,0.0005057872004296457,0,0.18402050596414166,0.006325344737471808,0.12458050596414166,0,0.0664258918073481,0.0028473513131522937,0.006985891807348106,0
16653,279,1,0.014089,70445,0.014422738885997984,0.00345348932944678,0.0003337388859979834,0,0.018588453259496884,0.0007367381474355785,0.004499453259496883,0,0.010875067366709233,0.000593362413504225,0.003213932633290768,0
16653,279,2,0.0325408,162704,0.0331872395107663,0.004265691113866218,0.000646439510766296,0,0.04224181664519823,0.0011928408492843311,0.009701016645198228,0,0.030336306124525182,0.0011319937501396344,0.0022044938754748195,0
16653,279,3,0.056658,283290,0.05562036429988328,0.004141234327570086,0.0010376357001167166,0,0.06787837326676442,0.0010826258276060673,0.011220373266764422,0,0.056648139589108325,0.001444187307372657,9.860410891675275e-06,0
16653,279,4,0.0863574,431787,0.08566235920243681,0.00862287921832595,0.00069504079756319,0,0.09202226977324493,0.0010394724378857674,0.005664869773244929,0,0.08491982148050163,0.0017483189679989102,0.0014375785194983698,0
16653,279,5,0.1134848,567424,0.11148483777214457,0.00877471541882317,0.001999962227855423,0,0.1101737344152478,0.001560825565097469,0.003311065584752193,0,0.1071728515111648,0.0025557288379680857,0.006311948488835192,0
16653,279,6,0.1280652,640326,0.130295576137344,0.009540480173400574,0.0022303761373440034,0,0.12030495422030225,0.0019232262852428117,0.007760245779697736,0,0.12112837981839253,0.003086265631910692,0.0069368201816074615,0
16653,279,7,0.1302946,651473,0.12752690684681817,0.0140884388959352,0.002767693153181844,0,0.12137166844997652,0.0013925879897517478,0.008922931550023494,0,0.1271849316266638,0.002349229328774412,0.003109668373336205,0
16653,279,8,0.1211782,605891,0.12328019775012804,0.00700545324422172,0.0021019977501280374,0,0.11422415749220842,0.0013961202012524635,0.00695404250779158,0,0.12137261995555296,0.0018434502224630438,0.00019441995555295744,0
16653,279,9,0.1036384,518192,0.1004256359534981,0.007368658807896004,0.0032127640465019064,0,0.10072174685962194,0.0014117466304709749,0.0029166531403780616,0,0.10808566118054372,0.002464862375166432,0.004447261180543713,0
16653,279,10,0.0828508,414254,0.087115740441693,0.0072666930232765685,0.0042649404416929965,0,0.08190102859986324,0.0013326832597349639,0.0009497714001367591,0,0.08928132312713247,0.0019988622989119457,0.006430523127132465,0
16653,279,11,0.0609868,304934,0.060378201580313484,0.006790358505867999,0.0006085984196865166,0,0.0602421769525775,0.0009080055505592037,0.0007446230474225032,0,0.06577697491979291,0.0010929915808397645,0.00479017491979291,0
16653,279,12,0.0394822,197411,0.039559245442092064,0.006251126439745859,7.704544209206216e-05,0,0.03872986669600391,0.0006210663397095839,0.000752333303996093,0,0.042086776463897344,0.0009611850717648662,0.0026045764638973415,0
16653,279,13,0.020757,103785,0.020124511589406903,0.003034906661792297,0.0006324884105930982,0,0.02080483122170332,0.00059867193805705,4.783122170332055e-05,0,0.022455490791791884,0.0006281657476415561,0.0016984907917918825,0
16653,279,14,0.0077838,38919,0.00822110920862577,0.0019146214122648607,0.0004373092086257706,0,0.00843449480811177,0.00032751207876715276,0.0006506948081117696,0,0.009439258024775018,0.00036255842089244207,0.0016554580247750183,0
16653,279,15,0.001717,8585,0.00125794178841802,0.0007891617600380207,0.00045905821158198005,3,0.0021491674176492464,0.000125549523222865,0.00043216741764924636,0,0.002752960032736037,0.0001636871331807524,0.001035960032736037,0
16653,279,16,0.0001126,563,5.735972270284396e-05,0.00021739166368419885,5.524027729715604e-05,18,0.00020373705484468232,2.5342475265183307e-05,9.113705484468232e-05,0,0.00045718918600709893,4.216743592847001e-05,0.0003445891860070989,0
16653,279,17,3.4e-06,17,0.0,0.0,3.4e-06,20,7.472133826634003e-06,2.9373649144484985e-06,4.072133826634003e-06,0,2.5687236398429735e-05,4.430949728375411e-06,2.2287236398429734e-05,0
16653,279,18,0,0,0.0,0.0,0.0,20,5.07333583703485e-08,1.0659071671775926e-07,5.07333583703485e-08,10,5.595393887483203e-07,2.575159566706906e-07,5.595393887483203e-07,0
16653,279,19,0,0,0.0,0.0,0.0,20,0.0,0.0,0.0,20,2.0249179927666623e-09,4.463349332847521e-09,2.0249179927666623e-09,10
16653,279,20,0,0,0.0,0.0,0.0,20,0.0,0.0,0.0,20,0.0,0.0,0.0,20
16653,429,1,0.0002122,1061,8.320726384304876e-05,0.00018798337524770248,0.00012899273615695124,16,0.00015099715201953917,1.5252991638504972e-05,6.120284798046083e-05,0,8.15396287740233e-05,8.693147621586743e-06,0.00013066037122597672,0
16653,429,2,0.0010538,5269,0.0007049099877273092,0.0007496381336835659,0.0003488900122726907,7,0.0008126729557236493,5.0977285954407285e-05,0.00024112704427635065,0,0.0005313604351984424,3.3807920880744953e-05,0.0005224395648015575,0
16653,429,3,0.0031414,15707,0.0026844576297886075,0.001707779063030377,0.00045694237021139247,2,0.002598823497643369,0.00012588256876712293,0.000542576502356631,0,0.0019885185091302873,9.477520484157846e-05,0.0011528814908697126,0
16653,429,4,0.007186,35930,0.007996385912120757,0.0023677449964975817,0.0008103859121207577,0,0.0063625551204423815,0.00015737389616179713,0.0008234448795576181,0,0.005382947770733245,0.00014810910871245552,0.0018030522292667543,0
16653,429,5,0.013803,69015,0.013703515801379096,0.003961312501267884,9.948419862090309e-05,0,0.012950107833491514,0.00027781939416105444,0.000852892166508485,0,0.011583911630163219,0.00041967587290707794,0.0022190883698367803,0
16653,429,6,0.0234312,117156,0.024415314885296097,0.005186997355797133,0.000984114885296098,0,0.022808580632195378,0.0006125818200722915,0.0006226193678046214,0,0.021597615003603052,0.0007326498174464906,0.0018335849963969468,0
16653,429,7,0.0371578,185789,0.03697065998610745,0.00621939289903048,0.00018714001389254914,0,0.036787399651622726,0.0008278320711253293,0.00037040034837727137,0,0.03632201285760393,0.0008489468520035863,0.0008357871423960647,0
16653,429,8,0.0550474,275237,0.05307111641664395,0.007016643897230615,0.0019762835833560533,0,0.05499110202385793,0.0007933418240831556,5.6297976142073713e-05,0,0.055512193099323204,0.0011381247141841583,0.0004647930993232005,0
16653,429,9,0.0779548,389774,0.07719081306126867,0.007039682071819513,0.0007639869387313369,0,0.07718150209494709,0.001216194345254701,0.0007732979050529137,0,0.07996706817164623,0.0014771587216228271,0.0020122681716462226,0
16653,429,10,0.104094,520470,0.10151270225931949,0.008330074862283801,0.002581297740680513,0,0.10252564237633541,0.001479534997751852,0.0015683576236645985,0,0.10759657008246666,0.0020922014798495894,0.003502570082466655,0
16653,429,11,0.1329606,664803,0.13815238914987124,0.01254927943388325,0.005191789149871229,0,0.12749373081736462,0.001432610331323016,0.005466869182635392,0,0.13409921898052374,0.0020320131850682854,0.0011386189805237257,0
16653,429,12,0.1615484,807742,0.16150360722120732,0.010196778780991343,4.479277879268495e-05,0,0.1469544928246836,0.0014703782377113832,0.014593907175316417,0,0.15174852258285876,0.002617286560219364,0.00979987741714125,0
16653,429,13,0.1671,835500,0.16717179620199024,0.00967499079842583,7.179620199024295e-05,0,0.1520832186380395,0.002452143183296321,0.015016781361960496,0,0.15192776530990115,0.003625915427026372,0.015172234690098846,0
16653,429,14,0.127148,635740,0.12826945499785689,0.007904809048668677,0.0011214549978568744,0,0.13246450991829412,0.002003551425647805,0.0053165099182941045,0,0.12628317882338902,0.002473167696299923,0.0008648211766109914,0
16653,429,15,0.0667028,333514,0.0641177540810257,0.006770295899811817,0.0025850459189743075,0,0.08581146280048471,0.0021679958860125617,0.019108662800484705,0,0.07894788749201465,0.001976502337968288,0.012245087492014639,0
16653,429,16,0.0181472,90736,0.0177722964362528,0.0038994393976987947,0.0003749035637471976,0,0.03119052083954051,0.001014803190693854,0.01304332083954051,0,0.029796299497994876,0.0010747243411378454,0.011649099497994878,0
16653,429,17,0.0031028,15514,0.0029592024654059483,0.0020585769339711837,0.00014359753459405183,1,0.006313405858050262,0.00044322155102153134,0.003210605858050262,0,0.005955610962463701,0.00025721199117988234,0.0028528109624637006,0
16653,429,18,0.0002086,1043,7.702866123612443e-05,0.00019230251393158134,0.00013157133876387557,17,0.0005192749652641196,8.652502286040429e-05,0.00031067496526411965,0,0.0006510251985509146,5.538144901359471e-05,0.0004424251985509146,0
16653,429,19,0,0,0.0,0.0,0.0,20,0.0,0.0,0.0,20,2.6753963661355123e-05,5.483578033264553e-06,2.6753963661355123e-05,0
16653,429,20,0,0,0.0,0.0,0.0,20,0.0,0.0,0.0,20,0.0,0.0,0.0,20
16653,457,1,0,0,0.0,0.0,0.0,20,0.0,0.0,0.0,20,0.0,0.0,0.0,20
16653,457,2,0,0,0.0,0.0,0.0,20,0.0,0.0,0.0,20,1.0049226610543727e-09,1.3832704186136804e-09,1.0049226610543727e-09,12
16653,457,3,0,0,0.0,0.0,0.0,20,1.1091903126913013e-08,1.4944565048353054e-08,1.1091903126913013e-08,12,3.051804047051392e-08,1.3002029845007434e-08,3.051804047051392e-08,0
16653,457,4,0,0,0.0,0.0,0.0,20,2.2529441069464456e-07,8.776960231016229e-08,2.2529441069464456e-07,0,3.7544788357097563e-07,7.610907039977471e-08,3.7544788357097563e-07,0
16653,457,5,4e-06,20,0.0,0.0,4e-06,20,1.945576322526508e-06,3.5388099744450876e-07,2.054423677473492e-06,0,2.4904244544166897e-06,3.137871300173922e-07,1.5095755455833101e-06,0
16653,457,6,1.78e-05,89,0.0,0.0,1.78e-05,20,9.720209752820012e-06,1.0860269049430003e-06,8.079790247179987e-06,0,1.311119503807687e-05,1.2883031213827399e-06,4.688804961923128e-06,0
16653,457,7,5.8e-05,290,2.8898457167293903e-05,8.894757438691082e-05,2.9101542832706097e-05,18,4.135472226681958e-05,3.3621492127800354e-06,1.664527773318042e-05,0,5.4637392242542834e-05,3.5284879218061665e-06,3.3626077574571664e-06,0
16653,457,8,0.0001848,924,1.4449228583646952e-05,6.461891467093518e-05,0.00017035077141635304,19,0.0001471921933134428,8.673063398375427e-06,3.76078066865572e-05,0,0.00019518125168680773,1.2383285650578407e-05,1.0381251686807742e-05,0
16653,457,9,0.0004982,2491,0.00015862303552544878,0.00033850527324422977,0.0003395769644745512,15,0.0004665602210755781,2.5553983616402853e-05,3.163977892442184e-05,0,0.0006401249364184979,3.2777436242849775e-05,0.00014192493641849795,0
16653,457,10,0.0013094,6547,0.0010499310881473389,0.0009721336483408124,0.0002594689118526612,7,0.0013899580635565825,6.650185572548287e-05,8.055806355658241e-05,0,0.0019270590337688927,9.853017554852656e-05,0.0006176590337688926,0
16653,457,11,0.0032672,16336,0.002530736538527546,0.0015947460862711642,0.0007364634614724541,1,0.003916238356461329,0.00018163356158703995,0.000649038356461329,0,0.005574462495502522,0.00021279426001354488,0.0023072624955025223,0
16653,457,12,0.0083004,41502,0.008730628904563336,0.002891065255027006,0.00043022890456333694,0,0.010853157556897645,0.00040386459025837574,0.0025527575568976453,0,0.015693259656770212,0.0006835997855249109,0.007392859656770213,0
16653,457,13,0.0216762,108381,0.019949420214893935,0.0026586978806594982,0.0017267797851060647,0,0.02941894314523901,0.0010883989951537497,0.007742743145239012,0,0.041519526278781596,0.0012922751619521091,0.019843326278781596,0
16653,457,14,0.056562,282810,0.05696969776962353,0.005686931186725253,0.0004076977696235301,0,0.07314455091356223,0.0016901016099521518,0.016582550913562227,0,0.09708886498987368,0.003149723308790329,0.04052686498987368,0
16653,457,15,0.1359706,679853,0.13756356316265783,0.012021236929544555,0.0015929631626578344,0,0.15215198759691767,0.0030253104649983873,0.016181387596917673,0,0.1998120947171272,0.0048941091586852245,0.06384149471712719,0
16653,457,16,0.2841992,1420996,0.2830699539847422,0.015687890725678055,0.0011292460152577677,0,0.24785953406351427,0.00433087443427465,0.036339665936485716,0,0.25556507287848496,0.005277146757445656,0.02863412712151503,0
16653,457,17,0.2951046,1475523,0.29569331224325046,0.013205489560909596,0.0005887122432504666,0,0.27645156159195033,0.0037262388375324715,0.01865303840804966,0,0.2338895823367937,0.00379456533296984,0.061215017663206306,0
16653,457,18,0.1923376,961688,0.19131776224380886,0.00838800002898671,0.0010198377561911331,0,0.20125883410109674,0.004964771373561846,0.008921234101096742,0,0.13272087696274523,0.003648602422659434,0.059616723037254765,0
16653,457,19,0.00051,2550,0.0006296152543120591,0.0007265777088269208,0.00011961525431205904,10,0.0028879375610074,0.00042669386747830253,0.0023779375610074,0,0.015279154900038366,0.0005316505784569274,0.014769154900038366,0
16653,457,20,0,0,0.0,0.0,0.0,20,2.87740751727575e-07,1.2868157615194955e-06,2.87740751727575e-07,19,2.4093579426550578e-05,6.922753869186143e-06,2.4093579426550578e-05,0
16653,550,1,0.0001028,514,1.532257093328866e-05,6.852462039379167e-05,8.747742906671135e-05,19,0.00017026460642776206,1.691090318134145e-05,6.746460642776205e-05,0,9.191182784051721e-05,9.576943220790877e-06,1.088817215948279e-05,0
16653,550,2,0.000585,2925,0.0002532850231716905,0.0004966416519244807,0.0003317149768283095,13,0.0008892440920570966,5.4695650276245574e-05,0.0003042440920570966,0,0.0005796302920525588,3.598277230326653e-05,5.369707947441198e-06,0
16653,550,3,0.001865,9325,0.0015449391897492484,0.0012070039682235464,0.0003200608102507515,1,0.002762907906591317,0.00012800090433096707,0.0008979079065913171,0,0.0021121747567747085,9.88508355340775e-05,0.0002471747567747086,0
16653,550,4,0.0048988,24494,0.004333506787198428,0.0016067510176323435,0.0005652932128015721,0,0.006605514519602801,0.0001597833508644832,0.0017067145196028007,0,0.005593723685165446,0.00015164857614719887,0.0006949236851654461,0
16653,550,5,0.010413,52065,0.010287829860197672,0.002960832152639407,0.00012517013980232854,0,0.013196261223954259,0.00028247718233305344,0.0027832612239542583,0,0.011823808247482175,0.0004207456935134325,0.0014108082474821749,0
16653,550,6,0.0186802,93401,0.017837693569643005,0.0035726379308488702,0.0008425064303569964,0,0.022935409608467284,0.0006010455196374079,0.004255209608467283,0,0.02171901355593468,0.0007335903664678637,0.003038813555934678,0
16653,550,7,0.030435,152175,0.03032867232074493,0.005857461435152249,0.00010632767925506867,0,0.03655874644392742,0.0008046852036366785,0.0061237464439274185,0,0.036137425571930205,0.0008391480291829304,0.005702425571930205,0
16653,550,8,0.0469278,234639,0.04661785445662438,0.005017077732047569,0.00030994554337562125,0,0.0542316303134082,0.0007827449002115873,0.0073038303134081994,0,0.05476894364027616,0.0011122741151780857,0.00784114364027616,0
16653,550,9,0.068378,341890,0.06732509798931405,0.007006475437290888,0.0010529020106859466,0,0.07570366400114345,0.0011888987862951907,0.007325664001143456,0,0.07848303952190576,0.001453490665499746,0.010105039521905765,0
16653,550,10,0.0937272,468636,0.09470818199675714,0.008395504192735978,0.000980981996757141,0,0.10028782819112791,0.001452323622338349,0.006560628191127918,0,0.10541165372666647,0.0020546191208696734,0.011684453726666474,0
16653,550,11,0.122763,613815,0.12643458664936358,0.011156992555745994,0.0036715866493635813,0,0.12488187309386856,0.0014017003101383246,0.002118873093868559,0,0.13157171654075345,0.002008411595054847,0.00880871654075345,0
16653,550,12,0.1529136,764568,0.1525338950459053,0.011359275946898461,0.0003797049540947006,0,0.14471982970355723,0.0014434831480166855,0.008193770296442776,0,0.14981169654042287,0.0026026165948661445,0.0031019034595771433,0
16653,550,13,0.171302,856510,0.170236837646274,0.012156171929048318,0.0010651623537260013,0,0.15142520362227097,0.0024563743147075824,0.019876796377729045,0,0.15172337075549486,0.0036222678300220227,0.019578629244505152,0
16653,550,14,0.1467114,733557,0.14698268370999693,0.007238448840088424,0.0002712837099969334,0,0.13428220279647757,0.002010520126830162,0.012429197203522424,0,0.12835727579419903,0.0024942071356915557,0.01835412420580096,0
16653,550,15,0.0936212,468106,0.09185776663482946,0.00916939949529476,0.0017634333651705414,0,0.08942337572096562,0.0021895233844381363,0.004197824279034382,0,0.08230392219845986,0.0020131559129699787,0.01131727780154014,0
16653,550,16,0.0295646,147823,0.029953143997200164,0.005839123301273474,0.00038854399720016433,0,0.033986510182691505,0.0010615922376615735,0.004421910182691505,0,0.032016667034480514,0.0011223034783552055,0.0024520670344805144,0
16653,550,17,0.0063964,31982,0.006441929813634263,0.0024234547941114635,4.5529813634263144e-05,0,0.007294787636629005,0.0004805964990219583,0.0008983876366290052,0,0.006690186416912973,0.00027558723634878087,0.00029378641691297277,0
16653,550,18,0.000715,3575,0.000478607722370722,0.0006157551126212052,0.00023639227762927806,11,0.0006447463368319348,9.968260931250437e-05,7.025366316806521e-05,0,0.0007702738833141226,6.223983268859779e-05,5.527388331412258e-05,0
16653,550,19,0,0,0.0,0.0,0.0,20,0.0,0.0,0.0,20,3.356600993347595e-05,6.413698611778898e-06,3.356600993347595e-05,0
16653,550,20,0,0,0.0,0.0,0.0,20,0.0,0.0,0.0,20,0.0,0.0,0.0,20
16653,588,1,0.0284526,142263,0.027444978338606717,0.004433110164356795,0.001007621661393284,0,0.0359239978478494,0.0011491170849251147,0.0074713978478493995,0,0.02176927485553776,0.0010286425163186274,0.006683325144462241,0
16653,588,2,0.0593018,296509,0.060754543300732565,0.007004590700406756,0.0014527433007325632,0,0.06833112530105127,0.001654028789849015,0.009029325301051272,0,0.05109649138113279,0.0017155191890870735,0.008205308618867209,0
16653,588,3,0.090808,454040,0.0894440769966121,0.005577981255359062,0.001363923003387904,0,0.09585186225858158,0.001190579656966713,0.005043862258581583,0,0.0830792663539832,0.0018513793650067778,0.007728733646016797,0
16653,588,4,0.1215962,607981,0.12041599339001079,0.007199777860972143,0.001180206609989215,0,0.11578039380309187,0.001250478534830457,0.005815806196908135,0,0.11087271468783597,0.002268987091457323,0.010723485312164036,0
16653,588,5,0.1400386,700193,0.1401539548887721,0.009448223819873584,0.00011535488877209565,0,0.12525299740823498,0.0018256620917791013,0.014785602591765035,0,0.12585436113934584,0.002872684687972011,0.014184238860654175,0
16653,588,6,0.1379286,689643,0.13689855685802557,0.006851725753325394,0.0010300431419744405,0,0.12459567207706401,0.0019063166067375822,0.013332927922936,0,0.12923324213460297,0.0032046386476529297,0.008695357865397046,0
16653,588,7,0.1228462,614231,0.12472940372356241,0.008300061797699996,0.0018832037235624044,0,0.11499063914069221,0.0012202878663105552,0.00785556085930779,0,0.12398366421756779,0.0024027175890303704,0.001137464217567788,0
16653,588,8,0.1000432,500216,0.09763773463975121,0.011064419784478165,0.0024054653602487847,0,0.0992899733489459,0.001353652220334089,0.0007532266510540953,0,0.10835674117538825,0.0017150141495390207,0.008313541175388253,0
16653,588,9,0.0756294,378147,0.07639126200666732,0.008805838253643098,0.0007618620066673215,0,0.08031225762243216,0.0012465594891560318,0.00468285762243216,0,0.0884379272358892,0.0021746463080543664,0.012808527235889197,0
16653,588,10,0.0537088,268544,0.05539583777455824,0.007208742160257816,0.0016870377745582393,0,0.05987285175691116,0.001046908141209498,0.0061640517569111625,0,0.0669807727796544,0.0016158343031876259,0.013271972779654403,0
16653,588,11,0.0350438,175219,0.03519691747591601,0.007497121621133015,0.00015311747591600922,0,0.04018307711594554,0.0007027744877519161,0.0051392771159455425,0,0.045135074294555745,0.0008161471110964524,0.010091274294555745,0
16653,588,12,0.0203928,101964,0.021321929863527895,0.005755133172433853,0.0009291298635278958,0,0.02337585437597323,0.00044962830363958183,0.0029830543759732306,0,0.026300255863731303,0.0006689043780131771,0.005907455863731304,0
16653,588,13,0.0097966,48983,0.008933359409674328,0.002548922389723771,0.0008632405903256733,0,0.01127632735673141,0.00036675585385055566,0.0014797273567314084,0,0.012681403466667468,0.00039157104802213657,0.002884803466667467,0
16653,588,14,0.0035076,17538,0.0030381270064017115,0.0012518356779796249,0.0004694729935982886,0,0.00402474475370731,0.00018808722994739636,0.0005171447537073103,0,0.004791808390692847,0.0002091244805986529,0.0012842083906928468,0
16653,588,15,0.0008386,4193,0.0004494204203307338,0.0004994306598402695,0.0003891795796692662,9,0.0008737867625727066,6.345208492188711e-05,3.518676257270657e-05,0,0.001239793880858759,8.548977507056858e-05,0.0004011938808587591,0
16653,588,16,6.54e-05,327,3.7867347341826466e-05,0.0001693479255678399,2.7532652658173538e-05,19,6.291626520478568e-05,1.0598578881557314e-05,2.483734795214322e-06,0,0.0001793922864842525,2.064138600744839e-05,0.0001139922864842525,0
16653,588,17,1.8e-06,9,0.0,0.0,1.8e-06,20,1.5194113705368403e-06,9.133230242335098e-07,2.805886294631596e-07,0,7.706025695048791e-06,1.7560468798826756e-06,5.906025695048791e-06,0
16653,588,18,0,0,0.0,0.0,0.0,20,3.3936400824933786e-09,1.5176819831246377e-08,3.3936400824933786e-09,19,1.0970209690096523e-07,7.532910044318114e-08,1.0970209690096523e-07,0
16653,588,19,0,0,0.0,0.0,0.0,20,0.0,0.0,0.0,20,1.282795951182497e-10,5.73683789621113e-10,1.282795951182497e-10,19
16653,588,20,0,0,0.0,0.0,0.0,20,0.0,0.0,0.0,20,0.0,0.0,0.0,20
16653,2064,1,0.2826226,1413113,0.28506354002908607,0.01000038683993344,0.0024409400290860694,0,0.25380704260629516,0.004160825749248668,0.028815557393704838,0,0.18101326886566027,0.004208046128653495,0.10160933113433973,0
16653,2064,2,0.229998,1149990,0.22379963575713768,0.010994612389774982,0.006198364242862325,0,0.21767357579303165,0.0024859981709332768,0.01232442420696836,0,0.2003403402050477,0.004917290075660409,0.0296576597949523,0
16653,2064,3,0.174932,874660,0.17678766026470444,0.009874411507935894,0.001855660264704434,0,0.17294542363644722,0.0021319529517032586,0.001986576363552789,0,0.1830197807092775,0.00395755436485717,0.008087780709277487,0
16653,2064,4,0.1197078,598539,0.1196202951657894,0.007351713224977878,8.750483421060551e-05,0,0.1284559712785477,0.0019770776760035377,0.008748171278547684,0,0.15065355593219185,0.004064061234002142,0.030945755932191843,0
16653,2064,5,0.0785634,392817,0.080067796383556,0.010090548747161684,0.0015043963835559976,0,0.09002150985808884,0.0017649619495236307,0.01145810985808883,0,0.10925694792777892,0.002584098080900706,0.03069354792777891,0
16653,2064,6,0.05049,252450,0.05159219835955638,0.0053952450918223795,0.0011021983595563764,0,0.05963112983276507,0.001143954548744617,0.00914112983276507,0,0.07396496898336428,0.001891866097814315,0.023474968983364285,0
16653,2064,7,0.0308934,154467,0.02895357702662426,0.004609748894071565,0.0019398229733757419,0,0.036725851196161015,0.0005679764445027563,0.005832451196161013,0,0.04747974422623243,0.0012796938277429874,0.01658634422623243,0
16653,2064,8,0.0174638,87319,0.016864604649270448,0.004383421166032089,0.0005991953507295533,0,0.021029925240854525,0.0005146239441293697,0.0035661252408545237,0,0.027679958991054864,0.000659927654854773,0.010216158991054863,0
16653,2064,9,0.0088294,44147,0.009870630520893865,0.002520441756804584,0.0010412305208938651,0,0.011142976573330906,0.000290632891613242,0.0023135765733309065,0,0.014802539775855505,0.0005485733487228842,0.005973139775855505,0
16653,2064,10,0.0041314,20657,0.0039163217682002755,0.0016655039324750681,0.00021507823179972487,0,0.005262886003095636,0.00015071110691481556,0.0011314860030956359,0,0.007279148869113518,0.0002738754874542421,0.003147748869113518,0
16653,2064,11,0.0016492,8246,0.0016035545241702889,0.0011314806125951348,4.564547582971111e-05,2,0.0021342756307978763,8.422225367639122e-05,0.00048507563079787635,0,0.0030764948530357435,0.00010084653163384169,0.0014272948530357436,0
16653,2064,12,0.0005622,2811,0.0002830602740186829,0.0003748121042351989,0.0002791397259813171,10,0.0007026872132961002,3.482262568375418e-05,0.0001404872132961002,0,0.0010731270755932672,5.613801936636096e-05,0.0005109270755932672,0
16653,2064,13,0.0001354,677,7.100571896994334e-05,0.00016214129318135127,6.439428103005667e-05,16,0.0001782866999323298,1.3979504746207537e-05,4.2886699932329796e-05,0,0.0002926526526539143,1.8589808592713265e-05,0.00015725265265391426,0
16653,2064,14,2.06e-05,103,0.0,0.0,2.06e-05,20,2.9103133755665495e-05,4.0507578986451585e-06,8.503133755665496e-06,0,5.951792861308421e-05,5.909722773789463e-06,3.891792861308421e-05,0
16653,2064,15,8e-07,4,0.0,0.0,8e-07,20,2.5993014063462155e-06,1.1354030424014803e-06,1.7993014063462155e-06,0,7.425754573623488e-06,1.3020645939868283e-06,6.625754573623488e-06,0
16653,2064,16,0,0,0.0,0.0,0.0,20,2.380871160254818e-08,3.576292835412806e-08,2.380871160254818e-08,2,5.242339409086861e-07,3.110411094783076e-07,5.242339409086861e-07,0
16653,2064,17,0,0,0.0,0.0,0.0,20,0.0,0.0,0.0,20,3.0160128203402007e-09,5.29560779855069e-09,3.0160128203402007e-09,2
16653,2064,18,0,0,0.0,0.0,0.0,20,0.0,0.0,0.0,20,0.0,0.0,0.0,20
16653,2064,19,0,0,0.0,0.0,0.0,20,0.0,0.0,0.0,20,0.0,0.0,0.0,20
16653,2064,20,0,0,0.0,0.0,0.0,20,0.0,0.0,0.0,20,0.0,0.0,0.0,20
16982,26,1,0.5333798,2666899,0.5299535324964284,0.011400655610892646,0.003426267503571556,0,0.49287827442142157,0.006811550902707146,0.04050152557857839,0,0.3460012914325004,0.0074031739673653795,0.18737850856749955,0
16982,26,2,0.3612844,1806422,0.3637744147261358,0.012624625964107858,0.002490014726135803,0,0.3356508239089068,0.005064531484020834,0.02563357609109318,0,0.3346512952203781,0.006838360068152199,0.026633104779621886,0
16982,26,3,0.0760952,380476,0.07534644073674814,0.0077862413553393675,0.0007487592632518664,0,0.1202165124911037,0.0032981461770099636,0.044121312491103695,0,0.23473839147435677,0.005654459446583845,0.15864319147435677,0
16982,26,4,0.0195574,97787,0.0182707446842229,0.003273679421497157,0.0012866553157771,0,0.035021461938942074,0.0014929447567167242,0.015464061938942075,0,0.060763943979392145,0.0021688163212944247,0.04120654397939215,0
16982,26,5,0.0060982,30491,0.005959397691658195,0.00254250561512814,0.00013880230834180472,0,0.010140324547417888,0.0005875818051409858,0.004042124547417888,0,0.016336623691658413,0.0008298069133987997,0.010238423691658413,0
16982,26,6,0.0021754,10877,0.001712851844121044,0.0013909764379469174,0.00046254815587895614,4,0.003229961838968124,0.00015920391592466767,0.001054561838968124,0,0.004921494172145769,0.000334413890536757,0.002746094172145769,0
16982,26,7,0.0008412,4206,0.0003431331876324925,0.0005109438991813828,0.0004980668123675074,12,0.0011081921821187001,5.946457375709642e-05,0.0002669921821187002,0,0.0016587341957258299,8.050362529777519e-05,0.0008175341957258299,0
16982,26,8,0.0003422,1711,7.974686489904311e-05,0.0002149866470352865,0.0002624531351009569,16,0.00040293490953535684,1.9849107822923484e-05,6.073490953535681e-05,0,0.0005880931264824966,3.0596458401002964e-05,0.0002458931264824966,0
16982,26,9,0.0001394,697,4.65215331029622e-05,9.739259295133258e-05,9.28784668970378e-05,13,0.00015077154011907198,9.551763914029961e-06,1.1371540119071982e-05,0,0.0002164507606322785,1.1082316544413143e-05,7.705076063227849e-05,0
16982,26,10,5.42e-05,271,0.0,0.0,5.42e-05,20,5.772134339142479e-05,3.9894348977372475e-06,3.521343391424788e-06,0,7.954384275451437e-05,5.331012049519104e-06,2.5343842754514372e-05,0
16982,26,11,2.04e-05,102,0.0,0.0,2.04e-05,20,2.1346382962651332e-05,1.4076646764740833e-06,9.463829626513308e-07,0,2.9375614511382876e-05,2.26351734791988e-06,8.975614511382875e-06,0
16982,26,12,7.8e-06,39,0.0,0.0,7.8e-06,20,7.676683356038843e-06,6.042612328252273e-07,1.2331664396115673e-07,0,1.0173815431241943e-05,7.508987265763283e-07,2.373815431241943e-06,0
16982,26,13,3e-06,15,0.0,0.0,3e-06,20,2.5221749786720053e-06,1.9624803188691153e-07,4.778250213279948e-07,0,3.3384983690478347e-06,3.0055852477235877e-07,3.3849836904783463e-07,0
16982,26,14,1e-06,5,0.0,0.0,1e-06,20,7.381991894953352e-07,4.994589063153086e-08,2.618008105046647e-07,0,9.567596239020844e-07,8.141747261758742e-08,4.324037609791552e-08,0
16982,26,15,2e-07,1,0.0,0.0,2e-07,20,1.910798402535638e-07,1.8302216651603034e-08,8.920159746436189e-09,0,2.3579060295178036e-07,1.751424025614015e-08,3.579060295178037e-08,0
16982,26,16,2e-07,1,0.0,0.0,2e-07,20,4.011300002475825e-08,4.39234700604164e-09,1.5988699997524174e-07,0,4.923030969031747e-08,5.4269432887826175e-09,1.507696903096825e-07,0
16982,26,17,0,0,0.0,0.0,0.0,20,5.6595118691235735e-09,6.889077535887904e-10,5.6595118691235735e-09,0,7.585000614666432e-09,1.0133927476313104e-09,7.585000614666432e-09,0
16982,26,18,0,0,0.0,0.0,0.0,20,7.299918331482051e-10,1.7172130018220328e-10,7.299918331482051e-10,0,7.500449612050937e-10,1.2205360528126435e-10,7.500449612050937e-10,0
16982,26,19,0,0,0.0,0.0,0.0,20,5.464210220128381e-11,1.8923423622572524e-11,5.464210220128381e-11,0,5.818721587667938e-11,1.6997451079826488e-11,5.818721587667938e-11,0
16982,26,20,0,0,0.0,0.0,0.0,20,1.8133596208420858e-12,1.05023439448309e-12,1.8133596208420858e-12,0,1.8920728862615617e-12,7.684449927895516e-13,1.8920728862615617e-12,0
16982,27,1,0.000468,2340,4.109141499020063e-05,0.00010140659073140253,0.0004269085850097994,16,0.001021184483023415,0.00010002985025424134,0.000553184483023415,0,0.0005003294455964332,4.8689545287946626e-05,3.232944559643323e-05,0
16982,27,2,0.0043508,21754,0.003317152246957085,0.001778182136837459,0.0010336477530429153,0,0.008037997594342915,0.0002719768279915922,0.003687197594342915,0,0.0058312932849333525,0.00021338293677524394,0.0014804932849333523,0
16982,27,3,0.028774,143870,0.028174804653004582,0.00501378672229154,0.0005991953469954188,0,0.03316026095190439,0.0007307704684102409,0.004386260951904392,0,0.027821821550302987,0.0007348499414618582,0.0009521784496970137,0
16982,27,4,0.0549732,274866,0.05630873311303212,0.006215469440296226,0.0013355331130321182,0,0.05793096514895901,0.0010586283052032288,0.002957765148959013,0,0.05257184057555357,0.0014198486628947834,0.002401359424446428,0
16982,27,5,0.0755922,377961,0.07583017858408948,0.007327705181310365,0.0002379785840894849,0,0.07567737191944714,0.0010102322478970887,8.517191944713842e-05,0,0.07233931296022199,0.0014266165440090244,0.00325288703977801,0
16982,27,6,0.0880968,440484,0.08657910409048684,0.007628761898722655,0.0015176959095131587,0,0.08676244878768817,0.0010721330684812316,0.0013343512123118323,0,0.08629375714232736,0.0015060305734240966,0.001803042857672646,0
16982,27,7,0.095248,476240,0.09720864198036071,0.005930337543321568,0.0019606419803607084,0,0.09296791658047907,0.001243261827828717,0.002280083419520934,0,0.0948134314979209,0.001546821686500132,0.0004345685020790968,0
16982,27,8,0.098237,491185,0.09951011877755903,0.008861220913220405,0.0012731187775590208,0,0.09514958157389591,0.001149706856981146,0.003087418426104091,0,0.09849710627650148,0.002511978056146272,0.00026010627650147056,0
16982,27,9,0.0978842,489421,0.09478937909205679,0.007591487656244782,0.0030948209079432187,0,0.09423541921319968,0.0011709917806833963,0.0036487807868003236,0,0.09847529854701409,0.001851299469601664,0.000591098547014085,0
16982,27,10,0.0945514,472757,0.09211100199510114,0.0090083432345374,0.0024403980048988555,0,0.09084212516450195,0.0010149179925758036,0.0037092748354980443,0,0.0951085418295694,0.0020604252002406173,0.0005571418295694103,0
16982,27,11,0.0879808,439904,0.08796057134530319,0.009692915046492485,2.022865469680779e-05,0,0.08495665982875998,0.0009915996798657348,0.0030241401712400168,0,0.08892148782249028,0.001770859565840926,0.0009406878224902798,0
16982,27,12,0.0786436,393218,0.08017221764822416,0.006388931583875117,0.0015286176482241648,0,0.07645105128366564,0.001227756554782096,0.0021925487163343554,0,0.07987166002796839,0.0015002687659198212,0.0012280600279683945,0
16982,27,13,0.0663612,331806,0.0701389963703472,0.007603456081332141,0.003777796370347211,0,0.06552483224059621,0.0012541045172145418,0.0008363677594037805,0,0.06757899878021552,0.00182296760079499,0.0012177987802155232,0
16982,27,14,0.0516198,258099,0.05228818317885592,0.006365218085096093,0.0006683831788559177,0,0.05249932791617534,0.0009288977660634752,0.0008795279161753419,0,0.0527939951288646,0.0013947562475871875,0.0011741951288646024,0
16982,27,15,0.036846,184230,0.033043518120037634,0.005436280767189205,0.0038024818799623633,0,0.0384643018401981,0.00048315576725435367,0.0016183018401981011,0,0.03749771816637161,0.0007735338979295358,0.0006517181663716134,0
16982,27,16,0.0227958,113979,0.022601238682245194,0.004452638047768462,0.00019456131775480792,0,0.024820016770243005,0.0005229222747376147,0.0020242167702430036,0,0.02340999320075539,0.0005790065903175969,0.000614193200755387,0
16982,27,17,0.0113308,56654,0.010320398456701171,0.003611436160852522,0.0010104015432988288,0,0.01329446407159988,0.000346758100352747,0.001963664071599879,0,0.011557985047171957,0.00033724428763721103,0.00022718504717195685,0
16982,27,18,0.004558,22790,0.004095413954008974,0.0022743414139149215,0.00046258604599102617,1,0.005856846952434751,0.00020032079471111393,0.0012988469524347502,0,0.004549717787890548,0.00017754277297921082,8.282212109452479e-06,0
16982,27,19,0.0014366,7183,0.0010061987435848016,0.001171971196785057,0.0004304012564151983,8,0.0019502415345633516,9.679666930248306e-05,0.0005136415345633517,0,0.0013395910435863739,7.52627551319073e-05,9.700895641362602e-05,0
16982,27,20,0.0002518,1259,0.00010472631986434675,0.00021874855549796604,0.00014707368013565326,13,0.00039698581529817677,2.815519305249255e-05,0.00014518581529817678,0,0.00022611988474422346,1.8075881385421105e-05,2.5680115255776533e-05,0
16982,32,1,0.001199,5995,0.0005046325155429604,0.0006403289463609011,0.0006943674844570396,8,0.0026041797350738697,0.00020977827823572462,0.0014051797350738697,0,0.0012476824989468161,0.00010433685716447887,4.8682498946816134e-05,0
16982,32,2,0.0090952,45476,0.007657435450625008,0.0028370157728118514,0.001437764549374991,0,0.01644340216312697,0.0004740871795951229,0.00734820216312697,0,0.011478237761745166,0.0003716371643605907,0.0023830377617451663,0
16982,32,3,0.0492342,246171,0.04940188140437425,0.005968150127892553,0.00016768140437425222,0,0.05521143149744433,0.0010862598715589648,0.005977231497444328,0,0.04740761368141124,0.0011037425153795574,0.0018265863185887576,0
16982,32,4,0.0829356,414678,0.08276796595165434,0.008103143827749959,0.00016763404834566065,0,0.08388006648879945,0.0012470829562433567,0.0009444664887994503,0,0.077884313308579,0.0019134812141648229,0.005051286691420992,0
16982,32,5,0.1015152,507576,0.10071172677230314,0.0073272759339612975,0.0008034732276968604,0,0.0981354179394933,0.0011218695566914444,0.0033797820605066947,0,0.09569501580130176,0.0018323592578830853,0.0058201841986982444,0
16982,32,6,0.1069752,534876,0.10475584437499026,0.00737599067673002,0.0022193556250097446,0,0.10273791675843862,0.001139359473973586,0.00423728324156139,0,0.1037871140192195,0.0017955466296043245,0.0031880859807805056,0
16982,32,7,0.1053384,526692,0.10821174629826928,0.009282006699516274,0.002873346298269283,0,0.10174841843711228,0.0013729258656341866,0.0035899815628877146,0,0.10515998503358817,0.0016776282538447488,0.0001784149664118273,0
16982,32,8,0.1002758,501379,0.10034621996178886,0.010083203046729296,7.041996178885901e-05,0,0.0970759082156839,0.001156143269753856,0.0031998917843160946,0,0.10154039086113567,0.0025651081102806977,0.0012645908611356727,0
16982,32,9,0.0925378,462689,0.09208999759822774,0.008002607733197957,0.0004478024017722654,0,0.09007921069015853,0.001154963935421738,0.002458589309841469,0,0.09487588846327974,0.0018020286924341421,0.002338088463279736,0
16982,32,10,0.0833974,416987,0.08361326008307104,0.00845330565086982,0.00021586008307104831,0,0.08159766378330488,0.000976989795865294,0.0017997362166951164,0,0.08594494817062434,0.0019202901802808617,0.0025475481706243447,0
16982,32,11,0.0728704,364352,0.07260196148469225,0.0077312829863834965,0.00026843851530775065,0,0.07184445873190384,0.0009357085473162151,0.0010259412680961588,0,0.07546636916631513,0.001551644851134749,0.002595969166315132,0
16982,32,12,0.061111,305555,0.06250511944408536,0.005932145911661874,0.001394119444085365,0,0.06084055353109248,0.0011054215562027762,0.00027044646890751756,0,0.0636721330704211,0.0012747179217281817,0.0025611330704211066,0
16982,32,13,0.0488066,244033,0.04808249816557901,0.006002389813074218,0.0007241018344209885,0,0.04901938657297504,0.0010298784406361935,0.00021278657297504194,0,0.05055301451600598,0.0014510548602506797,0.0017464145160059827,0
16982,32,14,0.0359814,179907,0.03673273307748863,0.006220432903759039,0.0007513330774886334,0,0.036823652375469904,0.0006956473804844769,0.0008422523754699068,0,0.036988861168848926,0.0010398805487470692,0.001007461168848929,0
16982,32,15,0.0244364,122182,0.023176626803665598,0.004024881362902268,0.0012597731963344024,0,0.025228716117398787,0.0003543735506831452,0.0007923161173987864,0,0.02451300894106477,0.0005444378375363598,7.660894106477009e-05,0
16982,32,16,0.0142614,71307,0.01356687437653126,0.0022829540904737667,0.0006945256234687398,0,0.015139912840428576,0.0003523528757918993,0.0008785128404285754,0,0.014226946890876196,0.00037272091866859014,3.4453109123804004e-05,0
16982,32,17,0.0066272,33136,0.006027344349161447,0.001459546438439144,0.000599855650838553,0,0.007476613852511979,0.0002143876645903577,0.0008494138525119797,0,0.00649356919128842,0.00020631648971312897,0.0001336308087115795,0
16982,32,18,0.002542,12710,0.0021375438822554766,0.001705783996426882,0.0004044561177445234,2,0.00303124051249217,0.00011687113304948576,0.00048924051249217,0,0.0023436718676149897,9.8893088776644e-05,0.0001983281323850103,0
16982,32,19,0.0007454,3727,0.00043341145490989407,0.0006806258930644011,0.00031198854509010594,8,0.0009165200213594844,5.0877200584018234e-05,0.00017112002135948436,0,0.0006270762038176689,3.821580972388388e-05,0.00011832379618233115,0
16982,32,20,0.0001144,572,2.803099138918176e-05,9.531397543048618e-05,8.636900861081823e-05,18,0.00016532937645595444,1.3629279230433947e-05,5.0929376455954436e-05,0,9.415938391545878e-05,8.266999109619485e-06,2.024061608454122e-05,0
16982,33,1,4.8e-06,24,0.0,0.0,4.8e-06,20,1.009647866909808e-05,2.0451240573189744e-06,5.29647866909808e-06,0,6.307582394363229e-06,1.0177416185597272e-06,1.507582394363229e-06,0
16982,33,2,8.04e-05,402,7.478297424105972e-06,2.978078256655141e-05,7.292170257589403e-05,18,0.00016030168798766825,1.158568451919934e-05,7.990168798766825e-05,0,0.00015364520691112162,9.61787790389251e-06,7.324520691112161e-05,0
16982,33,3,0.0011234,5617,0.0006668130847739936,0.000659729903256681,0.00045658691522600645,6,0.0013588745085733346,5.3971877599684617e-05,0.00023547450857333454,0,0.0011476371183085756,5.309586294835644e-05,2.423711830857548e-05,0
16982,33,4,0.0035414,17707,0.002036103550563181,0.0014932336898275166,0.001505296449436819,1,0.004004518030634672,0.0001499511453288102,0.0004631180306346721,0,0.003518817826201257,0.00013589587740185644,2.2582173798742916e-05,0
16982,33,5,0.007292,36460,0.007218706132904656,0.002976029099978843,7.329386709534376e-05,0,0.008116515096930736,0.00020862469130020263,0.0008245150969307356,0,0.007495270703605984,0.000202412944363,0.00020327070360598443,0
16982,33,6,0.0122658,61329,0.011194977366685841,0.003140431115900394,0.0010708226333141588,0,0.013731541065136665,0.0003071100171420402,0.0014657410651366647,0,0.013271186384643127,0.0003232861268026566,0.0010053863846431269,0
16982,33,7,0.01859,92950,0.018573160112723273,0.0029872350181183865,1.6839887276725446e-05,0,0.02092840796222604,0.00038279420349609405,0.0023384079622260426,0,0.020862512175906178,0.0004972741005589151,0.0022725121759061793,0
16982,33,8,0.0266448,133224,0.026392499483736807,0.0051736143398627065,0.00025230051626319236,0,0.02977015857846894,0.0005690234102610633,0.003125358578468941,0,0.03041284252833847,0.0009103546302339995,0.0037680425283384694,0
16982,33,9,0.0368042,184021,0.03834784242302026,0.005959821679554709,0.0015436424230202556,0,0.04045352679275491,0.0006987580444656412,0.0036493267927549047,0,0.042180024989048735,0.0009357541943648001,0.005375824989048733,0
16982,33,10,0.0488514,244257,0.04762227065441863,0.007140153777382581,0.0012291293455813715,0,0.05329568022124041,0.0007676682905161673,0.00444428022124041,0,0.05602367007694316,0.0014029103047821048,0.007172270076943155,0
16982,33,11,0.0639632,319816,0.06397132409977507,0.0094665122432866,8.124099775075333e-06,0,0.06791083418768165,0.0009103927100832186,0.003947634187681653,0,0.07240831590373484,0.0016462302722671353,0.00844511590373484,0
16982,33,12,0.0822742,411371,0.08049764562809154,0.008108693849582507,0.001776554371908462,0,0.08420642951678863,0.0009712058117847896,0.0019322295167886194,0,0.09058664268388779,0.0016727212969182626,0.008312442683887783,0
16982,33,13,0.1031076,515538,0.10720005490127844,0.008178456443257409,0.00409245490127845,0,0.10071655649307061,0.00146158366780357,0.002391043506929383,0,0.10816719824773076,0.002463739802378738,0.005059598247730765,0
16982,33,14,0.1237236,618618,0.12143633914678834,0.009743540753105273,0.0022872608532116673,0,0.11474473743323368,0.0018195759968905028,0.008978862566766319,0,0.12126762120825822,0.002642000053322853,0.002455978791741781,0
16982,33,15,0.1377434,688717,0.13846365629164126,0.008291525291158307,0.0007202562916412691,0,0.12194326163616369,0.0012783731118309937,0.0158001383638363,0,0.12673519369702593,0.0020608679907955113,0.011008206302974055,0
16982,33,16,0.1328078,664039,0.13480109703004417,0.008449460045496637,0.0019932970300441666,0,0.1178264968469035,0.0015470241713031766,0.014981303153096509,0,0.119264224198982,0.002329381350684084,0.013543575801018004,0
16982,33,17,0.0992126,496063,0.09789287221555394,0.007621960160301863,0.0013197277844460564,0,0.09868501544803802,0.0015592572263147275,0.0005275845519619737,0,0.09145166009106238,0.0019425372797578612,0.007760939908937614,0
16982,33,18,0.0612626,306313,0.060509353901293805,0.006849355300732829,0.0007532460987061951,0,0.06894872766808167,0.0012243513554666447,0.007686127668081674,0,0.05778382663732223,0.0015399904960799753,0.0034787733626777673,0
16982,33,19,0.0304676,152338,0.02951989537189779,0.005128698927393464,0.0009477046281022097,0,0.03853269802287646,0.0009507377024431408,0.00806509802287646,0,0.02848686645855119,0.0010553063513918531,0.0019807335414488113,0
16982,33,20,0.0102392,51196,0.009273579465329506,0.0035605709763634375,0.000965620534670494,0,0.014655292075643844,0.0004989253698566634,0.0044160920756438436,0,0.008776536281144115,0.00042545538376422356,0.0014626637188558857,0
16982,34,1,0.0002282,1141,0.00014568210123374188,0.0003208457367137918,8.251789876625811e-05,15,0.0004614172098011362,5.1024030996137e-05,0.0002332172098011362,0,0.00023305164418790887,2.484259079357786e-05,4.851644187908879e-06,0
16982,34,2,0.0022904,11452,0.001771551352785747,0.0015443242963868718,0.0005188486472142533,1,0.004143802773567689,0.000160250730650093,0.0018534027735676892,0,0.003136395189521897,0.0001267554458947942,0.0008459951895218969,0
16982,34,3,0.0168678,84339,0.015150685923770233,0.003963917483780193,0.001717114076229766,0,0.019858413493099168,0.0004861946305530163,0.0029906134930991687,0,0.016520370904086003,0.00048739913440484745,0.0003474290959139953,0
16982,34,4,0.035814,179070,0.03439089806479699,0.005761523123293057,0.0014231019352030083,0,0.03890625379384455,0.000846804617783197,0.003092253793844549,0,0.03481323958643469,0.0010187359383618541,0.0010007604135653103,0
16982,34,5,0.0536198,268099,0.05431329301895469,0.004971644229164758,0.0006934930189546884,0,0.05600999150176985,0.0008707196610069148,0.0023901915017698477,0,0.052796437636867775,0.001091249162894125,0.0008233623631322268,0
16982,34,6,0.068287,341435,0.07038272844662356,0.009040874112911162,0.0020957284466235626,0,0.06986293878156771,0.0009766556034140588,0.0015759387815677123,0,0.06868435577925468,0.0012506107582541867,0.0003973557792546767,0
16982,34,7,0.080569,402845,0.07878669205808865,0.009328661246408451,0.0017823079419113513,0,0.08069003896716656,0.0011052872545317077,0.00012103896716655904,0,0.08146025742647509,0.0013925748535085368,0.0008912574264750839,0
16982,34,8,0.0899946,449973,0.09062308454872145,0.007960008608822048,0.0006284845487214558,0,0.08838112242120964,0.001125365248602357,0.001613477578790351,0,0.0907763614138139,0.002355823380777727,0.0007817614138139056,0
16982,34,9,0.096917,484585,0.09703881147260705,0.009745889686133234,0.00012181147260705016,0,0.0932226763673421,0.0011736392189830947,0.0036943236326578976,0,0.09687172541810536,0.0018293395181856373,4.527458189464151e-05,0
16982,34,10,0.1004428,502214,0.10039464943366753,0.00963202645755711,4.815056633246384e-05,0,0.09538422501293037,0.0010402868981136979,0.005058574987069631,0,0.09944795804603374,0.002132906343422446,0.0009948419539662634,0
16982,34,11,0.0996632,498316,0.09843973002366238,0.00870036884722043,0.0012234699763376128,0,0.09437635553530806,0.001023079162555123,0.005286844464691937,0,0.0985877406514266,0.0019392862626227377,0.0010754593485733932,0
16982,34,12,0.0948098,474049,0.09416523736017245,0.009074801643316232,0.0006445626398275534,0,0.08971180810621941,0.00129257617397894,0.005097991893780587,0,0.09367061067750747,0.0016823803283865073,0.0011391893224925315,0
16982,34,13,0.0840368,420184,0.08432937252449142,0.00888686519945993,0.00029257252449142734,0,0.08105121642073829,0.0014422934624923288,0.002985583579261708,0,0.08363964252518538,0.0021514614293915543,0.0003971574748146134,0
16982,34,14,0.0686358,343179,0.07045131849440278,0.006978948213455879,0.0018155184944027847,0,0.0683109285716739,0.0011576224034691395,0.00032487142832610116,0,0.06874920951075535,0.0017377375047782095,0.00011340951075534955,0
16982,34,15,0.0504844,252422,0.05040655608727327,0.007204011439633019,7.784391272672858e-05,0,0.052444561186598196,0.000613122404752192,0.001960161186598197,0,0.051198011359413084,0.0010066331522130692,0.0007136113594130855,0
16982,34,16,0.0319508,159754,0.03240466201132143,0.004114330213501752,0.0004538620113214292,0,0.03529978827500722,0.0007030835329969989,0.0033489882750072156,0,0.03330080768350395,0.0008005275318795804,0.0013500076835039482,0
16982,34,17,0.0161164,80582,0.01584424559369178,0.00438827225221392,0.00027215440630821985,0,0.01958227110496672,0.0004915798734585702,0.0034658711049667217,0,0.016976677059167188,0.0004796585275577719,0.0008602770591671881,0
16982,34,18,0.0067572,33786,0.0057719460325471915,0.002582371560031015,0.0009852539674528081,0,0.008797122150022686,0.00029252446044309284,0.0020399221500226866,0,0.006811371762243194,0.0002614783983251207,5.417176224319434e-05,0
16982,34,19,0.0020994,10497,0.0012742335960687664,0.0010454364127810425,0.0008251664039312335,2,0.0029302790925093175,0.00014647176454307036,0.0008308790925093176,0,0.0020006208814127837,0.00011359188433677521,9.877911858721623e-05,0
16982,34,20,0.0004156,2078,0.00010386181585355747,0.00024341039074838393,0.00031173818414644255,14,0.0005747891796025249,4.277921614829141e-05,0.00015918917960252492,0,0.0003251548446035445,2.712661392953264e-05,9.04451553964555e-05,0
16982,35,1,4.2e-06,21,0.0,0.0,4.2e-06,20,8.849281570575088e-06,1.8572499205448044e-06,4.649281570575088e-06,0,5.6130876079774685e-06,9.252447622647845e-07,1.413087607977469e-06,0
16982,35,2,8.3e-05,415,0.0,0.0,8.3e-05,20,0.00014493969949366743,1.0774875490320704e-05,6.193969949366743e-05,0,0.0001406356845999007,8.963445328600441e-06,5.763568459990071e-05,0
16982,35,3,0.0010888,5444,0.0005138323457455861,0.000552702103706372,0.0005749676542544139,5,0.0012584932964861456,5.0902886140657585e-05,0.0001696932964861456,0,0.0010643525318745017,5.002043012239979e-05,2.4447468125498358e-05,0
16982,35,4,0.0034934,17467,0.003076940815088851,0.0014213120050766896,0.000416459184911149,0,0.003759923485170947,0.00014283830731657364,0.0002665234851709471,0,0.0033036582326808235,0.00012865929712004403,0.0001897417673191763,0
16982,35,5,0.0072358,36179,0.006604827432211358,0.002394355323578038,0.0006309725677886421,0,0.00769594194282201,0.00020019056657449757,0.0004601419428220104,0,0.0071057971083214625,0.0001934927316728817,0.00013000289167853715,0
16982,35,6,0.0123956,61978,0.012782658995529075,0.0032176518769522363,0.000387058995529075,0,0.01312142901172672,0.0002965139709180959,0.000725829011726721,0,0.012680251067499305,0.0003113376781732818,0.0002846510674993051,0
16982,35,7,0.0189882,94941,0.017786543307199785,0.0050674124375565885,0.0012016566928002154,0,0.020125934610351136,0.00037102216218783016,0.0011377346103511356,0,0.020062968958682866,0.0004821678150307105,0.001074768958682866,0
16982,35,8,0.027028,135140,0.027594307980451444,0.005190129193507307,0.0005663079804514443,0,0.0287870445858744,0.000555131817929191,0.0017590445858743989,0,0.029413692079064496,0.0008837063242799833,0.0023856920790644963,0
16982,35,9,0.0373558,186779,0.034127567475644896,0.005003060185537062,0.0032282325243551055,0,0.039313753666510916,0.0006842515317469058,0.0019579536665109143,0,0.04100615042011463,0.0009138487068774584,0.0036503504201146272,0
16982,35,10,0.049652,248260,0.050092777209765814,0.0062681465411693026,0.0004407772097658122,0,0.05204034541574052,0.0007554585766016446,0.0023883454157405185,0,0.05472852632349877,0.0013767890533095601,0.005076526323498767,0
16982,35,11,0.0646826,323413,0.06764496411089894,0.008290488191208359,0.002962364110898938,0,0.06661602048929238,0.0009010766773516346,0.0019334204892923756,0,0.07107763166224097,0.0016233837453520491,0.006395031662240966,0
16982,35,12,0.082942,414710,0.0826253602966883,0.00981698210009661,0.000316639703311708,0,0.08299470485470443,0.0009612982311132975,5.270485470443287e-05,0,0.08936622438617477,0.0016574097278015244,0.006424224386174765,0
16982,35,13,0.1035448,517724,0.10011593490436696,0.009145252851598566,0.0034288650956330463,0,0.09977230351913503,0.0014491473222189102,0.003772496480864973,0,0.10728179729871785,0.002444067248826865,0.003736997298717848,0
16982,35,14,0.1237576,618788,0.1212219448386084,0.011625306741171005,0.0025356551613915923,0,0.11431096077091688,0.001816845115613456,0.00944663922908312,0,0.12099568395697458,0.002635447583584802,0.0027619160430254197,0
16982,35,15,0.136472,682360,0.1433532247811536,0.009327144141925783,0.006881224781153578,0,0.1222729853952635,0.0012880524778458747,0.014199014604736507,0,0.1273410823135746,0.0020700228225245362,0.009130917686425405,0
16982,35,16,0.131138,655690,0.1288969025731164,0.009798782990971172,0.0022410974268836092,0,0.11908343628940625,0.0015560206071621023,0.012054563710593755,0,0.12086096066091771,0.0023531653558445755,0.010277039339082292,0
16982,35,17,0.097744,488720,0.09889983746642364,0.007511748059341164,0.0011558374664236426,0,0.1007618083868129,0.0015737681493154334,0.003017808386812898,0,0.09368747351898045,0.0019813194529817073,0.004056526481019548,0
16982,35,18,0.0607776,303888,0.060663291006724004,0.007519406242916148,0.00011430899327599664,0,0.07133459491503755,0.001242431463881481,0.010556994915037546,0,0.06004619640707396,0.0015851241059985685,0.0007314035929260401,0
16982,35,19,0.0308278,154139,0.029754410553302302,0.004235893728200133,0.0010733894466976972,0,0.04062853364667511,0.0009734128203154517,0.009800733646675112,0,0.030208316934995916,0.0010980754819073246,0.0006194830650040825,0
16982,35,20,0.0107888,53944,0.00948500263380889,0.0027431602871479284,0.0013037973661911093,0,0.015967412650020302,0.0005248820580284218,0.005178612650020302,0,0.009622987366404814,0.0004525021794448315,0.0011658126335951854,0
16982,36,1,0.0298128,149064,0.02920955830213428,0.005728251370407358,0.000603241697865721,0,0.05044596784589347,0.0021472814122554845,0.020633167845893467,0,0.025444320045250258,0.0013597184311752782,0.004368479954749743,0
16982,36,2,0.1089048,544524,0.10958729846893445,0.008349071123139228,0.0006824984689344504,0,0.1486100742075464,0.002682021907571198,0.03970527420754641,0,0.10283029825041812,0.0024589133844513185,0.006074501749581879,0
16982,36,3,0.3156084,1578042,0.3133985855846099,0.013020437700842494,0.002209814415390088,0,0.22483873345893984,0.0034938147059809087,0.09076966654106017,0,0.23137563938760533,0.003727953562130571,0.08423276061239468,0
16982,36,4,0.1994748,997374,0.19929422663237578,0.011499419423722573,0.00018057336762422604,0,0.18770532186866695,0.0021788661780092282,0.011769478131333055,0,0.20332097314836145,0.0037280172520194562,0.0038461731483614425,0
16982,36,5,0.1221126,610563,0.12080513000662252,0.00901625355119526,0.001307469993377483,0,0.13214214304055868,0.0019542327769933366,0.010029543040558683,0,0.14734954820796922,0.0033805319744986276,0.02523694820796922,0
16982,36,6,0.0779536,389768,0.07900858148669208,0.008889399667066596,0.001054981486692086,0,0.08946369613858407,0.0010724181322929707,0.011510096138584072,0,0.10091296430678116,0.002641885784994478,0.022959364306781166,0
16982,36,7,0.051777,258885,0.05096844470919446,0.007788668511494797,0.0008085552908055349,0,0.059798202867616446,0.0011832303876315217,0.008021202867616449,0,0.06832782799750697,0.0013229991630786594,0.016550827997506977,0
16982,36,8,0.0344558,172279,0.034225758237572804,0.003922381402111184,0.00023004176242719804,0,0.039789015343753585,0.0007207039392257971,0.005333215343753583,0,0.04536720566243505,0.0012568464983325766,0.01091140566243505,0
16982,36,9,0.0231064,115532,0.023340957636383518,0.00398043057048801,0.00023455763638351862,0,0.026179994166138688,0.0006062376785971542,0.0030735941661386885,0,0.02975656944455012,0.000730556813308471,0.00665016944455012,0
16982,36,10,0.0150382,75191,0.015819522177889227,0.003126285169835837,0.0007813221778892269,0,0.01697986756812734,0.0004052527852774889,0.0019416675681273397,0,0.01908564703117021,0.0006258902392688721,0.00404744703117021,0
16982,36,11,0.009688,48440,0.008728066234999,0.0027098172813408376,0.0009599337650009997,0,0.010706009509836115,0.00027636961137889575,0.0010180095098361146,0,0.011909240982031293,0.00037756147110946925,0.0022212409820312924,0
16982,36,12,0.0058448,29224,0.005657192021394098,0.0015343612351597332,0.0001876079786059014,0,0.006454789851068744,0.00022037048964489034,0.0006099898510687441,0,0.007085672526414187,0.00022807758289274428,0.001240872526414187,0
16982,36,13,0.003283,16415,0.0031158210778255897,0.0021324629956765793,0.00016717892217441022,2,0.0036536171930153733,0.00013400993684575555,0.0003706171930153734,0,0.003931896338125507,0.00017179232377411352,0.0006488963381255067,0
16982,36,14,0.0017146,8573,0.001140150547213463,0.0012080036867493811,0.0005744494527865369,4,0.0018868343506526926,5.843744169057278e-05,0.0001722343506526927,0,0.0019749300579678985,8.478972990073431e-05,0.0002603300579678985,0
16982,36,15,0.000804,4020,0.00028687003517834087,0.0004308264084876271,0.0005171299648216592,10,0.0008719395135403894,2.7157647574210226e-05,6.79395135403894e-05,0,0.0008751089691418359,3.13841281406778e-05,7.110896914183586e-05,0
16982,36,16,0.0003062,1531,0.00012609109392471078,0.0003453235164903367,0.00018010890607528924,15,0.00034030390925607654,1.412622911422999e-05,3.410390925607653e-05,0,0.0003321508663489773,1.3767457486650692e-05,2.5950866348977265e-05,0
16982,36,17,8.96e-05,448,1.3938168269956797e-05,3.166862771128919e-05,7.56618317300432e-05,15,0.0001026665101679983,5.234710680896218e-06,1.30665101679983e-05,0,9.589548486578864e-05,5.325932043819974e-06,6.295484865788639e-06,0
16982,36,18,2.26e-05,113,0.0,0.0,2.26e-05,20,2.560455024202745e-05,2.0414339316822774e-06,3.0045502420274487e-06,0,2.0641529279125127e-05,1.4447944840469729e-06,1.9584707208748737e-06,0
16982,36,19,2.6e-06,13,0.0,0.0,2.6e-06,20,4.3989801514415255e-06,4.627601993281368e-07,1.7989801514415254e-06,0,3.215735996832656e-06,3.4914678790635576e-07,6.157359968326558e-07,0
16982,36,20,2e-07,1,0.0,0.0,2e-07,20,4.0269572495889114e-07,7.631900189682121e-08,2.0269572495889115e-07,0,2.540277801361418e-07,3.661115690117866e-08,5.4027780136141814e-08,0
16982,37,1,0.4184484,2092242,0.41731563318618825,0.014362910156366858,0.0011327668138117475,0,0.421357782706351,0.006148038793607415,0.0029093827063509936,0,0.28707487145630844,0.006688504734176292,0.13137352854369155,0
16982,37,2,0.4218078,2109039,0.42041256267855226,0.01387894685159792,0.001395237321447751,0,0.34160765913990015,0.004414753238801506,0.08020014086009986,0,0.3210189429125423,0.006435169060627568,0.10078885708745772,0
16982,37,3,0.1064894,532447,0.10862821589851161,0.007128185670237835,0.0021388158985116146,0,0.15288857154521104,0.003578286800038745,0.046399171545211046,0,0.2645616193067494,0.005591232650008353,0.15807221930674936,0
16982,37,4,0.0328142,164071,0.03114577565138026,0.003957862406854594,0.0016684243486197424,0,0.053535384589435686,0.0018513477955612167,0.020721184589435684,0,0.08413769442515236,0.0025556159610608167,0.051323494425152355,0
16982,37,5,0.0117962,58981,0.010431221306591184,0.0024660787373495256,0.0013649786934088158,0,0.018316770279135274,0.0008540706811862904,0.006520570279135274,0,0.027235170278841103,0.0011778378273094741,0.015438970278841103,0
16982,37,6,0.0047832,23916,0.004580042798592048,0.0014995724499969002,0.00020315720140795177,0,0.006780548912982724,0.00024679546142764486,0.0019973489129827245,0,0.009644840441558404,0.0005513702537285118,0.004861640441558405,0
16982,37,7,0.0020996,10498,0.001643219436887705,0.0010582013930293618,0.000456380563112295,2,0.0026673254873568874,0.0001134554596284472,0.0005677254873568873,0,0.0037491248901675898,0.00014420328355655291,0.0016495248901675897,0
16982,37,8,0.0009684,4842,0.0006815093067049754,0.0007744922991710217,0.0002868906932950246,5,0.0011025215004158728,4.402268568143781e-05,0.00013412150041587276,0,0.0015144707834587768,6.632185895950349e-05,0.0005460707834587768,0
16982,37,9,0.0004468,2234,0.00012130293282794495,0.00023122975645449524,0.0003254970671720551,12,0.00046563341259401176,2.4053443458965755e-05,1.8833412594011746e-05,0,0.0006301890007989079,2.7215872989556366e-05,0.00018338900079890787,0
16982,37,10,0.000193,965,9.131841260093733e-06,2.9031016651452322e-05,0.00018386815873990627,18,0.00019956109857634038,1.1127138061849812e-05,6.561098576340376e-06,0,0.00026102040087527215,1.4989753521445654e-05,6.802040087527215e-05,0
16982,37,11,9.52e-05,476,5.492429708527808e-06,1.750500163951606e-05,8.970757029147218e-05,18,8.293814518566394e-05,4.425689243618372e-06,1.2261854814336052e-05,0,0.0001078175605552772,6.876001048752435e-06,1.2617560555277209e-05,0
16982,37,12,3.66e-05,183,0.0,0.0,3.66e-05,20,3.335444948849237e-05,2.177714590674233e-06,3.24555051150763e-06,0,4.20135535981452e-05,2.5564137486784163e-06,5.413553598145201e-06,0
16982,37,13,1.44e-05,72,0.0,0.0,1.44e-05,20,1.2360258660295514e-05,8.204382979508485e-07,2.039741339704485e-06,0,1.5426531660063845e-05,1.1706662336883243e-06,1.0265316600638454e-06,0
16982,37,14,5e-06,25,0.0,0.0,5e-06,20,4.101091586575148e-06,2.35319911141065e-07,8.989084134248521e-07,0,4.99974945415293e-06,3.6511871321819756e-07,2.505458470705184e-10,0
16982,37,15,1.8e-06,9,0.0,0.0,1.8e-06,20,1.2044326355061837e-06,9.16817532070217e-08,5.955673644938162e-07,0,1.4004077376167145e-06,8.875620609774867e-08,3.995922623832854e-07,0
16982,37,16,0,0,0.0,0.0,0.0,20,2.889282295299139e-07,2.4950220080342368e-08,2.889282295299139e-07,0,3.32351885724322e-07,2.9306494673298188e-08,3.32351885724322e-07,0
16982,37,17,0,0,0.0,0.0,0.0,20,4.839691844837157e-08,4.837399933329198e-09,4.839691844837157e-08,0,5.843539364995644e-08,6.3302072510862074e-09,5.843539364995644e-08,0
16982,37,18,0,0,0.0,0.0,0.0,20,7.14909760132013e-09,1.3354912345201911e-09,7.14909760132013e-09,0,6.876581483676916e-09,9.258134989350859e-10,6.876581483676916e-09,0
16982,37,19,0,0,0.0,0.0,0.0,20,6.404591830003627e-10,1.7102923498600323e-10,6.404591830003627e-10,0,6.127373097844957e-10,1.4616133305596823e-10,6.127373097844957e-10,0
16982,37,20,0,0,0.0,0.0,0.0,20,2.6417872809637498e-11,1.230911909763188e-11,2.6417872809637498e-11,0,2.3944103986288167e-11,7.633368298982383e-12,2.3944103986288167e-11,0
16982,38,1,0.0006128,3064,0.0003288770274490097,0.0005090208076235722,0.00028392297255099035,12,0.0012712875148964407,0.00011836317398712936,0.0006584875148964406,0,0.0006182316189027775,5.784820733121056e-05,5.431618902777412e-06,0
16982,38,2,0.005397,26985,0.004403773856654055,0.0020986618516850887,0.0009932261433459452,0,0.009466787654702203,0.0003073565860610667,0.004069787654702203,0,0.006794874267458004,0.0002410655586615866,0.001397874267458004,0
16982,38,3,0.034597,172985,0.03365764252913626,0.005270538048756441,0.0009393574708637456,0,0.03716339762319938,0.0007961937546152007,0.002566397623199379,0,0.031332191436785485,0.0008028347764643791,0.0032648085632145177,0
16982,38,4,0.0630298,315149,0.06262677218981129,0.007366333606464702,0.00040302781018870804,0,0.06286302535595863,0.0010973596444305525,0.00016677464404137032,0,0.05732893784529634,0.0015151636361447752,0.005700862154703654,0
16982,38,5,0.082675,413375,0.08168846327153488,0.007828871654370994,0.0009865367284651178,0,0.08012593181764387,0.0010323755200425558,0.0025490681823561318,0,0.07691391852898766,0.0015039145022757122,0.0057610814710123415,0
16982,38,6,0.09369,468450,0.09398443465890233,0.006200999011659399,0.00029443465890233167,0,0.09007599877920963,0.0010857771660008628,0.003614001220790364,0,0.08987607874982398,0.001560474120458569,0.0038139212501760167,0
16982,38,7,0.098561,492805,0.0967190009382989,0.00952987746986396,0.0018419990617010995,0,0.09493765413415142,0.0012687938311651532,0.0036233458658485734,0,0.09707967697988404,0.0015735298772376549,0.0014813230201159572,0
16982,38,8,0.099457,497285,0.10308417887404966,0.008995933736588578,0.0036271788740496608,0,0.09578600353881872,0.0011505789175158293,0.0036709964611812834,0,0.0993548195601757,0.002527649005653762,0.00010218043982430924,0
16982,38,9,0.0967774,483887,0.09749979741920914,0.006749664875313661,0.0007223974192091392,0,0.09365077998490313,0.0011666902476490486,0.003126620015096865,0,0.09800743996173442,0.0018443824303373266,0.0012300399617344165,0
16982,38,10,0.0916762,458381,0.08850118335181098,0.008035004140948836,0.003175016648189019,0,0.08920550493942572,0.0010067779211569376,0.0024706950605742767,0,0.09349573920551135,0.002034738270534316,0.001819539205511353,0
16982,38,11,0.0837496,418748,0.08560327505378044,0.005812535406973373,0.0018536750537804514,0,0.08249321822162754,0.0009808332011796471,0.0012563817783724507,0,0.08639447523356089,0.001728519674052654,0.0026448752335608977,0
16982,38,12,0.0733666,366833,0.07514736291764704,0.007120280424067141,0.001780762917647033,0,0.07342323646759417,0.001205600112262823,5.6636467594170514e-05,0,0.07672755103117115,0.0014564368587452793,0.00336095103117115,0
16982,38,13,0.0609188,304594,0.0594234087811533,0.007128804217524092,0.0014953912188467033,0,0.06225258555450586,0.0012105045922435132,0.001333785554505855,0,0.0641998516450504,0.0017500021821505202,0.003281051645050402,0
16982,38,14,0.046928,234640,0.04675433750683567,0.006995942979607423,0.00017366249316432686,0,0.049336826829717594,0.0008820074340668442,0.002408826829717596,0,0.04960147708279422,0.0013237760391343458,0.0026734770827942234,0
16982,38,15,0.0329628,164814,0.03359792560386065,0.003872464937176192,0.0006351256038606493,0,0.035753287353407236,0.0004570253943282496,0.0027904873534072352,0,0.034833842013922124,0.0007270665725101574,0.0018710420139221237,0
16982,38,16,0.0202744,101372,0.01929996533663971,0.004797831555211431,0.00097443466336029,0,0.02280817871090781,0.00048809050339515043,0.0025337787109078087,0,0.021498203847427268,0.0005363621094655764,0.0012238038474272663,0
16982,38,17,0.0099292,49646,0.008443588808942372,0.0021803581670836194,0.0014856111910576276,0,0.012066645258058655,0.00031927575153738354,0.002137445258058656,0,0.010487597223019382,0.00030989176689838254,0.0005583972230193829,0
16982,38,18,0.0039832,19916,0.003882986509044439,0.001359448415412625,0.00010021349095556097,0,0.005250843300232501,0.00018280515671004584,0.001267643300232501,0,0.004075525372332253,0.000160870693584608,9.232537233225258e-05,0
16982,38,19,0.0012088,6044,0.0006425326805490389,0.0006848067521417617,0.000566267319450961,6,0.001724032570560086,8.699221801507924e-05,0.0005152325705600862,0,0.001183258890378621,6.725921525793904e-05,2.5541109621378833e-05,0
16982,38,20,0.0002054,1027,8.395194907003232e-05,0.00020594450450287514,0.00012144805092996769,16,0.0003447741449768587,2.4995554710134543e-05,0.0001393741449768587,0,0.00019630950578350178,1.5914849132706268e-05,9.09049421649822e-06,0
16982,40,1,0.002175,10875,0.0013326536542628304,0.001016720445858153,0.0008423463457371695,4,0.004260627630285086,0.00031714931223910596,0.002085627630285086,0,0.0020309466536700058,0.00015987169273845968,0.00014405334632999409,0
16982,40,2,0.0140708,70354,0.013030534025182639,0.0040959401347312645,0.0010402659748173608,0,0.02444809625279213,0.0006586384888994972,0.01037729625279213,0,0.01682185581270531,0.0005164306593099599,0.00275105581270531,0
16982,40,3,0.06849,342450,0.0675330944245682,0.006751500718450285,0.0009569055754317934,0,0.07413394986851021,0.0013852066783577865,0.005643949868510217,0,0.06457575986705892,0.0014116245717306426,0.003914240132941074,0
16982,40,4,0.1080068,540034,0.10641496904419703,0.007724834872011946,0.001591830955802967,0,0.10421595287092275,0.001370098992563773,0.003790847129077249,0,0.09818542440649905,0.0022871146173822935,0.00982137559350095,0
16982,40,5,0.1210678,605339,0.1232553939032746,0.007724855136959869,0.0021875939032745956,0,0.11404650515582757,0.0012031422355231395,0.007021294844172438,0,0.11272215951774227,0.0021462516942645136,0.008345640482257735,0
16982,40,6,0.1184326,592163,0.12033998386922291,0.009004434175735482,0.0019073838692229145,0,0.11256564303722152,0.0011801762885497715,0.0058669569627784746,0,0.11500364972229767,0.0020220756620598383,0.0034289502777023334,0
16982,40,7,0.109394,546970,0.10870088421908822,0.010377152545966816,0.0006931157809117877,0,0.10560367517627958,0.001459284012499822,0.003790324823720423,0,0.11027041748691539,0.0017562370905991546,0.0008764174869153873,0
16982,40,8,0.097926,489630,0.09607290307531313,0.009366972813517728,0.0018530969246868673,0,0.09576628056200373,0.0011575333485282313,0.0021597194379962686,0,0.10103134809594665,0.002546556576889672,0.0031053480959466473,0
16982,40,9,0.085882,429410,0.0862941359472627,0.008011294034127717,0.00041213594726270675,0,0.08458650298307258,0.00114306362182808,0.0012954970169274244,0,0.08971969349085815,0.0017330248635242936,0.003837693490858149,0
16982,40,10,0.073217,366085,0.07446011301709429,0.005848762234799068,0.0012431130170942883,0,0.07295108608625364,0.0009456128723845389,0.00026591391374636286,0,0.07728301133674234,0.0017915203121911224,0.004066011336742337,0
16982,40,11,0.0608402,304201,0.05822966966200973,0.0067998311909293445,0.0026105303379902675,0,0.06112430517059009,0.0008824941842617499,0.00028410517059009044,0,0.06446918507376048,0.0013790224564291884,0.003628985073760485,0
16982,40,12,0.0482432,241216,0.049635347356249346,0.006326546738176095,0.0013921473562493458,0,0.04915017020926646,0.000991364836255698,0.0009069702092664583,0,0.05157645451054075,0.001099904072873055,0.0033332545105407493,0
16982,40,13,0.0363262,181631,0.03659748073352043,0.006677006654655923,0.0002712807335204237,0,0.03749520798560818,0.0008584351215813392,0.001169007985608178,0,0.03871958928249394,0.0011791430104112423,0.0023933892824939337,0
16982,40,14,0.0254578,127289,0.026296155883864903,0.005003289523179423,0.0008383558838649038,0,0.02655315665730428,0.0005368239205662516,0.0010953566573042792,0,0.02668785176946024,0.0007973611915372366,0.0012300517694602414,0
16982,40,15,0.0160588,80294,0.014941225020980085,0.003108929696649534,0.0011175749790199169,0,0.017074530936023888,0.00026926313944794337,0.0010157309360238863,0,0.016568398819901083,0.0003960226840018531,0.000509598819901081,0
16982,40,16,0.0088548,44274,0.007961931523021663,0.0024561988985276387,0.0008928684769783368,0,0.009546981137500634,0.0002447933323911267,0.0006921811375006342,0,0.008959293190870538,0.0002494648825929622,0.00010449319087053877,0
16982,40,17,0.0037948,18974,0.0032197362369368794,0.0014318853397289734,0.0005750637630631207,0,0.0043450628708363356,0.0001371182883105287,0.0005502628708363355,0,0.003781986620600343,0.00013145349034732065,1.2813379399657064e-05,0
16982,40,18,0.0013624,6812,0.0006750048406304256,0.0008477581608740927,0.0006873951593695743,7,0.0016186789263369864,7.056420733159685e-05,0.0002562789263369865,0,0.001249428613197281,5.72166051595395e-05,0.00011297138680271888,0
16982,40,19,0.0003502,1751,3.6036331852432536e-05,9.375091604296788e-05,0.00031416366814756745,16,0.0004429880521991679,2.7510515314884625e-05,9.27880521991679e-05,0,0.00030313296459892576,2.0168741924992343e-05,4.7067035401074245e-05,0
16982,40,20,4.96e-05,248,5.628223988468523e-06,2.517018286162122e-05,4.397177601153148e-05,19,7.059741833858242e-05,6.793177043204678e-06,2.099741833858242e-05,0,4.041276414054153e-05,3.892726647475097e-06,9.187235859458468e-06,0
16982,44,1,4.2e-06,21,0.0,0.0,4.2e-06,20,8.026752606653456e-06,1.6931789751527472e-06,3.826752606653457e-06,0,5.104812466743976e-06,8.443245879413182e-07,9.048124667439765e-07,0
16982,44,2,7.78e-05,389,1.9459354453698653e-05,6.594663653168662e-05,5.834064554630134e-05,18,0.00013208488105608646,9.895494166152108e-06,5.428488105608647e-05,0,0.0001286298711407645,8.2496753301104e-06,5.0829871140764516e-05,0
16982,44,3,0.0009878,4939,0.0005999403513102866,0.0006283127806101377,0.00038785964868971344,7,0.0011545554146253697,4.7083154247860933e-05,0.0001667554146253696,0,0.0009774260708672936,4.626131000058569e-05,1.0373929132706473e-05,0
16982,44,4,0.0030848,15424,0.0019845901223907994,0.0013560968819278805,0.0011002098776092006,2,0.0034697168326456715,0.00013289057952285585,0.0003849168326456715,0,0.0030496728717565387,0.00011928621465042808,3.512712824346124e-05,0
16982,44,5,0.0064528,32264,0.005422196678482155,0.0018510046102930952,0.001030603321517845,0,0.007142786918922395,0.00018738148079785593,0.0006899869189223948,0,0.006596718012906266,0.00018070247832068518,0.00014391801290626616,0
16982,44,6,0.010923,54615,0.00952069430762322,0.0035717969645052096,0.0014023056923767804,0,0.012249789330271627,0.0002793337060095926,0.0013267893302716261,0,0.011840459632812715,0.00029263934096460266,0.0009174596328127144,0
16982,44,7,0.0169734,84867,0.017686292766883528,0.0041068562872910025,0.0007128927668835286,0,0.01889944943347718,0.00035135936940047514,0.0019260494334771804,0,0.01884625945579623,0.00045710725632880367,0.0018728594557962316,0
16982,44,8,0.0245156,122578,0.024220125081284172,0.0046972007543584155,0.00029547491871582607,0,0.027197119773942714,0.0005304307778873035,0.0026815197739427157,0,0.027802605806081588,0.0008393995578821126,0.0032870058060815895,0
16982,44,9,0.0340392,170196,0.033490013617561334,0.004542586688461874,0.0005491863824386642,0,0.037379284881342165,0.0006572973279543355,0.003340084881342166,0,0.039017086660695345,0.0008754144709362874,0.0049778866606953465,0
16982,44,10,0.046147,230735,0.04918857150512995,0.005379325215072894,0.0030415715051299516,0,0.04981797471177228,0.000731935408632992,0.0036709747117722805,0,0.05243872423221916,0.0013288560732433487,0.006291724232219159,0
16982,44,11,0.0608174,304087,0.06103905231417417,0.006453807861393845,0.00022165231417416859,0,0.06423748822877272,0.000882294957953472,0.0034200882287727177,0,0.0686338581107026,0.0015801901826853631,0.007816458110702605,0
16982,44,12,0.0790054,395027,0.07851653376666413,0.0067797736546247635,0.000488866233335869,0,0.08068954454344979,0.0009427839342066893,0.0016841445434497837,0,0.08704343148803902,0.0016276990901213989,0.008038031488039013,0
16982,44,13,0.0999678,499839,0.09973958257258524,0.007183250853842361,0.00022821742741475914,0,0.09790404572147227,0.001425074754639522,0.0020637542785277296,0,0.10552164886662707,0.00240588922230473,0.005553848866627076,0
16982,44,14,0.121833,609165,0.11890943937855494,0.006833546581171846,0.002923560621445054,0,0.11336769225020545,0.0018104376551750852,0.008465307749794551,0,0.12035608215767153,0.00262132251373963,0.0014769178423284651,0
16982,44,15,0.1368988,684494,0.13549864945532225,0.007657004500383449,0.0014001505446777363,0,0.12276288478199002,0.0013059771004277601,0.01413591521800997,0,0.12834464669254966,0.0020859841273718487,0.008554153307450324,0
16982,44,16,0.136516,682580,0.14292748165332478,0.009280953396859649,0.00641148165332478,0,0.12131838585218076,0.0015722976041617264,0.015197614147819241,0,0.12370866621213587,0.0023956341420044358,0.012807333787864125,0
16982,44,17,0.1052298,526149,0.10263407165248853,0.008793738541100691,0.0025957283475114695,0,0.10449450115758481,0.0016008283241357264,0.0007352988424151885,0,0.09767262591281985,0.0020521624003879526,0.007557174087180152,0
16982,44,18,0.0678818,339409,0.0670061836758929,0.00714037168702262,0.0008756163241071119,0,0.07554235974204075,0.0012766411716008763,0.007660559742040746,0,0.06398555585982829,0.001664922999181968,0.0038962441401717146,0
16982,44,19,0.0358164,179082,0.03515120963199449,0.005710866883527669,0.000665190368005511,0,0.04418343841675679,0.001015793064184338,0.008367038416756789,0,0.0330835618310239,0.001173565372227827,0.0027328381689760983,0
16982,44,20,0.012828,64140,0.011945251743475467,0.0027667894851577126,0.0008827482565245334,0,0.018047990403498432,0.0005697660218022099,0.005219990403498432,0,0.01094723544186004,0.000497929640935535,0.0018807645581399614,0
16982,173,1,2e-07,1,0.0,0.0,2e-07,20,6.780581097139842e-08,2.5656649687465536e-08,1.3219418902860157e-07,0,6.035558920875346e-08,1.4217900059622987e-08,1.3964441079124652e-07,0
16982,173,2,4e-07,2,0.0,0.0,4e-07,20,1.9072230821296964e-06,2.638717085725022e-07,1.5072230821296964e-06,0,2.5994567096580453e-06,2.71218348792619e-07,2.1994567096580453e-06,0
16982,173,3,2.64e-05,132,1.262160619911837e-07,5.644553889292284e-07,2.627378393800882e-05,19,2.8720471873888948e-05,2.054199067562704e-06,2.3204718738889467e-06,0,2.6523769237040097e-05,1.9778288158493292e-06,1.2376923704009567e-07,0
16982,173,4,0.0001244,622,2.161721444424359e-06,9.667512196303802e-06,0.00012223827855557562,19,0.00012614217984645477,7.522371798996675e-06,1.7421798464547838e-06,0,0.00011486571800954955,5.853800183006654e-06,9.534281990450434e-06,0
16982,173,5,0.000371,1855,0.00015861098023241843,0.00025754616894499714,0.0002123890197675816,10,0.0003589116334142206,1.4200105616327253e-05,1.2088366585779416e-05,0,0.00034145943794145574,1.3081494873453804e-05,2.9540562058544284e-05,0
16982,173,6,0.0007784,3892,0.00029377574757238195,0.00035687273230444993,0.000484624252427618,9,0.0008297500940405796,2.8192832545000016e-05,5.1350094040579605e-05,0,0.0008218669038428496,2.7791854051284594e-05,4.3466903842849665e-05,0
16982,173,7,0.0015556,7778,0.0011746228586488976,0.0010525235258329367,0.0003809771413511025,5,0.0016813598679075697,4.5665682242613394e-05,0.00012575986790756962,0,0.0017248129136571712,6.208444564475684e-05,0.00016921291365717115,0
16982,173,8,0.0028184,14092,0.0026704972517084054,0.0013760564046473884,0.0001479027482915946,0,0.0031413797326914445,9.428452321366667e-05,0.00032297973269144456,0,0.0033221268099800374,0.0001252407802296581,0.0005037268099800374,0
16982,173,9,0.0049254,24627,0.004710112482036206,0.0026141501794268943,0.00021528751796379402,0,0.00556756129502217,0.00014392605894343746,0.0006421612950221704,0,0.006058062121383831,0.00018105649311469735,0.0011326621213838314,0
16982,173,10,0.0082064,41032,0.008046247624974575,0.0026982415395989815,0.00016015237502542586,0,0.009558613638053296,0.00021496101064290702,0.0013522136380532956,0,0.010528981067203281,0.00035306669522355377,0.00232258106720328,0
16982,173,11,0.0135086,67543,0.013642618182830963,0.0033232738536574016,0.0001340181828309618,0,0.015859814058935284,0.0003585690094922992,0.0023512140589352828,0,0.01797403338821434,0.0005571512170853941,0.004465433388214339,0
16982,173,12,0.021961,109805,0.023055364937554963,0.004599375829067011,0.0010943649375549612,0,0.025934657722871367,0.0004969076185161531,0.003973657722871365,0,0.03002704250727132,0.0007875093780007314,0.008066042507271318,0
16982,173,13,0.0352358,176179,0.03247007576435703,0.005678530495419869,0.0027657242356429676,0,0.04151694353672346,0.0008057620232074634,0.00628114353672346,0,0.04856857868936927,0.0012656678038771455,0.013332778689369273,0
16982,173,14,0.0563474,281737,0.05773064456393856,0.007548650152004746,0.0013832445639385613,0,0.06444218879673044,0.0013180014681562482,0.008094788796730444,0,0.07515651100159651,0.0018558154702984604,0.01880911100159651,0
16982,173,15,0.088815,444075,0.08833950355447263,0.00822082164318976,0.0004754964455273708,0,0.0952807307119108,0.001480889803462993,0.006465730711910797,0,0.11099358479720926,0.002047883895150821,0.022178584797209258,0
16982,173,16,0.13643,682150,0.13310663345923074,0.00935954952104713,0.003323366540769257,0,0.13176833296472773,0.0018454455648701067,0.0046616670352722656,0,0.1512469980055552,0.0028861336509594794,0.014816998005555193,0
16982,173,17,0.1953662,976831,0.197590414520163,0.012562956636743427,0.002224214520162998,0,0.16390085020458303,0.001900974392217112,0.03146534979541696,0,0.1727208160243699,0.00352998784998286,0.022645383975630096,0
16982,173,18,0.1963016,981508,0.19429498606120058,0.01276897025368095,0.0020066139387994175,0,0.17453773526327998,0.00179139061954764,0.021763864736720012,0,0.16688980609624648,0.00361705009672452,0.029411793903753508,0
16982,173,19,0.1521388,760694,0.15370032430401742,0.010741268611403022,0.001561524304017431,0,0.15680250772582993,0.00193363093973113,0.004663707725829941,0,0.13180603254899237,0.003286481639573772,0.02033276745100762,0
16982,173,20,0.085089,425445,0.08507975327696307,0.008810140062233164,9.246723036926419e-06,0,0.10863194778857059,0.002145547093786343,0.023542947788570592,0,0.07167523838762128,0.0022004901830346263,0.013413761612378713,0
16982,632,1,0,0,0.0,0.0,0.0,20,2.4797165415479176e-11,1.807242667105198e-11,2.4797165415479176e-11,0,3.867693098925055e-11,1.4063323438559622e-11,3.867693098925055e-11,0
16982,632,2,0,0,0.0,0.0,0.0,20,1.413226236926808e-09,3.8416218632493195e-10,1.413226236926808e-09,0,3.3854731322877144e-09,7.964103091472268e-10,3.3854731322877144e-09,0
16982,632,3,0,0,0.0,0.0,0.0,20,4.4039374774730296e-08,7.4680135092139e-09,4.4039374774730296e-08,0,4.9077678412172526e-08,6.5423466760162675e-09,4.9077678412172526e-08,0
16982,632,4,2e-07,1,0.0,0.0,2e-07,20,3.0772245786984304e-07,3.129657845398404e-08,1.0772245786984305e-07,0,3.1585679266420875e-07,2.4027665517983237e-08,1.1585679266420876e-07,0
16982,632,5,1.8e-06,9,0.0,0.0,1.8e-06,20,1.323795926385404e-06,8.601565650326204e-08,4.7620407361459593e-07,0,1.4097472201786024e-06,8.998087030786103e-08,3.902527798213975e-07,0
16982,632,6,5.6e-06,28,0.0,0.0,5.6e-06,20,4.5394386256057666e-06,2.5198875745162115e-07,1.0605613743942332e-06,0,4.9480998653577265e-06,2.5557144322478195e-07,6.519001346422732e-07,0
16982,632,7,1.12e-05,56,0.0,0.0,1.12e-05,20,1.32294262628807e-05,6.117814808376486e-07,2.029426262880701e-06,0,1.5031054498207829e-05,9.080377635613224e-07,3.831054498207829e-06,0
16982,632,8,3.36e-05,168,0.0,0.0,3.36e-05,20,3.53285927368887e-05,1.8290426632545339e-06,1.7285927368887e-06,0,4.1627350887608445e-05,2.245837722533438e-06,8.027350887608448e-06,0
16982,632,9,8.4e-05,420,1.4179157490209206e-05,4.508065028754787e-05,6.982084250979079e-05,18,8.914721148895981e-05,3.7726445292148314e-06,5.1472114889598185e-06,0,0.00010882503771561449,5.232756121252238e-06,2.4825037715614493e-05,0
16982,632,10,0.000189,945,9.27369695178452e-05,0.00018621287424116798,9.626303048215481e-05,15,0.00021793926615346076,8.713722833686633e-06,2.893926615346075e-05,0,0.00027066284809804835,1.389059906544911e-05,8.166284809804834e-05,0
16982,632,11,0.0004528,2264,0.0002441437994358233,0.0003795434269098669,0.0002086562005641767,12,0.0005159713002195669,2.141755828787325e-05,6.317130021956692e-05,0,0.0006726891364579994,3.352736424177514e-05,0.00021988913645799938,0
16982,632,12,0.0009986,4993,0.0008489603963137977,0.000731611791060061,0.0001496396036862024,5,0.0012282000672910673,4.982708011071692e-05,0.0002296000672910672,0,0.0016699296645990493,7.577463752032353e-05,0.0006713296645990492,0
16982,632,13,0.0022926,11463,0.001705476007140993,0.001658513668961224,0.0005871239928590072,6,0.0029320437882470593,0.00011043166476519233,0.0006394437882470592,0,0.004111389218773994,0.0001616706730788003,0.0018187892187739936,0
16982,632,14,0.0052562,26281,0.0051344042161915755,0.003017947580642201,0.00012179578380842448,0,0.006977879335933514,0.00023981147495576006,0.001721679335933514,0,0.009974573697433637,0.00038697815397606276,0.004718373697433637,0
16982,632,15,0.0119612,59806,0.01322033758552028,0.003064965960772816,0.0012591375855202803,0,0.016324353873322466,0.0004896450415246454,0.004363153873322466,0,0.02388904153956451,0.000683318520331466,0.011927841539564511,0
16982,632,16,0.0276514,138257,0.029696995279749054,0.0052248600517920615,0.0020455952797490545,0,0.03710812528963263,0.0009041964439770464,0.00945672528963263,0,0.054463599347801074,0.0015604620800385577,0.026812199347801075,0
16982,632,17,0.0626332,313166,0.06117375184660615,0.007747379327618734,0.0014594481533938483,0,0.0795588462184497,0.0015778900199962225,0.016925646218449705,0,0.10787600506175765,0.002729903387359902,0.04524280506175765,0
16982,632,18,0.1290612,645306,0.12790060477286194,0.008843099998161047,0.0011605952271380449,0,0.1527911076900412,0.002303810064176847,0.023729907690041213,0,0.18684062792978637,0.0041458018043688035,0.05777942792978638,0
16982,632,19,0.2522346,1261173,0.251498139158204,0.009746787575480557,0.0007364608417959606,0,0.26701176368916407,0.0036412838953986336,0.014777163689164097,0,0.28010312395100373,0.00584895228605037,0.027868523951003754,0
16982,632,20,0.5071328,2535664,0.5055045981419729,0.010471375757750243,0.0016282018580271451,0,0.4343459309655179,0.005071219974072938,0.07278686903448217,0,0.32995614795591605,0.006230037857661402,0.177176652044084,0
16982,1252,1,0,0,0.0,0.0,0.0,20,1.493408229931537e-08,6.333602415061975e-09,1.493408229931537e-08,0,1.4452227852015409e-08,3.6637614991264247e-09,1.4452227852015409e-08,0
16982,1252,2,2e-07,1,0.0,0.0,2e-07,20,4.707472250377834e-07,7.406155891393474e-08,2.707472250377834e-07,0,7.016795413676741e-07,8.352962177518046e-08,5.016795413676741e-07,0
16982,1252,3,7.6e-06,38,0.0,0.0,7.6e-06,20,8.03792650753933e-06,6.667161018394972e-07,4.3792650753933064e-07,0,7.647283822173092e-06,6.368131135188104e-07,4.728382217309153e-08,0
16982,1252,4,3.48e-05,174,0.0,0.0,3.48e-05,20,3.858377101947663e-05,2.5538894823006285e-06,3.7837710194766315e-06,0,3.573616367048329e-05,1.952609084737975e-06,9.361636704832935e-07,0
16982,1252,5,0.000115,575,1.0954207693101206e-05,3.0451565228635066e-05,0.0001040457923068988,17,0.00011891586416087575,5.189939149289635e-06,3.915864160875744e-06,0,0.00011496358198601732,4.842509752377744e-06,3.6418013982678706e-08,0
16982,1252,6,0.0002768,1384,6.725577879809554e-05,0.0001596970341486338,0.00020954422120190446,16,0.0002970762240916972,1.113423717529761e-05,2.027622409169719e-05,0,0.0002983370324605691,1.0941379321612112e-05,2.1537032460569084e-05,0
16982,1252,7,0.000589,2945,0.00019441321708421483,0.0002624300428170341,0.0003945867829157852,11,0.0006474873517617462,1.9541219760025513e-05,5.848735176174622e-05,0,0.0006744182928931495,2.70238597302941e-05,8.541829289314949e-05,0
16982,1252,8,0.0011208,5604,0.0005530180124761207,0.0004473263572334712,0.0005677819875238792,5,0.0013005687822305679,4.378002349366624e-05,0.00017976878223056793,0,0.0013988659211164561,5.662787056057408e-05,0.0002780659211164562,0
16982,1252,9,0.002118,10590,0.0017342809014594777,0.0020694916422902107,0.00038371909854052234,3,0.002478635193731688,7.122758379463963e-05,0.000360635193731688,0,0.0027488374917195866,9.019790107560013e-05,0.0006308374917195865,0
16982,1252,10,0.0037406,18703,0.003533888833038023,0.0017656979991114137,0.00020671116696197728,0,0.004581808451086366,0.00011637437265429763,0.0008412084510863657,0,0.00515147642803211,0.0001884753705669237,0.00141087642803211,0
16982,1252,11,0.0066534,33267,0.006310426630809589,0.0019799161500366745,0.00034297336919041164,0,0.00819757036769789,0.00021271536117170502,0.0015441703676978905,0,0.009526682180797035,0.0003263661510382984,0.002873282180797035,0
16982,1252,12,0.0114962,57481,0.011476563734281253,0.0024457788020240167,1.963626571874731e-05,0,0.014532577499276386,0.00033181155776059324,0.0030363774992763857,0,0.01733468511543599,0.0005133703696977349,0.00583848511543599,0
16982,1252,13,0.020037,100185,0.020475354770351832,0.004705370967541874,0.00043835477035183285,0,0.0253825408522165,0.0005681480175580776,0.0053455408522165015,0,0.030734081194470315,0.0008655559870963429,0.010697081194470315,0
16982,1252,14,0.034556,172780,0.03467964490930497,0.006848740136601107,0.0001236449093049638,0,0.04330145421451849,0.0009886854124876892,0.008745454214518486,0,0.052551633170691205,0.001413371207967301,0.0179956331706912,0
16982,1252,15,0.0591788,295894,0.057883832419525626,0.006567743865160618,0.001294967580474371,0,0.07097664780095132,0.0012838728545756062,0.011797847800951326,0,0.08656097518156655,0.001736568690251091,0.027382175181566555,0
16982,1252,16,0.1001358,500679,0.10213353675884837,0.010516641051683552,0.001997736758848373,0,0.10998433127546985,0.001717901247042817,0.009848531275469849,0,0.1328452671589398,0.00267088841203198,0.0327094671589398,0
16982,1252,17,0.1639346,819673,0.16342056495636992,0.008194446212411286,0.0005140350436300956,0,0.1553934192858465,0.0018206151820593505,0.008541180714153523,0,0.17276719914323885,0.00361415685548695,0.008832599143238834,0
16982,1252,18,0.2201546,1100773,0.2238110874494473,0.00872458731635272,0.0036564874494472988,0,0.1903413451087605,0.0017783156401563278,0.02981325489123951,0,0.1921204094601573,0.0040616685811521195,0.028034190539842713,0
16982,1252,19,0.2197328,1098664,0.21563381090378378,0.012381737721834742,0.004098989096216227,0,0.20079292836876336,0.0021958702508137287,0.018939871631236643,0,0.17772357551310305,0.003978134728317624,0.04200922448689695,0
16982,1252,20,0.156118,780590,0.15366092609726154,0.010234470587140413,0.0024570739027384714,0,0.17154071374205357,0.0029082474873943793,0.015422713742053562,0,0.1174044935541306,0.0031386673961313143,0.038713506445869406,0
16982,1260,1,0.0004034,2017,0.0004988677249903916,0.0011079646966544504,9.546772499039157e-05,14,0.0008192733281536518,8.158989695009434e-05,0.00041587332815365186,0,0.0004044968222682798,3.9829587101105085e-05,1.0968222682797963e-06,0
16982,1260,2,0.0036434,18217,0.0029119485262260433,0.001760235361980758,0.0007314514737739568,0,0.006585948886860836,0.00023018638520391825,0.0029425488868608358,0,0.004834275034472301,0.0001813667180040821,0.0011908750344723005,0
16982,1260,3,0.0238442,119221,0.02225930559671222,0.003915257787343506,0.001584894403287778,0,0.02825692220679048,0.000641845364238423,0.0044127222067904814,0,0.02366080447022013,0.0006458884150136285,0.00018339552977986867,0
16982,1260,4,0.0477754,238877,0.04615124486277606,0.005604639643669104,0.0016241551372239427,0,0.05117001120269558,0.0009927549156765587,0.0033946112026955744,0,0.04622330007019357,0.001281338829907877,0.0015520999298064345,0
16982,1260,5,0.0679554,339777,0.06896539759165456,0.006503750237956244,0.0010099975916545573,0,0.06906925400802641,0.0009718491217625759,0.0011138540080264103,0,0.0656947625659006,0.0013141370419119608,0.002260637434099405,0
16982,1260,6,0.08273,413650,0.08161923120780692,0.008739501037984945,0.0011107687921930731,0,0.08153902010211483,0.0010509369247713866,0.0011909798978851638,0,0.08074978043471263,0.001425729437958039,0.001980219565287364,0
16982,1260,7,0.0923964,461982,0.09502977377424605,0.008248440282713206,0.0026333737742460506,0,0.08969652109670287,0.0012054458283414398,0.0026998789032971343,0,0.09112286776874198,0.0015067778009797352,0.0012735322312580205,0
16982,1260,8,0.0977254,488627,0.09882644778834981,0.008323287285123855,0.0011010477883498099,0,0.09399064047910731,0.0011510935692045344,0.0037347595208926943,0,0.09699831092365829,0.0024858528756663543,0.0007270890763417109,0
16982,1260,9,0.0996306,498153,0.09829590393710144,0.010345872763267585,0.0013346960628985577,0,0.09510307375612356,0.0011815088840913892,0.004527526243876437,0,0.09915100276948897,0.0018628705369377618,0.0004795972305110252,0
16982,1260,10,0.0977386,488693,0.09829220027660197,0.00842192306627871,0.0005536002766019787,0,0.09348714338825317,0.001030965277372191,0.0042514566117468205,0,0.09769975849928511,0.0021036229792052597,3.8841500714884014e-05,0
16982,1260,11,0.0925774,462887,0.09535931644214782,0.009591168248483746,0.0027819164421478138,0,0.08897512793557885,0.0010109121961168884,0.0036022720644211526,0,0.09301733876326998,0.0018403475561880342,0.00043993876326997583,0
16982,1260,12,0.0836028,418014,0.0793886098335332,0.007628927904083566,0.004214190166466805,0,0.08133016613627606,0.0012661506481382642,0.0022726338637239496,0,0.08489487856086751,0.0015726226680784976,0.0012920785608675073,0
16982,1260,13,0.0710268,355134,0.07121711448830305,0.00604791836161725,0.00019031448830304776,0,0.07063129812307634,0.0013276504930577113,0.0003955018769236651,0,0.07279046614020124,0.001939088854327086,0.0017636661402012366,0
16982,1260,14,0.0558798,279399,0.055818991490486955,0.0062163704116445385,6.080850951304534e-05,0,0.05716226680068017,0.0010025774382435729,0.001282466800680171,0,0.05742284705221157,0.001503605611538505,0.0015430470522115672,0
16982,1260,15,0.0398158,199079,0.039175516904990985,0.005981896105110436,0.000640283095009013,0,0.042111013912627296,0.0005225671583683627,0.0022952139126272975,0,0.04098992231637339,0.0008406916909286813,0.0011741223163733924,0
16982,1260,16,0.024449,122245,0.02454240002061306,0.005797061870967673,9.34000206130603e-05,0,0.027149977983824614,0.0005735604887552787,0.0027009779838246158,0,0.025541389564718454,0.000633442614217085,0.0010923895647184552,0
16982,1260,17,0.0121514,60757,0.012368440956303395,0.002654384226972982,0.0002170409563033958,0,0.014389916853598247,0.0003806225315608608,0.002238516853598247,0,0.01246510816803479,0.0003683344234852496,0.0003137081680347903,0
16982,1260,18,0.0048666,24333,0.0038770609914034657,0.0016736417361456035,0.0009895390085965339,0,0.0061912470707066215,0.00021900565236597123,0.001324647070706622,0,0.004784130424672487,0.00019104800960501948,8.246957532751214e-05,0
16982,1260,19,0.0015178,7589,0.0004972041237552188,0.0005682365173155427,0.0010205958762447812,8,0.001971982011610755,0.0001037093016940664,0.00045418201161075513,0,0.001345363925124176,7.903301405131565e-05,0.00017243607487582384,0
16982,1260,20,0.0002698,1349,5.161390999639658e-05,0.00022840728554921665,0.0002181860900036034,18,0.0003691946581082026,2.9107139724861182e-05,9.939465810820258e-05,0,0.00020919572558430487,1.8027649296524518e-05,6.060427441569513e-05,0
16982,1526,1,0,0,0.0,0.0,0.0,20,8.5818541894688e-09,3.740273260363433e-09,8.5818541894688e-09,0,8.475146179274039e-09,2.1848782274195904e-09,8.475146179274039e-09,0
16982,1526,2,2e-07,1,0.0,0.0,2e-07,20,2.7799071756836337e-07,4.4935036435867614e-08,7.799071756836338e-08,0,4.226487993880795e-07,5.181586778746354e-08,2.226487993880795e-07,0
16982,1526,3,5.8e-06,29,0.0,0.0,5.8e-06,20,4.877309186690895e-06,4.1790808628136725e-07,9.226908133091053e-07,0,4.671014653503069e-06,3.9822550226265605e-07,1.128985346496931e-06,0
16982,1526,4,2.1e-05,105,0.0,0.0,2.1e-05,20,2.385172728943437e-05,1.614200168982199e-06,2.8517272894343724e-06,0,2.2182237790001986e-05,1.2309911452422564e-06,1.1822377900019867e-06,0
16982,1526,5,7.46e-05,373,0.0,0.0,7.46e-05,20,7.478334548923663e-05,3.334708414235721e-06,1.8334548923663364e-07,0,7.259685388459799e-05,3.1257727344567894e-06,2.0031461154020053e-06,0
16982,1526,6,0.0001906,953,2.0793766949276943e-05,6.0406168535751785e-05,0.00016980623305072305,17,0.0001900875263500316,7.286329554947644e-06,5.124736499684062e-07,0,0.00019161549975358375,7.161895837735265e-06,1.0154997535837473e-06,0
16982,1526,7,0.0004064,2032,0.00013578399478032346,0.0002713687299919549,0.0002706160052196766,14,0.0004214222513223828,1.3053555871626534e-05,1.5022251322382779e-05,0,0.00044087796951904556,1.814178343677616e-05,3.447796951904555e-05,0
16982,1526,8,0.000771,3855,0.00031333472822836527,0.0005063137678505756,0.0004576652717716347,12,0.0008617534268735037,2.987501184979233e-05,9.075342687350372e-05,0,0.0009316102583412465,3.8445261461169795e-05,0.00016061025834124656,0
16982,1526,9,0.0014624,7312,0.0009716611865742585,0.0009219353036293317,0.0004907388134257415,3,0.0016738078844700255,4.94940448888181e-05,0.00021140788447002548,0,0.001867352359059752,6.295058580658366e-05,0.00040495235905975207,0
16982,1526,10,0.0026662,13331,0.0025268630242617817,0.0011343147639705476,0.0001393369757382184,0,0.003158057223534099,8.311733580468008e-05,0.0004918572235340988,0,0.0035748630408700007,0.00013425537602506236,0.0009086630408700006,0
16982,1526,11,0.0047748,23874,0.004637733065599089,0.001893103565021552,0.00013706693440091074,0,0.005777325057855583,0.00015631045462845313,0.001002525057855583,0,0.006772820779601519,0.00023975295986675897,0.0019980207796015193,0
16982,1526,12,0.0084302,42151,0.00792976526869824,0.001916279075388791,0.0005004347313017597,0,0.01050633076722971,0.0002541681726964377,0.0020761307672297093,0,0.012671108727999461,0.0003914970319278549,0.004240908727999461,0
16982,1526,13,0.014905,74525,0.015016953700365859,0.004135944411872506,0.00011195370036585876,0,0.018902179501717294,0.00044641301543201856,0.0039971795017172945,0,0.023204666805626252,0.0006739841489666489,0.008299666805626252,0
16982,1526,14,0.0264788,132394,0.0266985916807903,0.004565390308347441,0.00021979168079029957,0,0.03339118511110129,0.0007967649649790547,0.006912385111101291,0,0.04123225595243883,0.0011529247172915064,0.014753455952438831,0
16982,1526,15,0.0466342,233171,0.04557113421361164,0.004424005821435644,0.0010630657863883591,0,0.057063868042954366,0.0011021347927610903,0.010429668042954365,0,0.07113849374595081,0.0014877150668014519,0.02450429374595081,0
16982,1526,16,0.0814992,407496,0.07841822579975534,0.007386471419339476,0.0030809742002446544,0,0.09304549932583649,0.0015409834566206628,0.011546299325836493,0,0.11548671262761237,0.002420501599522805,0.033987512627612376,0
16982,1526,17,0.1392474,696237,0.14299582763035573,0.010395547026078557,0.0037484276303557384,0,0.1401545950268141,0.0017255383512419981,0.000907195026814106,0,0.1610055010986292,0.003432979495126747,0.021758101098629218,0
16982,1526,18,0.2027686,1013843,0.20131794835058425,0.01574629906215514,0.0014506516494157407,0,0.18622166789535516,0.0017660020477973932,0.016546932104644835,0,0.19532660119108397,0.0041219171628732775,0.007441998808916023,0
16982,1526,19,0.2567766,1283883,0.26111001133124045,0.014238183919222014,0.004333411331240433,0,0.21971488348325746,0.002367827266728761,0.03706171651674256,0,0.2031975063150755,0.004295034033498044,0.05357909368492453,0
16982,1526,20,0.212887,1064435,0.2082084076744025,0.008016147556174209,0.004678592325597503,0,0.2284321381549026,0.00336155416004008,0.015545138154902605,0,0.16285813239816513,0.003789096092560576,0.050028867601834864,0
16982,1528,1,3.36e-05,168,1.5130174194934162e-05,6.752710159738978e-05,1.8469825805065835e-05,18,7.159805538056769e-05,1.0738004909416816e-05,3.799805538056769e-05,0,3.960555315253346e-05,5.252300939436569e-06,6.005553152533463e-06,0
16982,1528,2,0.0004942,2471,0.00027862976820137623,0.0004970534993463628,0.00021557023179862375,12,0.0008656602465905402,4.5656767567167443e-05,0.0003714602465905402,0,0.0007293378436176245,3.669309825957388e-05,0.0002351378436176245,0
16982,1528,3,0.004569,22845,0.003741261321331172,0.0023327678368397506,0.0008277386786688283,0,0.005583045316071345,0.00017288731147223335,0.0010140453160713452,0,0.0046355685711237105,0.0001717190442826127,6.656857112371031e-05,0
16982,1528,4,0.012264,61320,0.01192807880329226,0.004145758477311159,0.0003359211967077398,0,0.013542870627831938,0.00039649884069998083,0.0012788706278319371,0,0.01192668934806181,0.00040398150314183395,0.0003373106519381913,0
16982,1528,5,0.02172,108600,0.02139272737503407,0.004066846267078259,0.0003272726249659297,0,0.02331750524781596,0.00047640004565510283,0.0015975052478159613,0,0.021620873877446403,0.0005063981977673796,9.912612255359721e-05,0
16982,1528,6,0.0321828,160914,0.030863045486300332,0.00567077878289548,0.0013197545136996655,0,0.03408505673986591,0.0006117120201241055,0.0019022567398659096,0,0.03305601994658412,0.0006907007928550035,0.000873219946584125,0
16982,1528,7,0.0431986,215993,0.0438789390533174,0.005698690280553957,0.0006803390533174011,0,0.045495087162250133,0.0007058417386681188,0.0022964871622501368,0,0.04541514784921335,0.0009052388331057084,0.0022165478492133517,0
16982,1528,8,0.0549876,274938,0.052450683941468054,0.005980524859968018,0.0025369160585319434,0,0.05710601871716111,0.0008825956622877418,0.002118418717161112,0,0.058227727599396095,0.0016081034401949949,0.0032401275993960976,0
16982,1528,9,0.0676544,338272,0.06926260090114955,0.006620089890510741,0.001608200901149548,0,0.06875780647460336,0.0009913388534551542,0.0011034064746033578,0,0.07125602862204253,0.0014306549892810598,0.003601628622042524,0
16982,1528,10,0.0808838,404419,0.08010215791214718,0.007274377265702501,0.0007816420878528213,0,0.08031444725912416,0.0009628074872316893,0.000569352740875842,0,0.08373042190110952,0.0018908617533632671,0.002846621901109514,0
16982,1528,11,0.0938504,469252,0.09559163220738127,0.008396072337760909,0.0017412322073812742,0,0.09078321231153304,0.0009994008658389378,0.003067187688466963,0,0.09541496378665816,0.0019629009467648797,0.0015645637866581602,0
16982,1528,12,0.1047362,523681,0.10387420962107259,0.00828774076490088,0.0008619903789274103,0,0.09930256702872749,0.0011512900223776665,0.0054336329712725145,0,0.10480406236093928,0.001808841485454409,6.786236093928033e-05,0
16982,1528,13,0.1121088,560544,0.11291180027353694,0.011222198530765708,0.0008030002735369413,0,0.10411408820886495,0.0015745386348991566,0.007994711791135048,0,0.10915658087285607,0.002551918951167764,0.0029522191271439263,0
16982,1528,14,0.1109112,554556,0.11231128705249968,0.009767784488767129,0.0014000870524996795,0,0.1030800398546821,0.0016105758521484854,0.0078311601453179,0,0.10584829396676232,0.0023989161347860955,0.005062906033237682,0
16982,1528,15,0.0989336,494668,0.09664016140802952,0.008563493877195294,0.0022934385919704814,0,0.09425650231972697,0.0009556716286478079,0.0046770976802730235,0,0.09454819569562253,0.0016157354952655776,0.004385404304377463,0
16982,1528,16,0.0767108,383554,0.07729546727954453,0.007320496866201194,0.0005846672795445373,0,0.07719930589822764,0.001187010475947826,0.0004885058982276452,0,0.0750946443361844,0.0015875863880793464,0.0016161556638155938,0
16982,1528,17,0.0476054,238027,0.04811502177421448,0.006098203114704624,0.000509621774214479,0,0.05370953118391777,0.001039855193265807,0.006104131183917769,0,0.0478479460800027,0.001118362332772182,0.0002425460800027021,0
16982,1528,18,0.0246394,123197,0.02473054497297453,0.002691133870073709,9.114497297453214e-05,0,0.030796630446260277,0.0007235326705778826,0.006157230446260278,0,0.024695862505293063,0.0007656363290802617,5.646250529306451e-05,0
16982,1528,19,0.009956,49780,0.00858502977437253,0.003309664661029016,0.001370970225627469,0,0.013709815689258619,0.0004714194170942199,0.0037538156892586196,0,0.00969126112867176,0.00043394943341614297,0.0002647388713282392,0
16982,1528,20,0.0025602,12801,0.002191661968718496,0.001721488341739155,0.0003685380312815037,2,0.003909196927757381,0.00018405963837915225,0.0013489969277573808,0,0.002260768155262213,0.00013911445441357526,0.00029943184473778684,0
16982,1553,1,0.0111432,55716,0.009531327775428122,0.0027806471260999905,0.0016118722245718788,0,0.019810196981718164,0.001082617628193902,0.008666996981718163,0,0.00960028225237312,0.0006043062895186388,0.00154291774762688,0
16982,1553,2,0.0536148,268074,0.05076333644256085,0.006878170128506506,0.002851463557439149,0,0.07802213950391533,0.0016745583264908758,0.024407339503915333,0,0.05279494654966127,0.001380023441135319,0.000819853450338727,0
16982,1553,3,0.1933226,966613,0.194285973168037,0.009613114267217619,0.0009633731680369906,0,0.1602854706672757,0.0026065772012045995,0.03303712933272432,0,0.15113384290492243,0.002710474845671373,0.04218875709507758,0
16982,1553,4,0.2008492,1004246,0.20212041751529575,0.010907777724192208,0.0012712175152957417,0,0.16854271994190664,0.0016743422102649976,0.03230648005809336,0,0.17016462749788624,0.003338602729515294,0.03068457250211376,0
16982,1553,5,0.1505512,752756,0.15081076425715503,0.009230458989311671,0.00025956425715503717,0,0.14428448420484133,0.0015531348299082802,0.006266715795158667,0,0.15157138186906277,0.003077347879165504,0.001020181869062775,0
16982,1553,6,0.110916,554580,0.10915155651593667,0.0071736629447523865,0.0017644434840633355,0,0.11531169378907649,0.0011834560028663435,0.004395693789076491,0,0.12386802114900705,0.0026149046926985807,0.01295202114900705,0
16982,1553,7,0.0822162,411081,0.0845561249273711,0.008419946401075592,0.0023399249273711037,0,0.08938520596938346,0.0014710165810597666,0.007169005969383455,0,0.09769709294245832,0.0016836836843923514,0.015480892942458316,0
16982,1553,8,0.0609796,304898,0.061194675498336036,0.00867245984224381,0.00021507549833603423,0,0.06800710474356088,0.0009953147035798862,0.0070275047435608765,0,0.07460078241841989,0.0019403501455033583,0.013621182418419885,0
16982,1553,9,0.0447778,223889,0.04510660923889738,0.005595509344494624,0.0003288092388973804,0,0.050772861762099386,0.0009161807628621496,0.0059950617620993865,0,0.0557206600090035,0.0012061164505834242,0.010942860009003498,0
16982,1553,10,0.0324982,162491,0.03184240804680766,0.004403172298296965,0.0006557919531923403,0,0.037152143077426814,0.0006787661802230284,0.004653943077426816,0,0.04051724620415252,0.0011295942165165866,0.008019046204152523,0
16982,1553,11,0.0228554,114277,0.0220294913116249,0.004348516240633961,0.0008259086883751002,0,0.026402566662729415,0.0005404423757233183,0.003547166662729414,0,0.028547196956736444,0.0007490729406400584,0.0056917969567364425,0
16982,1553,12,0.0154716,77358,0.014382306745674811,0.0037367075365878784,0.0010892932543251892,0,0.01793161923699574,0.000498211517106104,0.002460019236995738,0,0.019204467218765016,0.0005179753849969298,0.0037328672187650156,0
16982,1553,13,0.0099048,49524,0.00944752916420327,0.0035766514665616735,0.00045727083579672964,0,0.011469016925675691,0.00034795526876509156,0.0015642169256756908,0,0.012051540282740733,0.0004521212288249237,0.002146740282740733,0
16982,1553,14,0.0058242,29121,0.005784054373872854,0.002532931276848223,4.01456261271459e-05,0,0.006728068038703745,0.00017411939170289986,0.0009038680387037454,0,0.006875299889960657,0.0002537206227025344,0.001051099889960657,0
16982,1553,15,0.003083,15415,0.002792028492116021,0.0015769038779474354,0.0002909715078839789,1,0.003543843403254741,8.373641943414001e-05,0.0004608434032547411,0,0.00348071776912192,0.00010605011302121102,0.00039771776912192035,0
16982,1553,16,0.001359,6795,0.000626075043808345,0.0006301856468588418,0.000732924956191655,7,0.0015902910624617903,5.4783846412002404e-05,0.0002312910624617903,0,0.0015145430100520292,5.2725978074217545e-05,0.00015554301005202926,0
16982,1553,17,0.0004756,2378,0.00016485130218387665,0.0002447738638376904,0.00031074869781612337,10,0.0005617213727071501,2.3859499694700053e-05,8.612137270715012e-05,0,0.0005045618524279439,2.3414341867318498e-05,2.8961852427943915e-05,0
16982,1553,18,0.0001304,652,2.141732194169644e-05,6.345092260378449e-05,0.00010898267805830355,17,0.00016223481026647997,1.0314983451418107e-05,3.1834810266479977e-05,0,0.0001274037009811541,7.573886964612495e-06,2.996299018845908e-06,0
16982,1553,19,2.52e-05,126,4.497192550914137e-06,2.011205650349939e-05,2.0702807449085864e-05,19,3.2926130128118624e-05,2.8447271298998257e-06,7.726130128118625e-06,0,2.319591000660484e-05,2.0783525522332573e-06,2.0040899933951583e-06,0
16982,1553,20,2e-06,10,0.0,0.0,2e-06,20,3.643534034032016e-06,5.498410454320468e-07,1.6435340340320162e-06,0,2.1896122605080836e-06,2.7398999927483093e-07,1.8961226050808367e-07,0
16982,1554,1,0.0001362,681,3.156036873062745e-05,8.645245449775516e-05,0.00010463963126937256,16,0.0002866813290151995,3.4681925068296394e-05,0.00015048132901519952,0,0.00014775687436868252,1.684330555001768e-05,1.1556874368682515e-05,0
16982,1554,2,0.0015218,7609,0.0006401180106116222,0.0005537412974788857,0.0008816819893883778,3,0.0028171594568099675,0.00011757650707744428,0.0012953594568099675,0,0.002182964816925132,9.318546989027434e-05,0.000661164816925132,0
16982,1554,3,0.0123452,61726,0.010753296560959243,0.0036207794405897164,0.0015919034390407573,0,0.014591926368739702,0.0003767523853114501,0.002246726368739701,0,0.012098325038890405,0.0003765338816775406,0.0002468749611095958,0
16982,1554,4,0.0283912,141956,0.028615538598291468,0.004424961813322964,0.00022433859829146946,0,0.03010177082388828,0.0007042843040944962,0.001710570823888282,0,0.026794319708819674,0.0008120370159646836,0.0015968802911803248,0
16982,1554,5,0.044346,221730,0.04378912385648227,0.007559821990263573,0.0005568761435177233,0,0.0451934649979139,0.0007502375364144435,0.0008474649979139035,0,0.042393443189203364,0.0008988209374781864,0.0019525568107966323,0
16982,1554,6,0.0585714,292857,0.06006534141634027,0.007373246290489299,0.0014939414163402664,0,0.05850569381295216,0.0008674799096612616,6.57061870478412e-05,0,0.05729257177510454,0.001072018707244553,0.001278828224895466,0
16982,1554,7,0.0707384,353692,0.07246631050686249,0.0060314161204259665,0.0017279105068624817,0,0.06995822105142194,0.0009803902204204708,0.0007801789485780697,0,0.07039052760448823,0.001242995367461036,0.0003478723955117752,0
16982,1554,8,0.0815344,407672,0.07736947610175829,0.0073971721082379035,0.004164923898241718,0,0.07926350237559429,0.001053863659773955,0.0022708976244057155,0,0.08122059871560482,0.002136793417634109,0.0003138012843951904,0
16982,1554,9,0.0897492,448746,0.09193663455006301,0.007000558210335454,0.002187434550063011,0,0.08652986745598516,0.0011159733577946105,0.0032193325440148385,0,0.08981130840639043,0.001715768489990826,6.210840639042647e-05,0
16982,1554,10,0.0960364,480182,0.09757644193935955,0.008363162698205542,0.0015400419393595544,0,0.09180293423174488,0.0010101757538783437,0.004233465768255118,0,0.09567447547326555,0.0020662395325554924,0.0003619245267344473,0
16982,1554,11,0.099031,495155,0.09387236838453986,0.0070881744827912966,0.005158631615460138,0,0.09440835104387509,0.0009999225398042186,0.0046226489561249084,0,0.0987624812899566,0.001953719436401529,0.00026851871004339445,0
16982,1554,12,0.097891,489455,0.09860928795656056,0.006478338546098375,0.000718287956560551,0,0.09371722592509366,0.0012449810632289818,0.00417377407490635,0,0.09815106574390867,0.001719612327074841,0.00026006574390866066,0
16982,1554,13,0.0914454,457227,0.09180993432621024,0.006485675244606389,0.00036453432621023907,0,0.08894166122210767,0.001483487284354638,0.0025037387778923254,0,0.0922475386146216,0.0022841610577193296,0.0008021386146215975,0
16982,1554,14,0.0795022,397511,0.08021799112330158,0.008574519631589377,0.0007157911233015846,0,0.07938852053504994,0.0012919764995512773,0.0001136794649500561,0,0.08046313213790471,0.0019432198476501893,0.0009609321379047131,0
16982,1554,15,0.0627972,313986,0.06402961144553543,0.007068670772686635,0.0012324114455354307,0,0.06520420845032784,0.0007083554348425063,0.0024070084503278466,0,0.06432802887857306,0.0011881862125630105,0.0015308288785730595,0
16982,1554,16,0.0441874,220937,0.0441002079506156,0.006357800054137023,8.719204938439917e-05,0,0.047666466870643874,0.0008470860690478729,0.0034790668706438724,0,0.0455581271944092,0.0010311985255444227,0.0013707271944091992,0
16982,1554,17,0.0248006,124003,0.025139101413435207,0.0037115699248905926,0.0003385014134352077,0,0.029362054682393134,0.0006516113010733912,0.0045614546823931346,0,0.025779656472757075,0.0006598390979655357,0.0009790564727570755,0
16982,1554,18,0.011653,58265,0.010814257766219372,0.002666469253184775,0.0008387422337806285,0,0.014938267212715425,0.000415763372942841,0.003285267212715425,0,0.011780784146487405,0.00040381904344105916,0.00012778414648740438,0
16982,1554,19,0.004327,21635,0.0029637866537791423,0.0011550982841785037,0.0013632133462208578,0,0.005863085575493795,0.00023774037831665446,0.0015360855754937945,0,0.004085338343815768,0.00020104493603137084,0.00024166165618423174,0
16982,1554,20,0.000995,4975,0.0006807833289836858,0.0006458519934809283,0.0003142166710163142,4,0.0014589319952695696,8.081121077352017e-05,0.00046393199526956956,0,0.0008375555745049355,5.7130789402786096e-05,0.0001574444254950645,0
16982,1558,1,0.0019462,9731,0.0013252406547006046,0.0009774998609032323,0.0006209593452993953,3,0.0036693838291314714,0.00028092212465913584,0.0017231838291314715,0,0.0017521367000137712,0.0001408624244228569,0.00019406329998622874,0
16982,1558,2,0.0132826,66413,0.012915819075208649,0.002592684690052919,0.0003667809247913517,0,0.02179496169146535,0.0006013801641376033,0.008512361691465348,0,0.015066992352854167,0.000471160056211012,0.001784392352854167,0
16982,1558,3,0.0665232,332616,0.06358200125080393,0.005851599454536545,0.0029411987491960723,0,0.068569428212356,0.0013038949975390122,0.002046228212355991,0,0.059392381306359945,0.0013264124798655133,0.007130818693640059,0
16982,1558,4,0.1038144,519072,0.10475813716971757,0.007355014753199068,0.0009437371697175734,0,0.09901976965504763,0.0013543676872004645,0.004794630344952366,0,0.09279174613998589,0.0022006076244914206,0.011022653860014109,0
16982,1558,5,0.1194074,597037,0.11950369387542677,0.009950012601191268,9.629387542677004e-05,0,0.11074159079372034,0.001193966775940084,0.008665809206279657,0,0.1089449475026804,0.0020753337566933937,0.0104624524973196,0
16982,1558,6,0.1183702,591851,0.12219954878396126,0.009622049724585621,0.003829348783961267,0,0.11125799587816061,0.0011819361094989977,0.007112204121839383,0,0.11325131229555656,0.001977344656220813,0.005118887704443437,0
16982,1558,7,0.1105084,552542,0.10625182259299934,0.008994493527974792,0.004256577407000667,0,0.10595201332979003,0.001451679573536153,0.00455638667020998,0,0.11028681788684735,0.0017536041016157993,0.00022158211315265186,0
16982,1558,8,0.100184,500920,0.10208562300612571,0.007825130301095556,0.0019016230061257161,0,0.097314761684665,0.0011680679035744178,0.0028692383153349904,0,0.10241027373533432,0.002580040309152163,0.002226273735334322,0
16982,1558,9,0.087708,438540,0.08760819626099592,0.008547729274109793,9.980373900407569e-05,0,0.08691589899194727,0.0011587854684161096,0.0007921010080527285,0,0.092008321016654,0.0017680518992506244,0.004300321016654007,0
16982,1558,10,0.0748202,374101,0.07341523451242472,0.007245747495774893,0.0014049654875752798,0,0.07569420783701213,0.0009642113661876845,0.0008740078370121224,0,0.08006528729247046,0.0018394555454640737,0.00524508729247046,0
16982,1558,11,0.0619252,309626,0.06003544914271751,0.0070874618296465925,0.0018897508572824906,0,0.06396416623221178,0.0009073282493751541,0.0020389662322117807,0,0.06738406866808311,0.001429097380423384,0.005458868668083108,0
16982,1558,12,0.0491274,245637,0.05006593261353772,0.005408812905628832,0.0009385326135377195,0,0.05181091102784702,0.0010302327746743033,0.002683511027847016,0,0.054318509161448515,0.001147994221989452,0.005191109161448514,0
16982,1558,13,0.0366736,183368,0.03831994423249764,0.005894158824939389,0.0016463442324976402,0,0.03976130204459573,0.0009020380789130396,0.0030877020445957276,0,0.04102792499705226,0.0012409789158153185,0.00435432499705226,0
16982,1558,14,0.0255866,127933,0.02601661971515607,0.0037639817762303795,0.00043001971515607,0,0.028281307305951575,0.0005688921091325281,0.002694707305951574,0,0.028403038507649248,0.000844624671260052,0.0028164385076492465,0
16982,1558,15,0.0160726,80363,0.014652079638623245,0.0034067781626318516,0.0014205203613767547,0,0.018225875653931668,0.0002856233969102898,0.002153275653931669,0,0.017671823352697662,0.00042127273201347955,0.001599223352697663,0
16982,1558,16,0.008672,43360,0.007806288445236303,0.002347418884922562,0.0008657115547636958,0,0.010184228552456214,0.00026156172623484743,0.0015122285524562153,0,0.009548240587165404,0.0002661175387519109,0.0008762405871654052,0
16982,1558,17,0.0037112,18556,0.0033648283839415338,0.002218966929796601,0.0003463716160584662,1,0.0046129357289847826,0.00014647437326083186,0.0009017357289847826,0,0.0040114153075803145,0.00014022976903178784,0.00030021530758031446,0
16982,1558,18,0.0012772,6386,0.0006853553509439554,0.0006482036724320262,0.0005918446490560446,4,0.0017013882023803086,7.521977228360008e-05,0.0004241882023803085,0,0.0013117228276743925,6.066310842665697e-05,3.45228276743925e-05,0
16982,1558,19,0.0003364,1682,0.00010295022370759349,0.00024390960453251725,0.0002334497762924065,16,0.0004573014641673227,2.9031694789230015e-05,0.00012090146416732271,0,0.0003126173525308757,2.117802793943191e-05,2.3782647469124292e-05,0
16982,1558,20,5.32e-05,266,5.160579652113448e-06,1.656005793941489e-05,4.803942034788655e-05,18,7.057104137122588e-05,7.073377207473934e-06,1.7371041371225876e-05,0,4.042300936163247e-05,3.998964677137812e-06,1.2776990638367528e-05,0
16983,290,1,0.8398438,4199219,0.8444130502512912,0.010012254808344858,0.004569250251291179,0,0.7150373913946564,0.006493858825455631,0.12480640860534364,0,0.4667816910752617,0.007261184079234288,0.37306210892473834,0
16983,290,2,0.13815,690750,0.13243100020311907,0.010297023793122292,0.005718999796880925,0,0.23873007352942235,0.0064781509183775565,0.10058007352942236,0,0.41284597547834767,0.009063760744474163,0.2746959754783477,0
16983,290,3,0.0209812,104906,0.01834072652129719,0.0034830773789197114,0.0026404734787028074,0,0.04257624298646736,0.0023777018844775544,0.02159504298646736,0,0.10431452341844741,0.004679026245388134,0.0833333234184474,0
16983,290,4,0.0009838,4919,0.0003693687730967843,0.0004501014776524646,0.0006144312269032156,8,0.002283857098567894,0.00025876586499794317,0.0013000570985678942,0,0.015415358135782781,0.0011932354388882814,0.014431558135782781,0
16983,290,5,3.68e-05,184,1.954187589943572e-06,8.739392583800623e-06,3.4845812410056426e-05,19,7.758478369485983e-05,1.564505775314717e-05,4.078478369485983e-05,0,0.0006237287309144563,9.492847895476869e-05,0.0005869287309144563,0
16983,290,6,3.8e-06,19,0.0,0.0,3.8e-06,20,4.832292238936147e-06,9.597383100546008e-07,1.032292238936147e-06,0,1.7420488549774416e-05,3.7830529591710058e-06,1.3620488549774415e-05,0
16983,290,7,6e-07,3,0.0,0.0,6e-07,20,4.3802399593417886e-07,1.0877653345978216e-07,1.619760040658211e-07,0,1.161411980481004e-06,1.855709738332584e-07,5.61411980481004e-07,0
16983,290,8,0,0,0.0,0.0,0.0,20,4.63542333758779e-08,8.072130761913901e-09,4.63542333758779e-08,0,1.2303476792269135e-07,2.203560159934757e-08,1.2303476792269135e-07,0
16983,290,9,0,0,0.0,0.0,0.0,20,7.3226178201387355e-09,1.6955060578725443e-09,7.3226178201387355e-09,0,1.5081350069280678e-08,2.2140729160731137e-09,1.5081350069280678e-08,0
16983,290,10,0,0,0.0,0.0,0.0,20,1.2468635043645638e-09,2.489609816996666e-10,1.2468635043645638e-09,0,2.5835795690771856e-09,4.96955715962065e-10,2.5835795690771856e-09,0
16983,290,11,0,0,0.0,0.0,0.0,20,2.3117074777141973e-10,3.58987061164179e-11,2.3117074777141973e-10,0,4.5716163228727224e-10,8.10176370704046e-11,4.5716163228727224e-10,0
16983,290,12,0,0,0.0,0.0,0.0,20,4.640313188424125e-11,6.169246874983054e-12,4.640313188424125e-11,0,8.413986542398649e-11,1.265416814812198e-11,8.413986542398649e-11,0
16983,290,13,0,0,0.0,0.0,0.0,20,9.868227313056899e-12,2.4308410599572637e-12,9.868227313056899e-12,0,1.5997274769233735e-11,1.96654854513577e-12,1.5997274769233735e-11,0
16983,290,14,0,0,0.0,0.0,0.0,20,1.8054762297479811e-12,1.7755155252676305e-13,1.8054762297479811e-12,0,3.122322132130425e-12,7.850687785589438e-13,3.122322132130425e-12,0
16983,290,15,0,0,0.0,0.0,0.0,20,3.4798062217959235e-13,5.6206734348715776e-14,3.4798062217959235e-13,0,5.03908935945894e-13,5.235109802007641e-14,5.03908935945894e-13,0
16983,290,16,0,0,0.0,0.0,0.0,20,5.586572439628121e-14,1.0570227298254825e-14,5.586572439628121e-14,0,8.198694807865923e-14,1.4251671612500042e-14,8.198694807865923e-14,0
16983,290,17,0,0,0.0,0.0,0.0,20,6.623222382435955e-15,1.5935606497589548e-15,6.623222382435955e-15,0,1.0281304698645822e-14,2.083887975375213e-15,1.0281304698645822e-14,0
16983,290,18,0,0,0.0,0.0,0.0,20,4.535045750361912e-16,2.7089315726872474e-16,4.535045750361912e-16,0,8.506287369833417e-16,2.533682493829111e-16,8.506287369833417e-16,0
16983,290,19,0,0,0.0,0.0,0.0,20,1.7425338273646278e-20,1.8232251346304072e-20,1.7425338273646278e-20,0,3.2471033198520616e-17,2.3882750524987127e-17,3.2471033198520616e-17,0
16983,290,20,0,0,0.0,0.0,0.0,20,2.5161484867855553e-25,4.893747260436495e-25,2.5161484867855553e-25,0,2.555414651567436e-22,3.073832644868563e-22,2.555414651567436e-22,0
16983,369,1,2.44e-05,122,8.71748590513521e-08,3.8985782153557227e-07,2.4312825140948648e-05,19,4.9508642099576784e-05,1.1357164638386893e-05,2.5108642099576784e-05,0,6.0424396401109206e-05,8.100532636257872e-06,3.602439640110921e-05,0
16983,369,2,0.0013766,6883,0.0009206927395692813,0.0006822771676219103,0.00045590726043071863,3,0.00297593831644193,0.00031690074827134555,0.00159933831644193,0,0.002246967051400752,0.00013093368594724463,0.0008703670514007521,0
16983,369,3,0.016538,82690,0.014764970541434325,0.003552722464473216,0.0017730294585656756,0,0.0325885122307428,0.0013074648023839214,0.0160505122307428,0,0.025644333900615313,0.0007198780181403705,0.009106333900615313,0
16983,369,4,0.1082424,541212,0.10805969339268509,0.009249286169419169,0.0001827066073149114,0,0.12008017837168036,0.001840347595965386,0.01183777837168036,0,0.10324162215365429,0.00178245209292497,0.005000777846345714,0
16983,369,5,0.1962624,981312,0.1927002082250417,0.011860342620319294,0.003562191774958312,0,0.15911186285641735,0.002451789616884442,0.03715053714358266,0,0.1567198927659264,0.002834300144680624,0.0395425072340736,0
16983,369,6,0.1613832,806916,0.16297794023015671,0.011700204520007746,0.0015947402301567104,0,0.14842592728765375,0.0013297520503890844,0.012957272712346257,0,0.15021871202088208,0.0023892244763208323,0.011164487979117926,0
16983,369,7,0.1269154,634577,0.12441239817020273,0.00830975544131893,0.0025030018297972773,0,0.12523311458128597,0.0014102536587496505,0.0016822854187140412,0,0.1316020357322209,0.0021480582564719327,0.00468663573222089,0
16983,369,8,0.099088,495440,0.10088765054773666,0.009208800554087931,0.0017996505477366614,0,0.10171158108094551,0.0011957225874013487,0.002623581080945514,0,0.10752848476044514,0.0019941663244726054,0.00844048476044515,0
16983,369,9,0.0768018,384009,0.07718367883595056,0.007408259397292913,0.00038187883595056094,0,0.08162707261650376,0.001151828350793459,0.004825272616503756,0,0.08605830728918103,0.0016249000748224615,0.009256507289181024,0
16983,369,10,0.0592318,296159,0.06149281364138302,0.005989582542351961,0.0022610136413830223,0,0.06430120937005647,0.0009365555534228675,0.0050694093700564685,0,0.06898299555577211,0.0014882435152521081,0.009751195555772113,0
16983,369,11,0.0456968,228484,0.04403404052651931,0.007129453574200101,0.001662759473480692,0,0.049542117803170034,0.0007820838910712778,0.0038453178031700314,0,0.05299805820681841,0.000893991914122612,0.007301258206818408,0
16983,369,12,0.0347802,173901,0.03528829610088586,0.005537236890637563,0.0005080961008858617,0,0.037576462130277724,0.0006192613567277362,0.002796262130277727,0,0.03933356894570454,0.0008478281881716043,0.0045533689457045445,0
16983,369,13,0.0260824,130412,0.02638372139756524,0.003417222878931133,0.00030132139756524137,0,0.02780042904026802,0.00038027497746073014,0.001718029040268021,0,0.028631385271063754,0.0004828696080365211,0.002548985271063755,0
16983,369,14,0.0189362,94681,0.01998371884091219,0.0032913392819230204,0.0010475188409121913,0,0.01992738395720322,0.00031610029562074185,0.0009911839572032191,0,0.019844221856321044,0.00048307313246988287,0.0009080218563210438,0
16983,369,15,0.0133458,66729,0.012934552026742898,0.0037575330657558413,0.00041124797325710165,0,0.013680028205454501,0.00028791351833336234,0.0003342282054545013,0,0.013073444094868806,0.0003272074577852608,0.0002723559051311941,0
16983,369,16,0.0085736,42868,0.008485058437643089,0.003075744948971401,8.854156235691205e-05,0,0.008676760633676213,0.00016976281307588446,0.00010316063367621191,0,0.007958764864255004,0.00025784117063376577,0.0006148351357449962,0
16983,369,17,0.004816,24080,0.0037786767122956117,0.001741594859585306,0.0010373232877043882,1,0.004776304872592245,0.00013500214797701506,3.969512740775467e-05,0,0.004146815770635742,0.00013608298170448034,0.0006691842293642582,0
16983,369,18,0.001895,9475,0.0009736838183267577,0.0008360026501817999,0.0009213161816732422,2,0.0018851501503015498,6.676693474042753e-05,9.849849698450198e-06,0,0.0015515191292571353,6.686554443856922e-05,0.0003434808707428647,0
16983,369,19,1e-05,50,0.0,0.0,1e-05,20,3.0252772596950664e-05,4.285720956377294e-06,2.0252772596950664e-05,0,0.00015807175304578006,8.369590885319527e-06,0.00014807175304578006,0
16983,369,20,0,0,0.0,0.0,0.0,20,2.0508063183367698e-07,1.1645132496460088e-07,2.0508063183367698e-07,0,3.7448153041872967e-07,1.0323984217095077e-07,3.7448153041872967e-07,0
16983,401,1,0.1329874,664937,0.1264786214309567,0.009133249175389858,0.006508778569043305,0,0.22413499222832828,0.005415861562087195,0.09114759222832827,0,0.10763054962169709,0.0033009512734195174,0.025356850378302917,0
16983,401,2,0.616814,3084070,0.6241427296147113,0.010673817346751685,0.007328729614711316,0,0.43476893385167825,0.0060998739343969596,0.18204506614832172,0,0.37271968942264316,0.008354606546099866,0.2440943105773568,0
16983,401,3,0.2194364,1097182,0.2162842627162715,0.00885752096434555,0.003152137283728512,0,0.274544295425089,0.0055268405479112406,0.05510789542508901,0,0.3424885941707172,0.009783082976234201,0.1230521941707172,0
16983,401,4,0.0269796,134898,0.025150155441745085,0.0046639544337599695,0.001829444558254914,0,0.05836874729228625,0.001841133996138077,0.03138914729228625,0,0.1531322985834864,0.005824936386149046,0.1261526985834864,0
16983,401,5,0.0030734,15367,0.00329426523812718,0.0016885315274546247,0.00022086523812718008,1,0.006907182666748915,0.000540361336353514,0.003833782666748915,0,0.021459787593823505,0.0010862562277020006,0.018386387593823505,0
16983,401,6,0.0005314,2657,0.0001947031443039791,0.00041339791760953195,0.0003366968556960209,13,0.0010344904914225365,6.867504862837605e-05,0.0005030904914225364,0,0.002129077083448908,0.00019220122970202883,0.001597677083448908,0
16983,401,7,0.0001272,636,2.2967227682513758e-05,7.069163522901e-05,0.00010423277231748625,18,0.000187091218295179,1.4983446593326827e-05,5.989121829517901e-05,0,0.0003464996124942847,2.0761348798643773e-05,0.00021929961249428468,0
16983,401,8,3.7e-05,185,0.0,0.0,3.7e-05,20,3.953413433361564e-05,2.936230671959981e-06,2.534134333615642e-06,0,7.090647837570897e-05,4.746519659352777e-06,3.3906478375708976e-05,0
16983,401,9,9.6e-06,48,0.0,0.0,9.6e-06,20,1.0373285627450355e-05,1.089238900454224e-06,7.732856274503559e-07,0,1.632642791431894e-05,1.1444420839449719e-06,6.726427914318942e-06,0
16983,401,10,2.6e-06,13,0.0,0.0,2.6e-06,20,2.8707208314215867e-06,2.669693598117723e-07,2.707208314215866e-07,0,4.514260607819018e-06,4.293773400188805e-07,1.914260607819018e-06,0
16983,401,11,1e-06,5,0.0,0.0,1e-06,20,8.336583801083382e-07,7.120989232886121e-08,1.6634161989166173e-07,0,1.262905739480066e-06,1.1126911369457786e-07,2.629057394800661e-07,0
16983,401,12,4e-07,2,0.0,0.0,4e-07,20,2.494294216520274e-07,1.749459133952455e-08,1.505705783479726e-07,0,3.5635327238006834e-07,3.0317611913327846e-08,4.3646727619931644e-08,0
16983,401,13,0,0,0.0,0.0,0.0,20,7.567047925721374e-08,8.921612374467415e-09,7.567047925721374e-08,0,1.006415576294774e-07,6.648917822686806e-09,1.006415576294774e-07,0
16983,401,14,0,0,0.0,0.0,0.0,20,2.115740719349287e-08,1.2745115607532814e-09,2.115740719349287e-08,0,2.7983351576406525e-08,3.5256964410453766e-09,2.7983351576406525e-08,0
16983,401,15,0,0,0.0,0.0,0.0,20,5.810405152778465e-09,5.664021691163879e-10,5.810405152778465e-09,0,6.922035022884322e-09,4.661671047318061e-10,6.922035022884322e-09,0
16983,401,16,0,0,0.0,0.0,0.0,20,1.3687282021624484e-09,1.365270977196142e-10,1.3687282021624484e-09,0,1.6060748095349493e-09,1.7491254531072953e-10,1.6060748095349493e-09,0
16983,401,17,0,0,0.0,0.0,0.0,20,2.471598656457404e-10,3.2199174249254965e-11,2.471598656457404e-10,0,2.9465077856491833e-10,3.199860918775649e-11,2.9465077856491833e-10,0
16983,401,18,0,0,0.0,0.0,0.0,20,2.6177253527851463e-11,6.6358175633328195e-12,2.6177253527851463e-11,0,3.6188815001213656e-11,6.344148226289798e-12,3.6188815001213656e-11,0
16983,401,19,0,0,0.0,0.0,0.0,20,7.143642154554806e-15,5.166617397091801e-15,7.143642154554806e-15,0,1.921056868749404e-12,6.55866865300635e-13,1.921056868749404e-12,0
16983,401,20,0,0,0.0,0.0,0.0,20,1.1446630197556277e-18,1.5887416816970995e-18,1.1446630197556277e-18,0,1.0316944974278039e-16,9.451176309410283e-17,1.0316944974278039e-16,0
16983,404,1,0.0009524,4762,0.0005398852207029365,0.000646765965802702,0.0004125147792970634,10,0.002476117034411767,0.00022320194174541198,0.0015237170344117672,0,0.0015729503344933532,0.00010241917823310006,0.0006205503344933532,0
16983,404,2,0.0213968,106984,0.01985833948927758,0.004445086130024188,0.0015384605107224211,0,0.045411793402830414,0.0020219518714249883,0.024014993402830413,0,0.026601796912910737,0.0010736169993695208,0.0052049969129107365,0
16983,404,3,0.136254,681270,0.1372303000642801,0.008027459422469577,0.0009763000642801223,0,0.1974056297718068,0.0045657368296749086,0.061151629771806826,0,0.13829558199164899,0.003710961770508473,0.0020415819916489997,0
16983,404,4,0.4690102,2345051,0.47108864177947485,0.013445157733389689,0.00207844177947486,0,0.30886095055166896,0.004137541450214462,0.16014924944833103,0,0.30660648590417316,0.004665523578178263,0.16240371409582682,0
16983,404,5,0.1788692,894346,0.1751140527206272,0.010450580135797862,0.003755147279372817,0,0.20472797564380282,0.0032873140255765265,0.025858775643802817,0,0.2459343005170222,0.004312868602538245,0.06706510051702219,0
16983,404,6,0.0853224,426612,0.08269872990976783,0.007718703847594571,0.0026236700902321775,0,0.11110675010194453,0.0016240521639898906,0.02578435010194452,0,0.1287527862967734,0.00273204072451376,0.043430386296773385,0
16983,404,7,0.0458874,229437,0.04749782476966598,0.005078025711787562,0.001610424769665976,0,0.05888531533558043,0.0011009155426469012,0.01299791533558043,0,0.06982096506861092,0.0016390575811189537,0.02393356506861092,0
16983,404,8,0.0259998,129999,0.026918031686179834,0.004792493352463293,0.0009182316861798337,0,0.03181541794305207,0.0007167378611779559,0.0058156179430520726,0,0.03760182339820091,0.0009833206669066417,0.01160202339820091,0
16983,404,9,0.015342,76710,0.015211607520573165,0.003395430882117891,0.00013039247942683505,0,0.0178240741226262,0.0005102304335831964,0.0024820741226262,0,0.02045766962679422,0.0005644558014117942,0.005115669626794219,0
16983,404,10,0.0089856,44928,0.008925897732173425,0.002106001917262465,5.970226782657517e-05,0,0.009959487121114554,0.0002678465973890159,0.0009738871211145538,0,0.011551538593594462,0.0003858059094173959,0.002565938593594462,0
16983,404,11,0.0053842,26921,0.005066495476493445,0.002115062425184721,0.00031770452350655433,0,0.0054984692464659325,0.00015603895970091352,0.00011426924646593291,0,0.006314861493272846,0.00017771886846524497,0.0009306614932728463,0
16983,404,12,0.003118,15590,0.002908096035219549,0.0015800278022691763,0.00020990396478045127,0,0.003004643631654191,7.467313857661696e-05,0.00011335636834580894,0,0.003331064196536151,0.00011043798797749087,0.00021306419653615086,0
16983,404,13,0.0017616,8808,0.0014663031193879457,0.0008073434080879808,0.00029529688061205443,0,0.001598070711769066,4.5752977192736565e-05,0.00016352928823093406,0,0.0017193016296553503,4.026760528591344e-05,4.229837034464977e-05,0
16983,404,14,0.0009394,4697,0.0001248625180897362,0.00031973364373671,0.0008145374819102638,14,0.0008085604925174612,2.3084732349237234e-05,0.00013083950748253874,0,0.0008405301951582846,3.253195784025836e-05,9.886980484171532e-05,0
16983,404,15,0.0004864,2432,0.0002631291760456924,0.0003446752524383825,0.00022327082395430758,10,0.00038630799699174395,1.6147162182942325e-05,0.00010009200300825606,0,0.0003799775707373326,1.445886938336667e-05,0.00010642242926266741,0
16983,404,16,0.0002066,1033,2.3518972297121433e-06,1.0518004163459582e-05,0.00020424810277028786,19,0.00016306502111063207,6.466902641146241e-06,4.353497888936794e-05,0,0.0001549059288796366,8.232917068187323e-06,5.169407112036342e-05,0
16983,404,17,6.94e-05,347,0.0,0.0,6.94e-05,20,5.54786738496661e-05,2.8464585247737088e-06,1.3921326150333904e-05,0,5.113928929842556e-05,2.5536094725685442e-06,1.8260710701574446e-05,0
16983,404,18,1.46e-05,73,0.0,0.0,1.46e-05,20,1.1862466208055721e-05,8.864462443693265e-07,2.73753379194428e-06,0,1.140270259483237e-05,8.832191876661346e-07,3.19729740516763e-06,0
16983,404,19,0,0,0.0,0.0,0.0,20,3.069178318796716e-08,1.1259841811206359e-08,3.069178318796716e-08,0,9.179342139497746e-07,1.0236075598251573e-07,9.179342139497746e-07,0
16983,404,20,0,0,0.0,0.0,0.0,20,3.7534165876043876e-11,3.743354834632686e-11,3.7534165876043876e-11,0,4.154309206619866e-10,2.342038076495785e-10,4.154309206619866e-10,0
16983,676,1,0,0,0.0,0.0,0.0,20,6.562113474942284e-09,4.014816985715665e-09,6.562113474942284e-09,0,4.226567358872232e-08,1.73834844961559e-08,4.226567358872232e-08,0
16983,676,2,1.4e-06,7,0.0,0.0,1.4e-06,20,3.1034837428851754e-06,1.027822738499683e-06,1.7034837428851754e-06,0,6.79703033197271e-06,9.992188680310894e-07,5.39703033197271e-06,0
16983,676,3,8.88e-05,444,8.956643509166706e-06,4.0055327473458034e-05,7.98433564908333e-05,19,0.00015676469523448366,1.6803610829382468e-05,6.796469523448366e-05,0,0.0002618467270255064,1.3062004077477052e-05,0.00017304672702550642,0
16983,676,4,0.0016412,8206,0.0015713490102926123,0.001273181701052852,6.985098970738765e-05,0,0.0021986875648837808,8.408801460798768e-05,0.0005574875648837808,0,0.0021764698908051704,8.917482829669428e-05,0.0005352698908051704,0
16983,676,5,0.007144,35720,0.005993298369049883,0.002430712318974934,0.0011507016309501173,0,0.0076635917993533535,0.00022546178150915154,0.0005195917993533533,0,0.007201442726859718,0.0002452633837246119,5.744272685971781e-05,0
16983,676,6,0.0144128,72064,0.013880568716995991,0.0036436207977972902,0.0005322312830040084,0,0.015168572669381325,0.0003622721326956406,0.0007557726693813247,0,0.014733653126570493,0.0003434256002647782,0.0003208531265704931,0
16983,676,7,0.0232688,116344,0.022424832527684898,0.004869750971218827,0.0008439674723151012,0,0.024227657259710312,0.0004269326661388065,0.0009588572597103127,0,0.024228151202936553,0.0004777306594745565,0.0009593512029365536,0
16983,676,8,0.0330956,165478,0.0312500453352275,0.004913469485201786,0.0018455546647725002,0,0.034138541666169954,0.00047964344520327423,0.0010429416661699512,0,0.03449564248697559,0.0008479595352209615,0.001400042486975589,0
16983,676,9,0.0436836,218418,0.045411793333303814,0.005011604182939998,0.001728193333303811,0,0.04466707333118417,0.0006087199443346981,0.000983473331184169,0,0.04624922760654379,0.0007864395377336252,0.0025656276065437883,0
16983,676,10,0.0545672,272836,0.05533982555295495,0.006830858177125753,0.0007726255529549447,0,0.055822776350221315,0.0006571187933025554,0.0012555763502213116,0,0.059514321001221934,0.0010179579037377727,0.004947121001221931,0
16983,676,11,0.0657888,328944,0.06413972816911663,0.008254799847954334,0.001649071830883364,0,0.06724182274517067,0.0008505598389698318,0.0014530227451706734,0,0.07197797991693732,0.0011483978117738211,0.006189179916937321,0
16983,676,12,0.0776902,388451,0.08103032875011756,0.00799137967912295,0.003340128750117563,0,0.07859740622491791,0.0009792520120446354,0.0009072062249179114,0,0.08439141361241635,0.0016819658612817856,0.006701213612416351,0
16983,676,13,0.0896488,448244,0.09167672374129832,0.00702651994851886,0.0020279237412983153,0,0.09009271866814714,0.0010302329647963251,0.0004439186681471363,0,0.0965760574271072,0.0018146207443326071,0.006927257427107203,0
16983,676,14,0.101643,508215,0.10083782125737235,0.009994742647976784,0.0008051787426276436,0,0.10144323281880685,0.0010712204763826292,0.0001997671811931473,0,0.10622276991110216,0.002825767613232048,0.004579769911102163,0
16983,676,15,0.1141294,570647,0.10992307930019403,0.008451874853326984,0.0042063206998059766,0,0.11169364592029911,0.0011725177260473668,0.002435754079700897,0,0.11403378045884405,0.002041902512651772,9.56195411559585e-05,0
16983,676,16,0.1250286,625143,0.12601399918831188,0.009970613787081507,0.0009853991883118918,0,0.1202203100919936,0.001051407683410161,0.004808289908006386,0,0.1185241247198398,0.002657233516293717,0.006504475280160196,0
16983,676,17,0.1310168,655084,0.1341841985849597,0.007752815612555,0.0031673985849597075,0,0.12459187161344643,0.0016155288910267695,0.006424928386553563,0,0.11507969899177958,0.002710169493916943,0.015937101008220406,0
16983,676,18,0.1140406,570203,0.10972359226678263,0.0064819258247221494,0.004317007733217373,0,0.11100200582976039,0.0020732256069841332,0.0030385941702396196,0,0.09222816998252958,0.0019263434553665347,0.02181243001747042,0
16983,676,19,0.0030408,15204,0.0023240132529627894,0.0021777229297554974,0.0007167867470372108,3,0.01080899908519222,0.0005862569188039526,0.0077681990851922195,0,0.011941549442225143,0.00028147727043617766,0.008900749442225143,0
16983,676,20,6.96e-05,348,3.8506391982687554e-05,0.00012388340109807989,3.1093608017312444e-05,18,0.0002612116201870567,7.416464501793136e-05,0.00019161162018705666,0,0.00015686147227490267,1.716399153929965e-05,8.726147227490267e-05,0
16983,677,1,2.6e-06,13,0.0,0.0,2.6e-06,20,8.370195022754403e-06,2.4054727903205993e-06,5.7701950227544025e-06,0,1.352556414944679e-05,2.3753433279315085e-06,1.0925564149446789e-05,0
16983,677,2,0.000297,1485,0.00021577107765944863,0.0005464211838842411,8.122892234055138e-05,15,0.0007498369144960783,0.00010721841838069097,0.0004528369144960783,0,0.0006858303857820407,4.8289669165645155e-05,0.00038883038578204065,0
16983,677,3,0.0051698,25849,0.003683863932820119,0.0019309970307417742,0.0014859360671798808,0,0.011754967894457884,0.0005980080682882483,0.006585167894457885,0,0.0105700283871049,0.0003067610580125191,0.005400228387104901,0
16983,677,4,0.0515646,257823,0.04911709594468734,0.006713597372951913,0.0024475040553126604,0,0.06084620701024048,0.0011245380399024483,0.00928160701024048,0,0.05215731088464971,0.0010730329085460563,0.0005927108846497109,0
16983,677,5,0.1112406,556203,0.11297750556378146,0.010367721325535434,0.0017369055637814629,0,0.10466948776957755,0.0018079338087791156,0.006571112230422449,0,0.09892464873506893,0.002010124316246322,0.012315951264931069,0
16983,677,6,0.1272304,636152,0.12559720528914284,0.007434886259793966,0.0016331947108571554,0,0.11919399698471804,0.0012699953623573183,0.008036403015281954,0,0.11704870166067798,0.0019113836879269834,0.010181698339322018,0
16983,677,7,0.1244532,622266,0.12297985335049169,0.009388269120038106,0.0014733466495083086,0,0.11851676891908289,0.0012750199275732973,0.005936431080917112,0,0.12113836711003376,0.0018519376104361648,0.0033148328899662433,0
16983,677,8,0.1139762,569881,0.11571588536271435,0.009665129168975578,0.0017396853627143494,0,0.1104450266528072,0.0010917198884715673,0.003531173347192801,0,0.11391316188505655,0.002017455413135801,6.303811494344502e-05,0
16983,677,9,0.100282,501410,0.10167690016776268,0.007996572584734699,0.0013949001677626832,0,0.09959439290722288,0.0011228689586624233,0.0006876070927771122,0,0.10329425385134479,0.0017826325037273026,0.0030122538513447927,0
16983,677,10,0.0857888,428944,0.08616711230355255,0.008084848265452521,0.00037831230355254986,0,0.08717899135519716,0.0010970449507737992,0.0013901913551971623,0,0.09229963411029395,0.0018010478653104347,0.006510834110293948,0
16983,677,11,0.0725386,362693,0.07195362710801537,0.008182404331323485,0.0005849728919846281,0,0.07400379861271209,0.0010182688020806652,0.0014651986127120903,0,0.07830458983656939,0.0012016054416902234,0.005765989836569396,0
16983,677,12,0.0595848,297924,0.058854993679052316,0.007337519687343283,0.0007298063209476846,0,0.061345951711517764,0.0009236927541546726,0.0017611517115177638,0,0.06382581678670048,0.0012643392426794813,0.004241016786700476,0
16983,677,13,0.0479732,239866,0.04745300296650102,0.006392708608759783,0.0005201970334989814,0,0.04934162153823962,0.0005966784690440888,0.0013684215382396211,0,0.050672493368455265,0.0008398559394831007,0.0026992933684552647,0
16983,677,14,0.0375072,187536,0.03817528616856308,0.005719831101058803,0.0006680861685630854,0,0.03831265107275187,0.0005275361333636372,0.0008054510727518727,0,0.03808305441116314,0.0008875354381466381,0.0005758544111631458,0
16983,677,15,0.0276996,138498,0.028363394553327075,0.0036408572934992422,0.0006637945533270739,0,0.028354533289118373,0.0005055406129965248,0.0006549332891183715,0,0.027113157604236077,0.0006254743002795605,0.0005864423957639246,0
16983,677,16,0.0190558,95279,0.018763477285672847,0.003130110525151154,0.0002923227143271541,0,0.019355120838538367,0.0003282235759050849,0.00029932083853836597,0,0.017745581574320834,0.000529768085415098,0.0013102184256791674,0
16983,677,17,0.011205,56025,0.00976764030746172,0.0028067077821350753,0.0014373596925382794,0,0.011438036991903253,0.00029829042417416784,0.00023303699190325294,0,0.009892486785002486,0.0003090835579975836,0.0013125132149975141,0
16983,677,18,0.0043926,21963,0.003457465250953436,0.0017193005255805192,0.0009351347490465641,0,0.0048104243917931186,0.000159450997730031,0.0004178243917931186,0,0.003911263403455127,0.00015920787806588042,0.00048133659654487314,0
16983,677,19,3.8e-05,190,3.289993868514262e-05,0.00014713299871110789,5.100061314857382e-06,19,7.934320774676998e-05,1.1474677902639416e-05,4.134320774676998e-05,0,0.00040511742740758066,2.0160998538268584e-05,0.00036711742740758066,0
16983,677,20,0,0,0.0,0.0,0.0,20,4.7174285578082583e-07,2.939851561627999e-07,4.7174285578082583e-07,0,9.762285274677683e-07,2.767212994051602e-07,9.762285274677683e-07,0
16983,678,1,0.026176,130880,0.023721082261135402,0.005012255282718806,0.002454917738864599,0,0.056969482154270036,0.0020861936251484648,0.030793482154270035,0,0.02674680746892876,0.0010512375023625426,0.00057080746892876,0
16983,678,2,0.2207384,1103692,0.22121190386336104,0.011250268220829036,0.00047350386336103556,0,0.2782605581101868,0.004201744039161199,0.057522158110186794,0,0.18205416250233483,0.005092848691113016,0.03868423749766517,0
16983,678,3,0.57924,2896200,0.5816500470060635,0.011672657736521248,0.0024100470060635093,0,0.3933517632229999,0.004910353608303965,0.18588823677700006,0,0.34877122446337305,0.00888711139790681,0.23046877553662692,0
16983,678,4,0.1354194,677097,0.13448907460984771,0.010073127652713046,0.0009303253901522812,0,0.20041413283575843,0.0037656339757857833,0.06499473283575843,0,0.3153741149369055,0.00753318834233905,0.17995471493690549,0
16983,678,5,0.0267542,133771,0.025968918604912135,0.004661787868277068,0.000785281395087864,0,0.05138274002719825,0.0019419669071532193,0.024628540027198248,0,0.09737490800970658,0.002706953223085268,0.07062070800970657,0
16983,678,6,0.0074622,37311,0.006008158698058591,0.002311286365303358,0.001454041301941409,0,0.013623447998567193,0.0004457462873911169,0.006161247998567192,0,0.020903723357245274,0.0009863741494081982,0.013441523357245274,0
16983,678,7,0.00256,12800,0.0024295615561982183,0.001375190180257271,0.00013043844380178186,0,0.003961724965641536,0.00014943012692630056,0.001401724965641536,0,0.005900815613611936,0.00022229063606105258,0.0033408156136119356,0
16983,678,8,0.0009644,4822,0.00033702533889059497,0.00043423822830489597,0.0006273746611094051,10,0.0012800909502294123,5.687928068269236e-05,0.0003156909502294123,0,0.0018624925086878105,7.702942482498817e-05,0.0008980925086878105,0
16983,678,9,0.0003932,1966,9.879085886385981e-05,0.00016272982670429562,0.0002944091411361402,13,0.000469007138874765,2.8320048536416507e-05,7.580713887476499e-05,0,0.0006316589642666876,2.895749472438945e-05,0.00023845896426668753,0
16983,678,10,0.0001734,867,7.827993134429649e-06,3.5007849551972694e-05,0.00016557200686557037,19,0.00017694901024809795,9.824080658126704e-06,3.5490102480979324e-06,0,0.0002389067660004714,1.4276996947677237e-05,6.550676600047139e-05,0
16983,678,11,6.76e-05,338,7.72093939280627e-07,3.452909066494154e-06,6.682790606071937e-05,19,6.805796991083343e-05,3.7040983315984125e-06,4.579699108334237e-07,0,8.967243333462103e-05,4.890665917958872e-06,2.2072433334621022e-05,0
16983,678,12,2.84e-05,142,0.0,0.0,2.84e-05,20,2.641956291771391e-05,1.1637155083242238e-06,1.98043708228609e-06,0,3.318692441539202e-05,1.877598431209839e-06,4.786924415392024e-06,0
16983,678,13,1.42e-05,71,1.630127415573527e-06,5.0251676651010905e-06,1.2569872584426472e-05,18,1.0174818140315989e-05,6.788055028729695e-07,4.025181859684011e-06,0,1.2147575597398577e-05,5.102304467139956e-07,2.0524244026014224e-06,0
16983,678,14,6.2e-06,31,0.0,0.0,6.2e-06,20,3.6827319770206318e-06,1.645678652907555e-07,2.517268022979368e-06,0,4.287569976822974e-06,3.2598039594834165e-07,1.9124300231770263e-06,0
16983,678,15,1e-06,5,0.0,0.0,1e-06,20,1.2767818248416735e-06,8.827825562157333e-08,2.767818248416735e-07,0,1.376498273576773e-06,7.288927878786668e-08,3.76498273576773e-07,0
16983,678,16,1.2e-06,6,0.0,0.0,1.2e-06,20,3.8426896977390177e-07,2.5761478705857104e-08,8.157310302260982e-07,0,4.039827653117536e-07,3.250262397538354e-08,7.960172346882464e-07,0
16983,678,17,0,0,0.0,0.0,0.0,20,9.040699990856099e-08,7.841313609651521e-09,9.040699990856099e-08,0,9.459767822998552e-08,7.154525727533832e-09,9.459767822998552e-08,0
16983,678,18,2e-07,1,0.0,0.0,2e-07,20,1.274991959767609e-08,1.872403718630784e-09,1.872500804023239e-07,0,1.4872827987498254e-08,1.8377394819387514e-09,1.8512717201250173e-07,0
16983,678,19,0,0,0.0,0.0,0.0,20,9.348526701932972e-12,5.269954475237942e-12,9.348526701932972e-12,0,9.539371272075087e-10,1.9937749623883707e-10,9.539371272075087e-10,0
16983,678,20,0,0,0.0,0.0,0.0,20,3.729272818745491e-15,4.539680585732195e-15,3.729272818745491e-15,0,1.3238312960545683e-13,1.0133811168919294e-13,1.3238312960545683e-13,0
16983,679,1,0,0,0.0,0.0,0.0,20,7.019092000665312e-11,4.9412135835313354e-11,7.019092000665312e-11,0,7.793657698292951e-10,4.307551273083835e-10,7.793657698292951e-10,0
16983,679,2,0,0,0.0,0.0,0.0,20,6.053304721122278e-08,2.6874567518323384e-08,6.053304721122278e-08,0,2.141256785978997e-07,4.617759325203539e-08,2.141256785978997e-07,0
16983,679,3,3e-06,15,0.0,0.0,3e-06,20,5.211635635166372e-06,7.961174453503624e-07,2.2116356351663716e-06,0,1.308436038168847e-05,1.104338442594374e-06,1.008436038168847e-05,0
16983,679,4,0.0001022,511,7.913889940155176e-06,3.5391991745277434e-05,9.428611005984482e-05,19,0.00012140937690217676,7.289974413403591e-06,1.9209376902176758e-05,0,0.00014085220180939305,8.682686375195926e-06,3.8652201809393044e-05,0
16983,679,5,0.0006186,3093,0.0001947058868520115,0.0002962371831993075,0.00042389411314798845,11,0.0006067282713453785,2.6574387331694814e-05,1.1871728654621445e-05,0,0.0006079041899328521,2.9144112334188884e-05,1.069581006714782e-05,0
16983,679,6,0.0016744,8372,0.0007442480205865084,0.0011268201836095659,0.0009301519794134915,8,0.0016161483975820228,5.9766768009699e-05,5.82516024179771e-05,0,0.0016467112822796885,5.072346702927649e-05,2.7688717720311456e-05,0
16983,679,7,0.0034002,17001,0.0035749257756605367,0.002163815049610629,0.0001747257756605368,0,0.0033800204292359034,8.52841604692633e-05,2.017957076409652e-05,0,0.0034825490508666097,9.630707698518873e-05,8.234905086660976e-05,0
16983,679,8,0.0059348,29674,0.00562107149473498,0.0021130903903431027,0.00031372850526502,0,0.006047511328212575,0.00013280045932602348,0.00011271132821257576,0,0.006288273514553609,0.00022258818018791338,0.00035347351455360977,0
16983,679,9,0.009606,48030,0.00923648965034322,0.0025078596182523385,0.0003695103496567792,0,0.009884496636458955,0.00023053814075136404,0.0002784966364589546,0,0.010618394326497912,0.00022113895238912612,0.0010123943264979118,0
16983,679,10,0.0145588,72794,0.01536623057294289,0.003246883930668558,0.0008074305729428907,0,0.015347243736042631,0.00024267114748600867,0.0007884437360426311,0,0.01705337022156349,0.0003216826481292383,0.0024945702215634913,0
16983,679,11,0.021229,106145,0.020151558319154023,0.0036495543739044067,0.0010774416808459787,0,0.02295384272794665,0.00035528769168759005,0.0017248427279466481,0,0.025667985342130578,0.0005300678073930582,0.004438985342130577,0
16983,679,12,0.0305006,152503,0.029695106659378523,0.0062354227657934625,0.0008054933406214763,0,0.03326031087165663,0.0004804804935013934,0.002759710871656631,0,0.037786904161354225,0.000963600912498249,0.0072863041613542255,0
16983,679,13,0.0430772,215386,0.04441175343175129,0.0054754309668814775,0.0013345534317512897,0,0.047734261407348266,0.0007563221100420186,0.004657061407348263,0,0.05447036361398,0.0011785814981338221,0.011393163613979997,0
16983,679,14,0.0604802,302401,0.061771697420093585,0.006353533888806908,0.0012914974200935875,0,0.06806124743006778,0.0009648352627087513,0.0075810474300677805,0,0.07638062819903099,0.002481033392034517,0.015900428199030994,0
16983,679,15,0.0865838,432919,0.0867050437399537,0.007937707868619368,0.00012124373995370252,0,0.09667340590134338,0.001689145880377127,0.010089605901343376,0,0.10638917003460924,0.0020578566729319053,0.019805370034609235,0
16983,679,16,0.1280608,640304,0.1279017651317482,0.009084558427608339,0.00015903486825180613,0,0.13911138864927305,0.0016232765600443727,0.011050588649273052,0,0.14896225740202151,0.0039118292570428,0.02090145740202151,0
16983,679,17,0.2022048,1011024,0.19924621196441492,0.011357694998510264,0.0029585880355850747,0,0.20597596214137423,0.0028835367351107977,0.0037711621413742402,0,0.20703388852140092,0.0046446856543273,0.004829088521400932,0
16983,679,18,0.3738602,1869301,0.37334131065864085,0.0104737649112022,0.00051888934135913,0,0.28775776802225594,0.005005993149772601,0.08610243197774403,0,0.2626350541430148,0.00387680674714389,0.11122514585698517,0
16983,679,19,0.017538,87690,0.017491675707393017,0.004111987519896837,4.6324292606984147e-05,0,0.05931717171390849,0.0024256813563647514,0.04177917171390849,0,0.039808299290833016,0.0008148679235755706,0.022270299290833014,0
16983,679,20,0.0005674,2837,0.0006359897928764369,0.0010097357420425653,6.85897928764369e-05,10,0.0021458107201724735,0.0004777237769157227,0.0015784107201724734,0,0.0010140952386950258,8.848684559052851e-05,0.00044669523869502576,0
16983,681,1,0,0,0.0,0.0,0.0,20,3.463946018575834e-09,2.0959578066584664e-09,3.463946018575834e-09,0,2.2810270099900446e-08,9.685809753621946e-09,2.2810270099900446e-08,0
16983,681,2,1.4e-06,7,0.0,0.0,1.4e-06,20,1.6825756675628298e-06,5.767636544420684e-07,2.8257566756282987e-07,0,3.917428087999743e-06,6.103312620748305e-07,2.5174280879997426e-06,0
16983,681,3,4.96e-05,248,1.4067413698601544e-05,6.291138659536958e-05,3.5532586301398454e-05,19,9.112867562649344e-05,1.0329307069377857e-05,4.1528675626493445e-05,0,0.00016220745639190814,8.816220953619098e-06,0.00011260745639190814,0
16983,681,4,0.0010772,5386,0.00046858785184810515,0.0005551825255939268,0.0006086121481518947,8,0.0013884564506408,5.7360275996084764e-05,0.00031125645064080006,0,0.0014093335307362657,6.211123715756319e-05,0.0003321335307362658,0
16983,681,5,0.0049366,24683,0.004358279905901116,0.0026901528152755575,0.0005783200940988843,0,0.005164319234123832,0.0001628853009284229,0.0002277192341238318,0,0.00489639786525092,0.00017728631493410665,4.0202134749080416e-05,0
16983,681,6,0.0103568,51784,0.010461850159738575,0.003605694899145004,0.00010505015973857543,0,0.010805269696401464,0.0002806465027421623,0.0004484696964014642,0,0.010560078287035453,0.0002587905566014886,0.00020327828703545388,0
16983,681,7,0.0170744,85372,0.016190741108194486,0.0034279172554291947,0.0008836588918055138,0,0.01815534201024291,0.00034308047397055833,0.0010809420102429086,0,0.018216203924540597,0.00038101823761469463,0.0011418039245405971,0
16983,681,8,0.0250896,125448,0.024891148606649035,0.004366280787517157,0.00019845139335096518,0,0.026766579103202393,0.0004096655609898265,0.0016769791032023931,0,0.027128725678791276,0.000711983255838199,0.002039125678791276,0
16983,681,9,0.034501,172505,0.03438841622259971,0.005775718819312372,0.00011258377740028941,0,0.03651654027176516,0.0005500474641813656,0.002015540271765162,0,0.037985289018962295,0.0006641813393348707,0.0034842890189622985,0
16983,681,10,0.0454172,227086,0.0444645029671903,0.00508890367340125,0.0009526970328096948,0,0.04751522282273748,0.0005825646198332932,0.0020980228227374803,0,0.0509325499696265,0.0008778460287975532,0.0055153499696265,0
16983,681,11,0.0573404,286702,0.059033759030464816,0.007367376332811167,0.0016933590304648166,0,0.05955086183773907,0.0007741961826984723,0.0022104618377390695,0,0.06410970034292823,0.001061963069391457,0.006769300342928233,0
16983,681,12,0.070493,352465,0.06967073752418108,0.007148533220176994,0.0008222624758189162,0,0.07234581681446485,0.0009086139536738472,0.00185281681446485,0,0.07828743988511645,0.0016126873950877783,0.007794439885116453,0
16983,681,13,0.0851894,425947,0.08541993518735684,0.006667254703668531,0.0002305351873568423,0,0.08624896143317157,0.0010232398202154012,0.0010595614331715686,0,0.09325448796581914,0.0017939245920514033,0.008065087965819145,0
16983,681,14,0.1013146,506573,0.10096293904792977,0.008918098903210544,0.00035166095207023185,0,0.1010697201412765,0.0011051368129758447,0.0002448798587234985,0,0.10681691177678185,0.0029283940670563405,0.005502311776781843,0
16983,681,15,0.1187978,593989,0.12031487352283113,0.01073991134230691,0.0015170735228311333,0,0.11593704348674398,0.0012926415631381548,0.002860756513256013,0,0.11952801488510892,0.0021438265975308305,0.0007302148851089235,0
16983,681,16,0.1369774,684887,0.1358231973559075,0.011555093682558162,0.0011542026440924946,0,0.1303708676299943,0.0011532047011356455,0.006606532370005691,0,0.1297873894799741,0.002929913917627195,0.007190010520025908,0
16983,681,17,0.1524728,762364,0.15277410702489452,0.00907874849757017,0.00030130702489453154,0,0.14175538798269582,0.001777190388394868,0.010717412017304168,0,0.1319426624713213,0.003069014112486216,0.020530137528678688,0
16983,681,18,0.1358564,679282,0.13491081155759307,0.007447701236878993,0.0009455884424069139,0,0.13264983700922464,0.002430827907650725,0.003206562990775347,0,0.11041663281419967,0.0022240593660999277,0.02543976718580032,0
16983,681,19,0.00301,15050,0.0019564060715093964,0.0017168296479715117,0.0010535939284906037,1,0.013364686489910854,0.0007255309931161221,0.010354686489910853,0,0.014374629423377926,0.0003329007538037299,0.011364629423377926,0
16983,681,20,4.44e-05,222,4.988334527437986e-05,0.0002230851019572125,5.4833452743798555e-06,19,0.00030227287042493327,9.164255398349696e-05,0.0002578728704249333,0,0.0001874049856797765,2.0927987295057525e-05,0.0001430049856797765,0
16983,682,1,0,0,0.0,0.0,0.0,20,9.702966698604464e-26,1.6786264354653436e-25,9.702966698604464e-26,0,1.9539577197668303e-22,3.639518812380623e-22,1.9539577197668303e-22,0
16983,682,2,0,0,0.0,0.0,0.0,20,1.7512355828323948e-20,2.7998149801057694e-20,1.7512355828323948e-20,0,1.7217118856006133e-18,1.7148773325705888e-18,1.7217118856006133e-18,0
16983,682,3,0,0,0.0,0.0,0.0,20,4.530137274502181e-17,3.6876008011788314e-17,4.530137274502181e-17,0,1.5755403366353543e-15,1.1878603911539736e-15,1.5755403366353543e-15,0
16983,682,4,0,0,0.0,0.0,0.0,20,1.7071630109966567e-14,9.861556597262838e-15,1.7071630109966567e-14,0,6.483570565584881e-14,2.1126730149398886e-14,6.483570565584881e-14,0
16983,682,5,0,0,0.0,0.0,0.0,20,4.2579081909348283e-13,1.1800716097035225e-13,4.2579081909348283e-13,0,8.292750047303882e-13,2.1112242734282697e-13,8.292750047303882e-13,0
16983,682,6,0,0,0.0,0.0,0.0,20,3.8724747777455416e-12,8.626464902608882e-13,3.8724747777455416e-12,0,7.585351072328236e-12,1.0715788186023324e-12,7.585351072328236e-12,0
16983,682,7,0,0,0.0,0.0,0.0,20,2.7526211544823707e-11,3.3779823303161067e-12,2.7526211544823707e-11,0,4.40597932577625e-11,6.76790523170429e-12,4.40597932577625e-11,0
16983,682,8,0,0,0.0,0.0,0.0,20,1.3449843675765166e-10,1.8371915692580608e-11,1.3449843675765166e-10,0,2.2073874585060275e-10,3.722943666429311e-11,2.2073874585060275e-10,0
16983,682,9,0,0,0.0,0.0,0.0,20,5.911477917649003e-10,8.985325778579642e-11,5.911477917649003e-10,0,1.0225649636608719e-09,1.2279200475834488e-10,1.0225649636608719e-09,0
16983,682,10,0,0,0.0,0.0,0.0,20,2.475778707094385e-09,2.816271206176464e-10,2.475778707094385e-09,0,4.521483065891419e-09,6.952868328508979e-10,4.521483065891419e-09,0
16983,682,11,0,0,0.0,0.0,0.0,20,1.026072094847662e-08,1.591582212440275e-09,1.026072094847662e-08,0,1.8720097427555728e-08,2.106007885232043e-09,1.8720097427555728e-08,0
16983,682,12,0,0,0.0,0.0,0.0,20,4.148183716423316e-08,5.0152613698549944e-09,4.148183716423316e-08,0,8.299687866581868e-08,1.552084612704302e-08,8.299687866581868e-08,0
16983,682,13,4e-07,2,0.0,0.0,4e-07,20,1.8705451719959114e-07,4.3032130068050157e-08,2.1294548280040885e-07,0,3.774702468149085e-07,2.9123273097470543e-08,2.2529753185091503e-08,0
16983,682,14,8e-07,4,0.0,0.0,8e-07,20,8.977219886295253e-07,9.227578161988036e-08,9.772198862952533e-08,0,1.9951987793872566e-06,2.9491532864692373e-07,1.1951987793872566e-06,0
16983,682,15,2e-06,10,0.0,0.0,2e-06,20,5.659305882770394e-06,1.0952615702790455e-06,3.6593058827703945e-06,0,1.2387690332761475e-05,1.8160905047350928e-06,1.0387690332761476e-05,0
16983,682,16,2.22e-05,111,0.0,0.0,2.22e-05,20,4.9011619405943774e-05,1.2291038741002017e-05,2.6811619405943773e-05,0,0.00010820100971875566,1.4187951184452805e-05,8.600100971875566e-05,0
16983,682,17,0.0001624,812,5.905745142261569e-05,0.0002533273928465634,0.0001033425485773843,18,0.0006083446024961249,9.241223965001082e-05,0.00044594460249612486,0,0.0022369103047200837,0.00023948178737567813,0.0020745103047200837,0
16983,682,18,0.002753,13765,0.0023165366403128393,0.0015733902019044478,0.0004364633596871605,0,0.013452055862354026,0.0009331924694335762,0.010699055862354026,0,0.17643597220695856,0.005997869394787322,0.17368297220695855,0
16983,682,19,0.2650048,1325024,0.2661398289275254,0.011216941515324966,0.0011350289275254277,0,0.33732268934792775,0.005960806328575831,0.07231788934792777,0,0.3978312596042214,0.008318955333173327,0.1328264596042214,0
16983,682,20,0.7320544,3660272,0.7283803071901154,0.011136532183022624,0.0036740928098846215,0,0.6477533448025119,0.0055401027449934175,0.0843010551974881,0,0.42337278898071845,0.006015686952636206,0.30868161101928154,0
16983,684,1,0,0,0.0,0.0,0.0,20,2.6619307757865538e-20,3.3874471178749615e-20,2.6619307757865538e-20,0,6.104051228181947e-18,8.271832325879693e-18,6.104051228181947e-18,0
16983,684,2,0,0,0.0,0.0,0.0,20,5.315847390218215e-16,5.923204451712762e-16,5.315847390218215e-16,0,1.4796286711067132e-14,9.887570647299868e-15,1.4796286711067132e-14,0
16983,684,3,0,0,0.0,0.0,0.0,20,3.841840016827818e-13,1.9329031741162786e-13,3.841840016827818e-13,0,4.95257546456725e-12,2.015530494702894e-12,4.95257546456725e-12,0
16983,684,4,0,0,0.0,0.0,0.0,20,5.284194901433291e-11,1.5213630833366825e-11,5.284194901433291e-11,0,1.2927410041077388e-10,2.6302743810898647e-11,1.2927410041077388e-10,0
16983,684,5,0,0,0.0,0.0,0.0,20,7.868585767114357e-10,1.2807610367749723e-10,7.868585767114357e-10,0,1.1810648964644755e-09,1.767830145621732e-10,1.1810648964644755e-09,0
16983,684,6,0,0,0.0,0.0,0.0,20,4.9097395648237726e-09,6.29409881148183e-10,4.9097395648237726e-09,0,7.2737164562904506e-09,6.115532111511985e-10,7.2737164562904506e-09,0
16983,684,7,0,0,0.0,0.0,0.0,20,2.339052801023044e-08,1.6721496855095995e-09,2.339052801023044e-08,0,3.115662729689221e-08,2.7608805481657206e-09,3.115662729689221e-08,0
16983,684,8,2e-07,1,0.0,0.0,2e-07,20,8.394095534602141e-08,6.43018585181432e-09,1.1605904465397858e-07,0,1.1345655988998178e-07,1.2007575042750808e-08,8.654344011001822e-08,0
16983,684,9,2e-07,1,0.0,0.0,2e-07,20,2.6968506912881e-07,2.4322837739645485e-08,6.968506912880998e-08,0,3.834376672349944e-07,2.444161693441335e-08,1.8343766723499443e-07,0
16983,684,10,1.4e-06,7,0.0,0.0,1.4e-06,20,8.234681040856227e-07,4.842751906452846e-08,5.765318959143772e-07,0,1.2247599743964834e-06,7.448721700540124e-08,1.7524002560351654e-07,0
16983,684,11,3.4e-06,17,0.0,0.0,3.4e-06,20,2.4500190407902558e-06,1.3753293524275347e-07,9.499809592097443e-07,0,3.700459308907527e-06,2.3111411906019487e-07,3.004593089075269e-07,0
16983,684,12,1.08e-05,54,1.084905581885494e-06,4.851845260529858e-06,9.715094418114506e-06,19,7.171158471624563e-06,4.136027822125404e-07,3.628841528375437e-06,0,1.151149241395156e-05,1.0567792010622993e-06,7.114924139515604e-07,0
16983,684,13,2.44e-05,122,0.0,0.0,2.44e-05,20,2.219226263430825e-05,2.203636633181225e-06,2.2077373656917506e-06,0,3.652909875415835e-05,1.5795372240484312e-06,1.212909875415835e-05,0
16983,684,14,6.64e-05,332,0.0,0.0,6.64e-05,20,7.276017420702581e-05,3.872828835035071e-06,6.360174207025812e-06,0,0.00012436424795960824,1.056847445843241e-05,5.796424795960824e-05,0
16983,684,15,0.000216,1080,2.9133778501573848e-05,9.368275421128105e-05,0.00018686622149842615,18,0.00027728637014417574,2.6840373624041343e-05,6.128637014417575e-05,0,0.0004695841745893105,3.068349880164976e-05,0.0002535841745893105,0
16983,684,16,0.0006948,3474,0.0005246094425697452,0.0008433071927057939,0.0001701905574302548,10,0.0013124917516626332,0.000130707528151485,0.0006176917516626333,0,0.0022787249699523083,0.00016317300154372895,0.0015839249699523084,0
16983,684,17,0.0030964,15482,0.0026019167199773426,0.0019529340165339046,0.0004944832800226574,2,0.00879304835761809,0.0007490053705468466,0.005696648357618089,0,0.01896476675483987,0.0010807916119210477,0.01586836675483987,0
16983,684,18,0.0240082,120041,0.023971483928555463,0.0049492760402333495,3.6716071444536924e-05,0,0.08904603547607208,0.003961880809571055,0.06503783547607209,0,0.3997982034151696,0.008697187839140164,0.3757900034151696,0
16983,684,19,0.7047304,3523652,0.7003638610988562,0.009660992875974153,0.004366538901143802,0,0.5521712302218844,0.00656446863879703,0.15255916977811557,0,0.4005427325042595,0.009005817005148603,0.3041876674957405,0
16983,684,20,0.2671474,1335737,0.2696886951064656,0.007623573670135207,0.002541295106465613,0,0.3482941279737834,0.006256533097022628,0.08114672797378342,0,0.17776812148290108,0.005237233997304833,0.0893792785170989,0
16983,687,1,6.2e-06,31,0.0,0.0,6.2e-06,20,2.2361391325647313e-05,5.5754716746005775e-06,1.616139132564731e-05,0,3.032321041489216e-05,4.554542851780749e-06,2.412321041489216e-05,0
16983,687,2,0.000703,3515,0.00028483950494676366,0.0004480501758707796,0.0004181604950532363,13,0.0015693726412115828,0.00019047816079995774,0.0008663726412115829,0,0.0012839213513332862,8.102883034727669e-05,0.0005809213513332862,0
16983,687,3,0.010524,52620,0.009691394559406687,0.0028332488546180005,0.0008326054405933137,0,0.02014664697451423,0.0009003190318324048,0.00962264697451423,0,0.016796664283055766,0.00047620533290919386,0.006272664283055765,0
16983,687,4,0.076858,384290,0.07539666789517475,0.006612281081638899,0.0014613321048252415,0,0.08713075168432315,0.0014510801316346298,0.01027275168432315,0,0.07458287574008432,0.0013921119917206085,0.0022751242599156757,0
16983,687,5,0.1448976,724488,0.14444612359897388,0.010767141619559044,0.0004514764010261074,0,0.13121836679137303,0.0021285228037775683,0.013679233208626962,0,0.12637132141197605,0.002406459722740642,0.018526278588023942,0
16983,687,6,0.1469222,734611,0.14816995061458696,0.008844617582809633,0.0012477506145869566,0,0.13523240518587426,0.0012936983215543173,0.011689794814125742,0,0.13463696453053373,0.0021517209662478584,0.012285235469466277,0
16983,687,7,0.130081,650405,0.1281701546328746,0.009043230894698311,0.0019108453671254078,0,0.12399187684786286,0.0013406948408654004,0.006089123152137138,0,0.12835304784305368,0.0020108528393351604,0.0017279521569463219,0
16983,687,8,0.1104658,552329,0.11297658398892256,0.011176267885351721,0.0025107839889225575,0,0.10804471749076569,0.0011502468241875933,0.0024210825092343125,0,0.11269664944913908,0.00202462385795117,0.00223084944913908,0
16983,687,9,0.0907786,453893,0.0882792706624512,0.008277612765948609,0.002499329337548803,0,0.09208916843723532,0.0011521540199710895,0.0013105684372353155,0,0.09620680790206476,0.0017285634505042023,0.0054282079020647606,0
16983,687,10,0.074166,370830,0.07692056632907861,0.007829531897390593,0.0027545663290786115,0,0.07664534666446335,0.001029901351609287,0.0024793466644633527,0,0.08161441381484644,0.0016660404788741332,0.007448413814846441,0
16983,687,11,0.0594764,297382,0.05964567588467588,0.00751573013740237,0.00016927588467588461,0,0.062150828719469545,0.000909463359852982,0.002674428719469546,0,0.06607335955144211,0.001055719575648872,0.006596959551442114,0
16983,687,12,0.047255,236275,0.04649473206950119,0.005961228778999603,0.000760267930498805,0,0.049435298832258626,0.0007752963310985867,0.0021802988322586273,0,0.051560491523909555,0.0010595510100301032,0.004305491523909556,0
16983,687,13,0.0364288,182144,0.035558062934977416,0.005162163257876146,0.000870737065022581,0,0.038275011878731904,0.0004873674641345023,0.001846211878731907,0,0.039350030620636654,0.0006553162801817041,0.002921230620636657,0
16983,687,14,0.0275016,137508,0.028647125561844684,0.005017608884318638,0.0011455255618446833,0,0.028684242481399558,0.00042026143947942617,0.0011826424813995567,0,0.028533375735167666,0.0006759607505383211,0.001031775735167665,0
16983,687,15,0.0197476,98738,0.018902317588227333,0.004349344126904608,0.0008452824117726673,0,0.020559643578179215,0.0003936610634731278,0.0008120435781792147,0,0.0196573235303518,0.0004689303406055501,9.027646964819905e-05,0
16983,687,16,0.0132582,66291,0.013669218320579796,0.0032103816265198737,0.0004110183205797962,0,0.01362921040268055,0.00024476613107432847,0.0003710104026805501,0,0.012503330366042406,0.0003851697111398098,0.000754869633957593,0
16983,687,17,0.0076882,38441,0.006396872835857571,0.0031404565924837715,0.001291327164142429,0,0.007858293927622533,0.00021032870656388953,0.0001700939276225331,0,0.006811388833358824,0.00021624129772760013,0.0008768111666411765,0
16983,687,18,0.00322,16100,0.0023585144794626327,0.002006617014481591,0.0008614855205373675,2,0.003259277290134442,0.0001095465524240584,3.927729013444197e-05,0,0.0026619145514674243,0.00010964836841401325,0.0005580854485325759,0
16983,687,19,2.18e-05,109,2.446008920973935e-07,1.093888444173726e-06,2.1555399107902607e-05,19,5.6786581194330226e-05,7.767357435560403e-06,3.4986581194330225e-05,0,0.0002750950617164445,1.3818847490083481e-05,0.0002532950617164445,0
16983,687,20,0,0,0.0,0.0,0.0,20,3.9219938081823563e-07,2.23043823152977e-07,3.9219938081823563e-07,0,7.006894057737363e-07,1.883208935702811e-07,7.006894057737363e-07,0
16983,689,1,0,0,0.0,0.0,0.0,20,5.134486362199305e-08,2.6191648745628824e-08,5.134486362199305e-08,0,2.1610365589584069e-07,7.1764301782487e-08,2.1610365589584069e-07,0
16983,689,2,5.8e-06,29,0.0,0.0,5.8e-06,20,1.5004070941070264e-05,4.040530758899411e-06,9.204070941070264e-06,0,2.524150874255083e-05,3.0303951596360097e-06,1.9441508742550832e-05,0
16983,689,3,0.000316,1580,6.948235798475608e-05,0.0002048430197412215,0.0002465176420152439,16,0.000553583498880562,4.907608967431856e-05,0.00023758349888056206,0,0.0007674734715411213,3.092625264358644e-05,0.00045147347154112134,0
16983,689,4,0.0050266,25133,0.00413695062016096,0.001396715459580325,0.0008896493798390397,0,0.006008910080857178,0.0001887445646641042,0.0009823100808571779,0,0.005627388481649299,0.00019188588317944682,0.0006007884816492991,0
16983,689,5,0.0167326,83663,0.015281572002031002,0.002881905579274606,0.001451027997968998,0,0.017631701520915057,0.000444214348363004,0.000899101520915057,0,0.016355545024773245,0.00048320599850182826,0.0003770549752267552,0
16983,689,6,0.029273,146365,0.02964745723391219,0.005815477289552873,0.0003744572339121899,0,0.03051992204190388,0.0006004442552826112,0.0012469220419038807,0,0.029417640627337937,0.0006150364716900268,0.0001446406273379365,0
16983,689,7,0.0419338,209669,0.04275944876052727,0.005679953082762814,0.0008256487605272714,0,0.04344247150938825,0.0006554071131607687,0.00150867150938825,0,0.0433235455972124,0.0007607653165527745,0.0013897455972124023,0
16983,689,8,0.054285,271425,0.0537952587273142,0.005000990860194657,0.0004897412726857994,0,0.05539046245162571,0.0006520926038800356,0.0011054624516257106,0,0.055828468522324724,0.00120411366583484,0.0015434685223247244,0
16983,689,9,0.0665764,332882,0.06831860030738385,0.006469400912258668,0.0017422003073838538,0,0.06620723547994885,0.0007432359335333645,0.0003691645200511462,0,0.06810891279129269,0.0011118754422292838,0.0015325127912926978,0
16983,689,10,0.0768724,384362,0.0769000268666781,0.006789044770571632,2.7626866678107098e-05,0,0.0758773683354246,0.0008432719511237694,0.0009950316645753882,0,0.08020910232644993,0.0013707835902569982,0.0033367023264499335,0
16983,689,11,0.0858474,429237,0.08865176119303317,0.008512067154159707,0.002804361193033164,0,0.08392097796017163,0.001020262731652857,0.0019264220398283738,0,0.08898002853360085,0.0013326989845064356,0.0031326285336008425,0
16983,689,12,0.0928474,464237,0.09169064401842586,0.008285436457424364,0.0011567559815741368,0,0.0901916797845981,0.0011328910529639037,0.002655720215401891,0,0.09543392338157694,0.0018010329782272888,0.002586523381576944,0
16983,689,13,0.0977198,488599,0.09389258410205595,0.007925587637033327,0.0038272158979440474,0,0.09474313556148452,0.0010243362792800982,0.002976664438515478,0,0.09981688679581265,0.0017864825454150784,0.00209708679581265,0
16983,689,14,0.1000684,500342,0.10180694508024928,0.00874914871954637,0.0017385450802492736,0,0.09731580694960293,0.0009886913732127032,0.002752593050397073,0,0.0998757482497987,0.002489666885152492,0.00019265175020130587,0
16983,689,15,0.0986798,493399,0.10038950954670611,0.009247426468345397,0.0017097095467061146,0,0.09701697869637188,0.0009703694144494881,0.0016628213036281175,0,0.09675944060278836,0.0017666585005292228,0.001920359397211635,0
16983,689,16,0.0935024,467512,0.09044981302708231,0.007143580145900087,0.003052586972917687,0,0.09306005227121097,0.0008556480031430113,0.00044234772878902484,0,0.08933674285556403,0.002023415853317015,0.004165657144435966,0
16983,689,17,0.0816922,408461,0.08061758821646091,0.006469476771115473,0.0010746117835390978,0,0.08337415640649037,0.0012686458742855802,0.0016819564064903675,0,0.0749229756992653,0.001856606419802271,0.006769224300734705,0
16983,689,18,0.0574482,287241,0.0567898145271827,0.006581431439294225,0.0006583854728172966,0,0.06085431285283745,0.0012574628424404206,0.0034061128528374493,0,0.04920637926154683,0.0012248137551866976,0.00824182073845317,0
16983,689,19,0.001154,5770,0.0009627366429577908,0.0011464844958232409,0.00019126335704220928,7,0.0038117116521519485,0.0002579986101005496,0.0026577116521519484,0,0.00595448358724703,0.0001667232160061868,0.00480048358724703,0
16983,689,20,1.88e-05,94,0.0,0.0,1.88e-05,20,6.447753033112292e-05,2.3176599341654234e-05,4.567753033112292e-05,0,4.985657781924796e-05,6.984127326792177e-06,3.1056577819247956e-05,0
16983,691,1,0,0,0.0,0.0,0.0,20,9.519292598001843e-08,4.51355649682675e-08,9.519292598001843e-08,0,3.45770893930127e-07,1.0609586797454631e-07,3.45770893930127e-07,0
16983,691,2,1.24e-05,62,0.0,0.0,1.24e-05,20,2.3446416424695794e-05,5.8500844850827895e-06,1.1046416424695794e-05,0,3.6168931605425435e-05,4.058440625023257e-06,2.3768931605425436e-05,0
16983,691,3,0.0003416,1708,0.00015332515451422146,0.00030953620250058933,0.00018827484548577855,14,0.0007763120713250649,6.45293247625279e-05,0.0004347120713250649,0,0.0010162441852343868,3.859208062302026e-05,0.0006746441852343867,0
16983,691,4,0.0063924,31962,0.005597297777041402,0.002281839288703236,0.0007951022229585984,0,0.007747887114080349,0.000229153101356654,0.0013554871140803483,0,0.007152097872461727,0.00023056790166910187,0.0007596978724617263,0
16983,691,5,0.020484,102420,0.018742199346616747,0.003337116431411889,0.001741800653383252,0,0.021531634120230195,0.0005195441445302666,0.001047634120230196,0,0.019940827756044385,0.0005653439448410217,0.0005431722439556141,0
16983,691,6,0.033979,169895,0.03386785109424241,0.004023605208280255,0.00011114890575759234,0,0.035797948195932246,0.0006654873870094937,0.0018189481959322434,0,0.0344843236111286,0.0006999760070863778,0.0005053236111286011,0
16983,691,7,0.0470206,235103,0.04859815304857744,0.005771081318228288,0.0015775530485774361,0,0.04929575444936231,0.0007126780426917799,0.0022751544493623058,0,0.04918211626077387,0.0008401696299955638,0.00216151626077387,0
16983,691,8,0.0588836,294418,0.05783295193656168,0.006669751833280933,0.0010506480634383183,0,0.06113178681971064,0.0006895773164871216,0.002248186819710639,0,0.06163932785376627,0.0012883950022276893,0.0027557278537662655,0
16983,691,9,0.0695038,347519,0.06912070561006967,0.005992990858862997,0.0003830943899303385,0,0.07131809621846205,0.0007687912454398037,0.001814296218462047,0,0.07331026177424363,0.0011901874740425115,0.0038064617742436246,0
16983,691,10,0.0797726,398863,0.07996275806929973,0.007982647960851743,0.00019015806929972845,0,0.07991149575510696,0.0008822869420766511,0.00013889575510696306,0,0.08436390060785168,0.001446747024032014,0.004591300607851678,0
16983,691,11,0.0873332,436666,0.0881802307154297,0.010908234101804462,0.0008470307154297002,0,0.08649282934207264,0.0010473517042384017,0.0008403706579273584,0,0.09156528517089112,0.0013571666046839615,0.004232085170891117,0
16983,691,12,0.0939828,469914,0.09304022404634407,0.010263539845526044,0.000942575953655933,0,0.09104973541049423,0.0011518384228474167,0.0029330645895057766,0,0.096077478903014,0.0017989178866330308,0.0020946789030139995,0
16983,691,13,0.0974552,487276,0.09829796318267936,0.007631281344603813,0.0008427631826793541,0,0.09366106484174755,0.0010063182638979896,0.003794135158252457,0,0.09834671313655655,0.0017416754981564879,0.0008915131365565404,0
16983,691,14,0.0978276,489138,0.09691683752019739,0.011059693464157938,0.0009107624798026098,0,0.09415421703940888,0.0009585948852553918,0.0036733829605911233,0,0.09625590150325293,0.002368680196037036,0.0015716984967470704,0
16983,691,15,0.0947998,473999,0.09515348586494918,0.007329144661430123,0.0003536858649491742,0,0.09175859078676789,0.0009316353632824842,0.0030412092132321156,0,0.09109559486357023,0.0016782145035126312,0.0037042051364297723,0
16983,691,16,0.087447,437235,0.08753863955782426,0.006563728711009417,9.163955782426347e-05,0,0.08578284124837156,0.0008116609523037815,0.001664158751628439,0,0.08193106819570203,0.001873255084171568,0.005515931804297963,0
16983,691,17,0.073853,369265,0.07410566536691529,0.007951352940483394,0.00025266536691528896,0,0.07446319908688032,0.0011794389822166163,0.0006101990868803142,0,0.06658318210704549,0.001671907747048073,0.007269817892954514,0
16983,691,18,0.04998,249900,0.047837706832133904,0.0037921817583382437,0.0021422931678660925,0,0.052094830114302514,0.0011060220512190049,0.002114830114302517,0,0.04196770389243463,0.0010846915708276825,0.008012296107565368,0
16983,691,19,0.0009184,4592,0.0005171366583087805,0.0007343844466054264,0.0004012633416912195,7,0.002961957207825826,0.00021112870626932982,0.0020435572078258257,0,0.005013332742733662,0.00014622226622843223,0.004094932742733662,0
16983,691,20,1.3e-05,65,0.0,0.0,1.3e-05,20,4.6278568568053126e-05,1.7496387573211283e-05,3.327856856805313e-05,0,3.8124860795396344e-05,5.651758927406072e-06,2.5124860795396346e-05,0
16983,1070,1,6.6e-06,33,0.0,0.0,6.6e-06,20,1.2336033656233157e-05,3.4365595269165042e-06,5.736033656233157e-06,0,1.893890018881465e-05,3.153960609515619e-06,1.233890018881465e-05,0
16983,1070,2,0.0003202,1601,0.00013494581525768924,0.000274890452025981,0.00018525418474231074,14,0.001029273009794681,0.0001386112691795676,0.000709073009794681,0,0.0008995715961036212,6.059878867589248e-05,0.0005793715961036212,0
16983,1070,3,0.0061498,30749,0.005140399926511502,0.0021166444328441438,0.001009400073488498,0,0.0149364236237516,0.0007192165187545219,0.0087866236237516,0,0.012973876695060893,0.0003725094266062463,0.006824076695060893,0
16983,1070,4,0.0584758,292379,0.056767061170379926,0.005184469702599966,0.0017087388296200753,0,0.07157338723587946,0.001260471543342937,0.013097587235879456,0,0.0612229765816073,0.0012037894841463944,0.002747176581607301,0
16983,1070,5,0.1269032,634516,0.12551882619085378,0.0076962713809542675,0.0013843738091462165,0,0.11601747722556725,0.0019446395911842601,0.01088572277443274,0,0.1105003891180161,0.00217676178064312,0.016402810881983892,0
16983,1070,6,0.1358308,679154,0.13708807681731064,0.009915463088741375,0.0012572768173106375,0,0.12626778364916932,0.0012761696400402584,0.009563016350830678,0,0.12472990076323057,0.0020127459767135133,0.011100899236769435,0
16983,1070,7,0.1273804,636902,0.12691941080871066,0.011699535457211719,0.00046098919128934046,0,0.1210308656060298,0.0012995400953620512,0.006349534393970208,0,0.12439606116884319,0.0019189113079391212,0.002984338831156813,0
16983,1070,8,0.1127916,563958,0.11308077715350966,0.010010283712941718,0.000289177153509651,0,0.10946402677934311,0.0011153645751103237,0.003327573220656896,0,0.11345619430367615,0.0020182697860680384,0.0006645943036761442,0
16983,1070,9,0.0969038,484519,0.09574917760336123,0.008871973701222976,0.0011546223966387714,0,0.09631899665889819,0.0011346218910260099,0.0005848033411018083,0,0.10021205699990213,0.0017589101796483299,0.003308256999902129,0
16983,1070,10,0.0816366,408183,0.0827010078335044,0.0072889161021402185,0.0010644078335043938,0,0.08254505869836673,0.0010669054948545661,0.0009084586983667264,0,0.08761033154585215,0.0017410337671645542,0.005973731545852151,0
16983,1070,11,0.0675802,337901,0.06711226393752526,0.006693787413484222,0.0004679360624747497,0,0.06879880378816414,0.0009703086590022744,0.0012186037881641298,0,0.07294538485014372,0.0011371211721825244,0.005365184850143714,0
16983,1070,12,0.0545646,272823,0.05890025084684638,0.00636884914675693,0.004335650846846381,0,0.05615737429544578,0.0008582379028619317,0.001592774295445784,0,0.05849788695236245,0.0011747894027704412,0.003933286952362454,0
16983,1070,13,0.0432974,216487,0.041442301549964713,0.006063604699960792,0.0018550984500352863,0,0.0445905203624626,0.000548602500134027,0.0012931203624626034,0,0.04582897589994063,0.0007604966814035784,0.00253157589994063,0
16983,1070,14,0.0331644,165822,0.032117308979887335,0.005142823176219951,0.0010470910201126615,0,0.034271180431678254,0.0004801838938471209,0.0011067804316782573,0,0.03409403531009205,0.000799057137956098,0.0009296353100920543,0
16983,1070,15,0.024303,121515,0.0229614404687103,0.005431978537937428,0.0013415595312897023,0,0.025191293398430032,0.000455628433207334,0.0008882933984300304,0,0.024108882397502186,0.0005594718972420983,0.00019411760249781612,0
16983,1070,16,0.0165692,82846,0.01605878069674671,0.003253544827114753,0.0005104193032532886,0,0.01715317565972065,0.00029210388417872106,0.0005839756597206501,0,0.015749309176892348,0.0004707888025567505,0.0008198908231076517,0
16983,1070,17,0.0098124,49062,0.00967484723259835,0.0027099663754419174,0.00013755276740165003,0,0.010187505730916074,0.00026310706902660133,0.00037510573091607304,0,0.008827941519192771,0.0002745583403904765,0.0009844584808072297,0
16983,1070,18,0.0042766,21383,0.0037099979536920798,0.0018385844670672305,0.0005666020463079204,0,0.004372464034730521,0.0001418424470761908,9.586403473052073e-05,0,0.003555277273923034,0.00014199630589470909,0.0007213227260769663,0
16983,1070,19,3.3e-05,165,0.0,0.0,3.3e-05,20,8.147561068810852e-05,1.0781089776850448e-05,4.847561068810852e-05,0,0.00037100606748719596,1.7968527883123747e-05,0.00033800606748719597,0
16983,1070,20,4e-07,2,0.0,0.0,4e-07,20,5.781673075743744e-07,3.270212579678676e-07,1.7816730757437446e-07,0,1.0028799828334923e-06,2.628213860660513e-07,6.028799828334923e-07,0
16983,1072,1,0,0,0.0,0.0,0.0,20,3.8782338831786965e-07,1.6381192374695703e-07,3.8782338831786965e-07,0,1.1068874572365912e-06,2.901880670770003e-07,1.1068874572365912e-06,0
16983,1072,2,4.24e-05,212,0.0,0.0,4.24e-05,20,7.159060536182187e-05,1.5251408231952437e-05,2.9190605361821865e-05,0,9.260682320846015e-05,8.931885320759243e-06,5.020682320846015e-05,0
16983,1072,3,0.001053,5265,0.00047663895340592684,0.0005661404158762966,0.0005763610465940731,9,0.0018850468163869136,0.00013439452825609685,0.0008320468163869137,0,0.0021608597851817102,7.242961438451232e-05,0.0011078597851817103,0
16983,1072,4,0.0126976,63488,0.011817531715189311,0.003198702260349848,0.0008800682848106884,0,0.01532065265971468,0.0003874787182602004,0.0026230526597146794,0,0.013673968390475971,0.00037980880457630443,0.000976368390475971,0
16983,1072,5,0.0354574,177287,0.03581685072250307,0.0048212642039161665,0.00035945072250306853,0,0.03675813125419221,0.0007899478162983092,0.0013007312541922084,0,0.03400147453530848,0.0008614704661356012,0.0014559254646915182,0
16983,1072,6,0.0541092,270546,0.05318233758838582,0.00699610870871741,0.0009268624116141808,0,0.054483036248158964,0.0008554973519782914,0.00037383624815896105,0,0.052526957323993886,0.0009835326917306546,0.0015822426760061167,0
16983,1072,7,0.0686708,343354,0.06725313875299208,0.006504433533277991,0.0014176612470079286,0,0.06807399202872032,0.0008724119204910944,0.0005968079712796864,0,0.06814593070304012,0.0010888931545743573,0.0005248692969598845,0
16983,1072,8,0.0793964,396982,0.08057387285653336,0.00813847669114114,0.001177472856533357,0,0.07767506352268178,0.0007874737858679492,0.0017213364773182305,0,0.07856858519046912,0.00151405049507073,0.0008278148095308829,0
16983,1072,9,0.0864864,432432,0.08806111580291623,0.007398630790665776,0.001574715802916224,0,0.08421422960142752,0.0008369985774258841,0.0022721703985724845,0,0.08652705681582515,0.0013988755542566108,4.065681582514358e-05,0
16983,1072,10,0.0903236,451618,0.08665560782869285,0.00817598236273186,0.003667992171307158,0,0.08813917610085073,0.0009738043175109228,0.0021844238991492737,0,0.09285981043098226,0.0016233230313361263,0.002536210430982261,0
16983,1072,11,0.0912998,456499,0.09244826595619035,0.009844166045021693,0.0011484659561903504,0,0.08939961625648715,0.0010870614486176201,0.0019001837435128482,0,0.0943823912618165,0.001374847819979027,0.0030825912618164947,0
16983,1072,12,0.0902764,451382,0.09049937281206741,0.009583869387993172,0.00022297281206740127,0,0.08850558830279434,0.0011543027579650213,0.0017708116972056653,0,0.09282280005065324,0.0017211690095645393,0.002546400050653236,0
16983,1072,13,0.087349,436745,0.08910322951725487,0.00946674069617639,0.0017542295172548739,0,0.08569013332757362,0.0009186224742301624,0.0016588666724263734,0,0.08929198948906748,0.0015386567789254628,0.001942989489067487,0
16983,1072,14,0.081935,409675,0.08095036668550715,0.0055909155844234585,0.000984633314492847,0,0.08110498001282772,0.0008508342945040128,0.0008300199871722758,0,0.08220451160599727,0.0019648943897275185,0.0002695116059972802,0
16983,1072,15,0.0744998,372499,0.07556960106612326,0.007014566638741328,0.0010698010661232549,0,0.07441485696597606,0.0008189339528917705,8.494303402394043e-05,0,0.07315219442033881,0.0013896760410147034,0.0013476055796611958,0
16983,1072,16,0.0641952,320976,0.06465646389125694,0.005616854019847598,0.00046126389125694667,0,0.06528970949720467,0.0006783933868185771,0.0010945094972046737,0,0.06175305882964984,0.001459297691269925,0.0024421411703501525,0
16983,1072,17,0.050599,252995,0.05100707742704473,0.006331094521730341,0.00040807742704473265,0,0.05288419470333936,0.0009121332099883088,0.0022851947033393633,0,0.04694290431152069,0.001214742540375679,0.0036560956884793064,0
16983,1072,18,0.0312032,156016,0.028231350372791945,0.0043771767174308725,0.002971849627208055,0,0.03430312932736304,0.0007676720744272177,0.0030999293273630407,0,0.027623068110029902,0.0007605468318867072,0.003580131889970098,0
16983,1072,19,0.0004018,2009,0.00026362271972875135,0.0004958130313681273,0.00013817728027124866,12,0.0017592382072414957,0.00013061549940325654,0.0013574382072414955,0,0.0032459679102962214,0.00010078731103861679,0.0028441679102962215,0
16983,1072,20,4e-06,20,0.0,0.0,4e-06,20,2.7246738309853443e-05,1.0197651789154354e-05,2.3246738309853444e-05,0,2.2757124688163812e-05,3.477879216599432e-06,1.8757124688163813e-05,0
16983,1263,1,0,0,0.0,0.0,0.0,20,8.869427750106766e-07,3.347744372003423e-07,8.869427750106766e-07,0,2.1305273247723786e-06,5.04760579181634e-07,2.1305273247723786e-06,0
16983,1263,2,7.32e-05,366,0.0,0.0,7.32e-05,20,0.00013273144543063639,2.5673828248933976e-05,5.953144543063638e-05,0,0.00015673950151390056,1.3994905568687356e-05,8.353950151390056e-05,0
16983,1263,3,0.0016272,8136,0.0009517807014414175,0.0009142971360057359,0.0006754192985585826,3,0.0030794455435935774,0.00020325648434023761,0.0014522455435935773,0,0.0033243276547815456,0.00010634438183184828,0.0016971276547815455,0
16983,1263,4,0.018457,92285,0.016240302037472495,0.003767686298444798,0.0022166979625275057,0,0.022627283925385308,0.0005321322187433891,0.004170283925385307,0,0.019939605445626812,0.0005162582077322523,0.0014826054456268112,0
16983,1263,5,0.049461,247305,0.05000593361210907,0.005007382177246446,0.0005449336121090692,0,0.05053756400593742,0.0010291713826666587,0.0010765640059374193,0,0.04681678697281249,0.0011246599485943902,0.0026442130271875086,0
16983,1263,6,0.071899,359495,0.06758228393151008,0.007757044629787242,0.00431671606848992,0,0.07071368448017493,0.0010145465498235205,0.001185315519825078,0,0.06828224403804785,0.0012304892004455705,0.003616755961952156,0
16983,1263,7,0.0862922,431461,0.08886569384233593,0.009000557781127438,0.0025734938423359333,0,0.08390864089949959,0.001012962595700825,0.002383559100500407,0,0.08421418872846369,0.0013106382887789643,0.002078011271536312,0
16983,1263,8,0.0946044,473022,0.09600340121551754,0.009436892142319154,0.0013990012155175313,0,0.09130133624225747,0.0008841536198145753,0.0033030637577425304,0,0.09257485805482893,0.001716230178323836,0.002029541945171076,0
16983,1263,9,0.0980668,490334,0.10002832401781714,0.009687056690566053,0.001961524017817143,0,0.09461011161276027,0.0009242105654241548,0.003456688387239726,0,0.0972167645510115,0.0015786235064594646,0.0008500354489884981,0
16983,1263,10,0.0976148,488074,0.09566574232570016,0.011173900511457351,0.0019490576742998422,0,0.09458071479930383,0.0010600220142624637,0.003034085200696174,0,0.09953022463782488,0.0017752405359707899,0.0019154246378248752,0
16983,1263,11,0.09325,466250,0.09445652167205812,0.00752292217351903,0.0012065216720581196,0,0.09144465780632072,0.0011260561446001108,0.0018053421936792824,0,0.09635121387861958,0.0013977898693335834,0.0031012138786195853,0
16983,1263,12,0.086824,434120,0.08652976003057325,0.00809595181065534,0.0002942399694267489,0,0.08610685124613446,0.0011613828940673949,0.0007171487538655402,0,0.08983606943051552,0.001667399274515871,0.0030120694305155182,0
16983,1263,13,0.078479,392395,0.08024782718931886,0.007813374534241534,0.0017688271893188667,0,0.07889256398568144,0.0008570931494278367,0.0004135639856814449,0,0.08159492409687091,0.0013779529007211075,0.00311592409687092,0
16983,1263,14,0.0693088,346544,0.06986796929458719,0.010130836790054082,0.0005591692945871862,0,0.07018096337645473,0.0007825378136501935,0.0008721633764547237,0,0.07044067403405338,0.001641723311397041,0.0011318740340533762,0
16983,1263,15,0.0582522,291261,0.05586424088012254,0.006991353480103004,0.002387959119877457,0,0.05995328310994562,0.0007634591150358693,0.0017010831099456211,0,0.05816602462528142,0.0011664799235751163,8.617537471857645e-05,0
16983,1263,16,0.0460604,230302,0.044985118542135404,0.00499683815647251,0.0010752814578645978,0,0.048127771475214805,0.0005875878941566889,0.0020673714752148034,0,0.04479784394503768,0.0011337552179034695,0.0012625560549623244,0
16983,1263,17,0.0323862,161931,0.033030420104363224,0.004678755034959901,0.0006442201043632273,0,0.034546728921127284,0.0007037508668946405,0.0021605289211272874,0,0.030166023216253605,0.0008335585187928502,0.0022201767837463915,0
16983,1263,18,0.017173,85865,0.015001043214991086,0.00320531902345621,0.0021719567850089147,0,0.01867905963823773,0.00048528440941441356,0.0015060596382377306,0,0.01492500595237462,0.00048550574913652577,0.0022479940476253808,0
16983,1263,19,0.0001694,847,5.793047811435193e-05,0.00014763811001141207,0.00011146952188564806,16,0.0005703122520206054,5.7823794339790076e-05,0.00040091225202060535,0,0.0016573743991695436,6.302170409270382e-05,0.0014879743991695438,0
16983,1263,20,1.4e-06,7,0.0,0.0,1.4e-06,20,5.408291745097047e-06,2.7242055336810193e-06,4.0082917450970465e-06,0,6.976309587899174e-06,1.4663645846027066e-06,5.576309587899174e-06,0
16983,1462,1,0,0,0.0,0.0,0.0,20,6.786181523697465e-08,3.208730947728217e-08,6.786181523697465e-08,0,2.4687012431930126e-07,7.618450343282762e-08,2.4687012431930126e-07,0
16983,1462,2,8.2e-06,41,0.0,0.0,8.2e-06,20,1.6752517477325325e-05,4.209029044033516e-06,8.552517477325325e-06,0,2.6163435927498245e-05,2.9785271743416415e-06,1.7963435927498245e-05,0
16983,1462,3,0.0003154,1577,3.4767667581719276e-05,0.00015548573626368006,0.00028063233241828073,19,0.0005631783964070679,4.7566798097794854e-05,0.00024777839640706785,0,0.0007503099504355427,2.9122440795786597e-05,0.00043490995043554264,0
16983,1462,4,0.004668,23340,0.003864612722346405,0.0017548867619607525,0.0008033872776535955,0,0.005765931614646536,0.00017537170883588377,0.0010979316146465358,0,0.00536426451737888,0.0001780160317327675,0.0006962645173788796,0
16983,1462,5,0.0155798,77899,0.014938162640306448,0.003490783491123373,0.0006416373596935514,0,0.0164441538983714,0.0004085834403398466,0.0008643538983714016,0,0.015267026239031287,0.00044453086514848345,0.0003127737609687122,0
16983,1462,6,0.0273886,136943,0.026624511852153143,0.00544616517143784,0.0007640881478468559,0,0.02806377140167793,0.0005465618002294058,0.0006751714016779292,0,0.027082357766384447,0.0005630923102897323,0.0003062422336155522,0
16983,1462,7,0.038425,192125,0.03851621923926394,0.006379815917446805,9.121923926393855e-05,0,0.039710307088000364,0.0005978607292505528,0.0012853070880003634,0,0.039649369447342125,0.0006960773397541685,0.0012243694473421246,0
16983,1462,8,0.0494356,247178,0.04804938735567775,0.005068209860331733,0.001386212644322253,0,0.050614155098472266,0.0006013911195814246,0.0011785550984722629,0,0.0510743492411602,0.0011079292631430775,0.0016387492411601978,0
16983,1462,9,0.0598366,299183,0.05983652618447094,0.007271643628529887,7.381552905721955e-08,0,0.06073099115804005,0.0006941895492544925,0.0008943911580400546,0,0.06256249882148875,0.0010263156483366882,0.0027258988214887495,0
16983,1462,10,0.0695482,347741,0.07040818596901743,0.010390108661489062,0.0008599859690174294,0,0.07012183258426764,0.0007853715358793686,0.0005736325842676387,0,0.07426027596401127,0.0012690112870383647,0.00471207596401127,0
16983,1462,11,0.078562,392810,0.07974320694580103,0.006846953311391565,0.001181206945801025,0,0.07841673152701761,0.0009612509696842472,0.00014526847298239332,0,0.08333404607346453,0.0012624805132742188,0.004772046073464528,0
16983,1462,12,0.0864338,432169,0.08668789397964377,0.010136450559117235,0.0002540939796437658,0,0.08550853016536106,0.0010710968780149263,0.0009252698346389476,0,0.09081234342069833,0.0017347049192078744,0.004378543420698322,0
16983,1462,13,0.0934284,467142,0.09164382077198682,0.008980376546054035,0.0017845792280131723,0,0.09154708369777195,0.001002482592176279,0.0018813163022280421,0,0.09692826982116927,0.0017530464465353654,0.003499869821169274,0
16983,1462,14,0.098194,490970,0.09784306015801152,0.012037681360027525,0.0003509398419884874,0,0.09634537200114471,0.0009846262810249483,0.0018486279988552956,0,0.0995326869977882,0.002528852699746799,0.001338686997788191,0
16983,1462,15,0.1017996,508998,0.10364463854570564,0.010574138693195474,0.0018450385457056406,0,0.09910009866415395,0.0009910955970409358,0.0026995013358460523,0,0.09970086374381969,0.0018008150111848756,0.002098736256180317,0
16983,1462,16,0.1018624,509312,0.1031993805954126,0.009709069991482383,0.0013369805954125957,0,0.0991993355884693,0.0008845815069320173,0.002663064411530705,0,0.09632579562285778,0.0021634109790963367,0.005536604377142221,0
16983,1462,17,0.0964274,482137,0.0956608027259077,0.007366316221135677,0.0007665972740922983,0,0.09470267779724764,0.0013283634748607485,0.0017247222027523545,0,0.08628810591148568,0.0020844619043543277,0.010139294088514314,0
16983,1462,18,0.0762608,381304,0.07324535325020255,0.007697853141455815,0.0030154467497974513,0,0.07663349327507929,0.0014948544961233556,0.00037269327507928607,0,0.06301163147795401,0.0014255485940420356,0.013249168522045995,0
16983,1462,19,0.001792,8960,0.00138515931815167,0.0011722407358641701,0.0004068406818483301,4,0.006373764480057852,0.0003694699774939279,0.004581764480057851,0,0.007939222978912402,0.00019994021717690421,0.006147222978912402,0
16983,1462,20,3.42e-05,171,0.0,0.0,3.42e-05,20,0.0001417711845037104,4.225042248698794e-05,0.0001075711845037104,0,9.017169856546288e-05,1.0539940859917985e-05,5.5971698565462884e-05,0
16983,1648,1,4e-07,2,0.0,0.0,4e-07,20,9.80852334433078e-07,3.695049036961857e-07,5.808523344330781e-07,0,2.3192062440058428e-06,5.394846523560805e-07,1.919206244005843e-06,0
16983,1648,2,5.58e-05,279,1.0897277425919694e-05,4.873410618806073e-05,4.490272257408031e-05,19,0.0001437912070937762,2.7237594406707476e-05,8.79912070937762e-05,0,0.00016621881150495502,1.4553707670410223e-05,0.00011041881150495502,0
16983,1648,3,0.0016998,8499,0.0007570791260714261,0.0008473950439706308,0.0009427208739285739,8,0.0032379404080028324,0.0002091339498772968,0.0015381404080028324,0,0.0034386156155298006,0.0001087403994002587,0.0017388156155298006,0
16983,1648,4,0.0187568,93784,0.018102935368650895,0.0038589756671491412,0.0006538646313491055,0,0.02312956901663504,0.0005336935793552472,0.004372769016635039,0,0.02032787339496439,0.0005172935165218429,0.0015710733949643903,0
16983,1648,5,0.049083,245415,0.04953940821290281,0.007094114443911832,0.0004564082129028049,0,0.05070298516235912,0.0010219022654994903,0.0016199851623591166,0,0.047030024673587606,0.0011174297461084982,0.0020529753264123957,0
16983,1648,6,0.069348,346740,0.06893803777572123,0.006109917941373784,0.00040996222427877593,0,0.07009207885888441,0.0009920036984816525,0.0007440788588844033,0,0.06775749059846711,0.001214552179682362,0.001590509401532894,0
16983,1648,7,0.0829766,414883,0.08535826670956688,0.006311399048544882,0.002381666709566882,0,0.08252947549129182,0.0009908479784911872,0.0004471245087081799,0,0.08291591443439958,0.0012883921853141988,6.068556560041849e-05,0
16983,1648,8,0.0912144,456072,0.08781288560823008,0.004962848698910967,0.0034015143917699164,0,0.08940928591625993,0.0008673710310572207,0.001805114083740067,0,0.0907343644101444,0.0016809652421222862,0.0004800355898555986,0
16983,1648,9,0.095674,478370,0.09575325367830065,0.009285951903219942,7.925367830065311e-05,0,0.09249756487426655,0.0009068562845616284,0.0031764351257334428,0,0.0951083012483954,0.0015469719814955158,0.0005656987516046014,0
16983,1648,10,0.0954918,477459,0.09681820763400448,0.009214402412662345,0.0013264076340044756,0,0.09253095642070064,0.0010382627890477474,0.002960843579299363,0,0.09744006155265243,0.0017374357887788032,0.0019482615526524305,0
16983,1648,11,0.0926428,463214,0.09199792756632909,0.008053535194023026,0.0006448724336709094,0,0.08973288513214236,0.0011066755761402578,0.0029099148678576325,0,0.0946208256112626,0.0013752649909468946,0.0019780256112626043,0
16983,1648,12,0.0869174,434587,0.08662985235130442,0.00947210278499076,0.00028754764869558247,0,0.08495220270536896,0.0011412300371081185,0.0019651972946310436,0,0.08874442534427021,0.0016489973321093942,0.0018270253442702056,0
16983,1648,13,0.0790722,395361,0.07938225199079983,0.008583723930997406,0.0003100519907998367,0,0.07848495021368618,0.0008507345986290537,0.0005872497863138176,0,0.08132138731005287,0.0013772447399888956,0.002249187310052872,0
16983,1648,14,0.0707128,353564,0.06880209219990288,0.009132395851573799,0.001910707800097125,0,0.07065160079551085,0.0007771191799707337,6.119920448915961e-05,0,0.0710960058567038,0.0016662521388054992,0.0003832058567037888,0
16983,1648,15,0.0605136,302568,0.06092731527192904,0.005364739562770338,0.00041371527192903684,0,0.06135893317982625,0.0007526732276139721,0.0008453331798262478,0,0.059751516984119,0.001180743858793322,0.0007620830158810016,0
16983,1648,16,0.0490262,245131,0.050030453618953495,0.006121418125982176,0.0010042536189534962,0,0.05045102195345721,0.0005882758728526905,0.0014248219534572087,0,0.04719573383874819,0.001169181561266592,0.0018304661612518064,0
16983,1648,17,0.036165,180825,0.03750919407136267,0.005111813725982791,0.0013441940713626657,0,0.037594707945902854,0.0007258320475262127,0.0014297079459028514,0,0.033012776291042004,0.0008921705485259657,0.003152223708957999,0
16983,1648,18,0.020447,102235,0.017432650899575616,0.0026282314259920936,0.0030143491004243836,0,0.021668996128717335,0.000532347368163909,0.001221996128717335,0,0.017358197386133,0.000532040779714314,0.0030888026138670005,0
16983,1648,19,0.0002002,1001,7.748633060495952e-05,0.00022230675321369706,0.00012271366939504047,17,0.0008202935511686767,7.250838661233617e-05,0.0006200935511686767,0,0.001967722328008885,6.93967850986607e-05,0.0017675223280088851,0
16983,1648,20,2.2e-06,11,0.0,0.0,2.2e-06,20,9.780186390759478e-06,4.291565664527912e-06,7.580186390759478e-06,0,1.0225103769757054e-05,1.8739886572177565e-06,8.025103769757054e-06,0
16983,2051,1,2e-07,1,0.0,0.0,2e-07,20,2.9386575120735518e-08,1.565198083105462e-08,1.7061342487926448e-07,0,1.347257155003465e-07,4.669289074054445e-08,6.527428449965349e-08,0
16983,2051,2,3.4e-06,17,0.0,0.0,3.4e-06,20,9.470281665330912e-06,2.6565743450763927e-06,6.070281665330912e-06,0,1.674921992011284e-05,2.093951644613791e-06,1.334921992011284e-05,0
16983,2051,3,0.0002124,1062,7.331546394055116e-06,2.244195779605787e-05,0.0002050684536059449,17,0.00037144583874026515,3.423057881629634e-05,0.00015904583874026514,0,0.0005348483939626625,2.2525573206301016e-05,0.0003224483939626625,0
16983,2051,4,0.0036472,18236,0.002528686320623066,0.001757649787874886,0.0011185136793769343,1,0.004254816818083538,0.00013985451983637836,0.000607616818083538,0,0.0040342296738106725,0.00014380007619044314,0.0003870296738106723,0
16983,2051,5,0.0124656,62328,0.011687598162411546,0.002649976582391812,0.0007780018375884538,0,0.01300299400369637,0.00034099169028265494,0.0005373940036963697,0,0.012100762372108238,0.00037090012362158613,0.0003648376278917627,0
16983,2051,6,0.0228728,114364,0.02313345411847234,0.004393863382974458,0.0002606541184723421,0,0.02331543394150922,0.0004855151853006769,0.0004426339415092226,0,0.02252342313003259,0.0004855100859692454,0.0003493768699674091,0
16983,2051,7,0.0335324,167662,0.03339156062419886,0.00588305265733807,0.00014083937580113698,0,0.034316713077993596,0.0005432504222838973,0.0007843130779935995,0,0.034255681854422675,0.0006225227842260005,0.0007232818544226777,0
16983,2051,8,0.0447376,223688,0.04302439660725899,0.005376107464696581,0.0017132033927410098,0,0.045166217657266396,0.0005644928056989808,0.0004286176572663933,0,0.045568607125176054,0.001026354075898968,0.0008310071251760517,0
16983,2051,9,0.0555542,277771,0.056211761832725485,0.006504352683945984,0.0006575618327254867,0,0.05569450359219339,0.0006696414382481803,0.0001403035921933929,0,0.05743760519544383,0.0009503314989927254,0.0018834051954438324,0
16983,2051,10,0.0658472,329236,0.06632020863860838,0.006828465981421493,0.0004730086386083854,0,0.06591573216999351,0.0007468232233370598,6.853216999351541e-05,0,0.0699216165961192,0.0011929781419753615,0.004074416596119207,0
16983,2051,11,0.0759584,379792,0.07805660500083697,0.007421100179209437,0.002098205000836975,0,0.07542934689663414,0.0009311740560374791,0.0005290531033658591,0,0.08030952241762482,0.001233463853562857,0.0043511224176248225,0
16983,2051,12,0.0846922,423461,0.08467413019122687,0.008675463650994832,1.806980877312736e-05,0,0.08402936991109766,0.0010482890031983116,0.0006628300889023331,0,0.08951321045538105,0.0017286823583545345,0.004821010455381053,0
16983,2051,13,0.0929986,464993,0.09325306600198022,0.006831534050283863,0.0002544660019802164,0,0.09186542074241541,0.001016779162260272,0.0011331792575845906,0,0.09760824214202055,0.0017854153343763463,0.004609642142020545,0
16983,2051,14,0.1003934,501967,0.10085574768665166,0.009307430434089294,0.0004623476866516679,0,0.09869933622306001,0.0010149125390516555,0.0016940637769399802,0,0.10236165478896579,0.0026357960465893406,0.001968254788965798,0
16983,2051,15,0.1061428,530714,0.10796128048670799,0.010371603520376181,0.0018184804867079907,0,0.103654629845552,0.0010436884138544835,0.002488170154447994,0,0.10473285960143312,0.0018837419374362946,0.0014099403985668724,0
16983,2051,16,0.109458,547290,0.10676235901969804,0.009320695619450387,0.0026956409803019638,0,0.10608773474074458,0.0009353610906873346,0.00337026525925542,0,0.10347750290931804,0.002318270813469955,0.005980497090681963,0
16983,2051,17,0.106333,531665,0.10287251299170878,0.007218420013030433,0.003460487008291213,0,0.10386379909237926,0.0014190052159487087,0.0024692009076207333,0,0.09501790252625109,0.002276232123016359,0.011315097473748911,0
16983,2051,18,0.0831704,415852,0.08394740766896472,0.0071231143608035995,0.0007770076689647132,0,0.08658519425450055,0.0016646450743445125,0.0034147942545005444,0,0.07140568354549569,0.00157565048047689,0.011764716454504318,0
16983,2051,19,0.0019374,9687,0.001142217964236908,0.0009105411124117232,0.0007951820357630919,4,0.007565379480898716,0.0004294269956347739,0.005627979480898717,0,0.009072001496041522,0.00022356689815623997,0.007134601496041522,0
16983,2051,20,4.28e-05,214,0.0,0.0,4.28e-05,20,0.00017243204498115257,5.069762537116642e-05,0.00012963204498115256,0,0.00010776183075667221,1.2340874591284591e-05,6.496183075667221e-05,0
16986,176,1,0.0539022,269511,0.05105194285115472,0.004636501818975709,0.0028502571488452783,0,0.07614614189536519,0.0016950312682846363,0.022243941895365188,0,0.04467948116500192,0.00173645321155786,0.009222718834998075,0
16986,176,2,0.1540328,770164,0.15416708435898113,0.011228602257953342,0.0001342843589811349,0,0.1492228494042648,0.002195646810456982,0.004809950595735191,0,0.12788585430761992,0.0030936517039203376,0.026146945692380075,0
16986,176,3,0.1971968,985984,0.19687266960992683,0.011555615456408692,0.000324130390073174,0,0.1744644705090352,0.0018175000513218542,0.022732329490964792,0,0.16754811563953498,0.0035837397593745783,0.029648684360465027,0
16986,176,4,0.1842918,921459,0.18664902719982152,0.009395485282664187,0.00235722719982151,0,0.16851982043532637,0.0011434935417178687,0.015771979564673633,0,0.17111587458466088,0.0038344278462267667,0.01317592541533913,0
16986,176,5,0.149684,748420,0.14791341395965815,0.010100682148455884,0.0017705860403418594,0,0.14644401933588022,0.0013534089923477894,0.0032399806641197904,0,0.15492074396212932,0.0021607929042523183,0.005236743962129309,0
16986,176,6,0.1120734,560367,0.11175409172130402,0.007535192790140016,0.0003193082786959872,0,0.11608304112010537,0.0011863364500912092,0.0040096411201053644,0,0.12673413784273097,0.0028658441442489806,0.014660737842730961,0
16986,176,7,0.0763938,381969,0.07761381284452067,0.010147829498101784,0.0012200128445206682,0,0.0823184806137191,0.001351397181232623,0.005924680613719105,0,0.09429983222346719,0.0015603818578039121,0.01790603222346719,0
16986,176,8,0.0436624,218312,0.04365514517908185,0.004989550461978135,7.254820918144167e-06,0,0.04926153818624472,0.0009852794163878464,0.0055991381862447245,0,0.062008500521819276,0.0015776320492467604,0.01834610052181928,0
16986,176,9,0.0174996,87498,0.016088362172290132,0.003422385864255923,0.0014112378277098686,0,0.022595361586571914,0.0007590471585450809,0.005095761586571913,0,0.032261904793474364,0.0010291093729663525,0.014762304793474363,0
16986,176,10,0.0068784,34392,0.006281106364519918,0.002737099228626289,0.0005972936354800814,0,0.00929740442215794,0.00034680061516293283,0.0024190044221579395,0,0.011931894141947452,0.0005764137971583646,0.0050534941419474524,0
16986,176,11,0.002668,13340,0.002005445095276406,0.0018019957074221695,0.0006625549047235939,1,0.0036129820868405923,0.0001549460756661237,0.0009449820868405925,0,0.004285586927928554,0.00019017148330253755,0.0016175869279285546,0
16986,176,12,0.0010638,5319,0.0011610033157939952,0.0014902324454817398,9.720331579399525e-05,7,0.0013359101865118073,8.017540932477275e-05,0.0002721101865118074,0,0.0015435624667705825,7.685741089961338e-05,0.0004797624667705826,0
16986,176,13,0.0004174,2087,0.0003539254374843036,0.000512811213484798,6.34745625156964e-05,11,0.000470754868732261,2.3325405750484753e-05,5.335486873226102e-05,0,0.0005370237471446586,3.527699024251148e-05,0.0001196237471446586,0
16986,176,14,0.0001544,772,2.6441743790338144e-05,8.195575289557871e-05,0.00012795825620966187,17,0.0001593197086052095,8.601197955905287e-06,4.919708605209488e-06,0,0.00017611200435825066,8.433329107769054e-06,2.1712004358250643e-05,0
16986,176,15,5.84e-05,292,8.004330884939663e-06,3.0116985133923704e-05,5.039566911506034e-05,18,4.933306554850445e-05,2.8638951155627293e-06,9.06693445149555e-06,0,5.357640521536953e-05,2.893198434284883e-06,4.823594784630474e-06,0
16986,176,16,1.86e-05,93,0.0,0.0,1.86e-05,20,1.3604174551945584e-05,1.112520695223455e-06,4.995825448054417e-06,0,1.4136737346138341e-05,9.71281666427101e-07,4.46326265386166e-06,0
16986,176,17,3.8e-06,19,0.0,0.0,3.8e-06,20,3.1440443583093687e-06,2.4602313450455044e-07,6.559556416906314e-07,0,3.0959710423703654e-06,2.453075488008681e-07,7.040289576296346e-07,0
16986,176,18,4e-07,2,0.0,0.0,4e-07,20,5.445285285806851e-07,6.400699119580746e-08,1.4452852858068512e-07,0,5.123995275476715e-07,4.522375791813694e-08,1.1239952754767155e-07,0
16986,176,19,0,0,0.0,0.0,0.0,20,5.4523331636941e-08,1.0802302800782829e-08,5.4523331636941e-08,0,5.214046302290235e-08,7.0522247669703735e-09,5.214046302290235e-08,0
16986,176,20,0,0,0.0,0.0,0.0,20,1.6929567593933703e-09,1.367095529494324e-09,1.6929567593933703e-09,0,2.0178171893054256e-09,6.368806135489354e-10,2.0178171893054256e-09,0
16986,366,1,1.6e-06,8,0.0,0.0,1.6e-06,20,1.2724161475114661e-06,2.200668595552751e-07,3.275838524885338e-07,0,9.732066578647482e-07,8.503132131345893e-08,6.267933421352517e-07,0
16986,366,2,1.94e-05,97,0.0,0.0,1.94e-05,20,1.868978443690394e-05,1.439324327170998e-06,7.102155630960614e-07,0,1.4087862168842014e-05,9.769140421004096e-07,5.312137831157987e-06,0
16986,366,3,8.78e-05,439,1.531587223012956e-05,4.797429500488433e-05,7.248412776987044e-05,18,0.0001055743617541367,6.086642359450262e-06,1.7774361754136693e-05,0,8.537582723889132e-05,4.9145248237107115e-06,2.4241727611086847e-06,0
16986,366,4,0.0003656,1828,8.366870650896666e-05,0.00016501848733544068,0.00028193129349103336,15,0.00042365669629125557,2.6136476672512807e-05,5.805669629125557e-05,0,0.00036000375153043984,1.932034627817205e-05,5.596248469560158e-06,0
16986,366,5,0.0011114,5557,0.00045145345507348973,0.00047030203040829857,0.0006599465449265103,8,0.0013880110743454007,5.671043382875735e-05,0.00027661107434540067,0,0.001234132732642431,4.282045284929497e-05,0.00012273273264243106,0
16986,366,6,0.0030594,15297,0.002194095222420366,0.0017060159709403832,0.0008653047775796338,3,0.004006677984286708,0.00015481704566883443,0.000947277984286708,0,0.0037396097213014123,0.00014378654052314737,0.0006802097213014125,0
16986,366,7,0.0077828,38914,0.007137349072582162,0.0023807882038775,0.0006454509274178384,0,0.010298142746474255,0.0003872437274599146,0.002515342746474255,0,0.01042661311627871,0.00039336540944744065,0.00264381311627871,0
16986,366,8,0.0192246,96123,0.020439179389723144,0.004793023260933892,0.001214579389723143,0,0.023412185193602546,0.0005513905637861485,0.004187585193602544,0,0.02657536207904569,0.0007371784484834683,0.007350762079045687,0
16986,366,9,0.0439656,219828,0.043171380343679774,0.007335882312897414,0.0007942196563202261,0,0.04557745568320227,0.0008300303120884766,0.001611855683202268,0,0.05019055316661528,0.0013095989937796425,0.006224953166615282,0
16986,366,10,0.0671874,335937,0.0692639696437265,0.0069900038728008965,0.002076569643726503,0,0.06863647568658884,0.001199672854498553,0.0014490756865888493,0,0.07242651320828071,0.001590171745074399,0.005239113208280716,0
16986,366,11,0.0876676,438338,0.0883774225225797,0.0076582941094661535,0.0007098225225797006,0,0.0885645233181194,0.00119253756745593,0.0008969233181193997,0,0.0923281780845825,0.0020304688793907084,0.004660578084582506,0
16986,366,12,0.1054002,527001,0.10604386047324646,0.01038223091650228,0.0006436604732464601,0,0.10439991048043888,0.001545171602366424,0.0010002895195611178,0,0.10853236284700077,0.0017819200824905,0.003132162847000769,0
16986,366,13,0.1191386,595693,0.11790864262983107,0.008200337514151406,0.001229957370168927,0,0.11545032247060376,0.0012877092640966718,0.003688277529396239,0,0.12033408665686603,0.002285447026627082,0.0011954866568660294,0
16986,366,14,0.1280982,640491,0.1276731637546175,0.00931826883257597,0.00042503624538248186,0,0.12064162699531814,0.0012869013752578725,0.00745657300468186,0,0.12525078508762938,0.0019223117278362037,0.002847414912370616,0
16986,366,15,0.1277544,638772,0.12412575927507422,0.008131217202031948,0.0036286407249257746,0,0.1189993955939096,0.00145483120958465,0.008755004406090394,0,0.12107494621756557,0.002093305592576264,0.006679453782434425,0
16986,366,16,0.1142864,571432,0.11675954738274148,0.0074661037717071305,0.0024731473827414863,0,0.10892958517254163,0.0014318218827524423,0.005356814827458367,0,0.10615032766932145,0.0026362832067944987,0.008136072330678548,0
16986,366,17,0.089791,448955,0.09093076269393584,0.00781846067778169,0.0011397626939358418,0,0.08942573798109542,0.0011545953918073058,0.00036526201890457743,0,0.08280695800521996,0.0015200922285716547,0.0069840419947800325,0
16986,366,18,0.0564326,282163,0.05333713620297178,0.005897993746763341,0.003095463797028221,0,0.061633179103389044,0.001088279862815017,0.005200579103389044,0,0.05205608921073741,0.0011271041548067484,0.004376510789262586,0
16986,366,19,0.0241296,120648,0.024508556129388206,0.004918083513770019,0.00037895612938820475,0,0.030877709929793756,0.0008420043079656287,0.0067481099297937545,0,0.022475385639910174,0.0008437388657470548,0.001654214360089827,0
16986,366,20,0.0044958,22479,0.0035879184436526587,0.0026523030634289842,0.0009078815563473416,0,0.007209866803610564,0.00037704276926173543,0.0027140668036105637,0,0.003937655909406581,0.00028364625453792104,0.000558144090593419,0
16986,396,1,0.012993,64965,0.011018022755753535,0.0028155109468917055,0.0019749772442464644,0,0.019510982851232633,0.0006480833014641476,0.006517982851232633,0,0.011144895200930198,0.0005324659402828349,0.0018481047990698014,0
16986,396,2,0.0515552,257776,0.05129424183405014,0.004410714285195575,0.0002609581659498636,0,0.0582692869186795,0.0010232067715917803,0.006714086918679495,0,0.04576900701423568,0.001196880003691358,0.00578619298576432,0
16986,396,3,0.0922344,461172,0.09042190693003221,0.0087447268725005,0.00181249306996778,0,0.09556519148073658,0.001508580748220584,0.003330791480736589,0,0.08364048748701039,0.002017913477244042,0.008593912512989604,0
16986,396,4,0.1264894,632447,0.12643242761219525,0.008215583733056779,5.6972387804749e-05,0,0.12485523739243334,0.0011098343461695829,0.0016341626075666582,0,0.116058040595864,0.00275662060640365,0.010431359404136004,0
16986,396,5,0.1517662,758831,0.15132785682384725,0.009628091207699835,0.000438343176152739,0,0.14409733203167321,0.0011592638871168943,0.007668867968326776,0,0.1393346908269118,0.0018771619886721635,0.01243150917308819,0
16986,396,6,0.1622406,811203,0.16811866826490718,0.007600245844965981,0.005878068264907166,0,0.15072330858869595,0.0014849815769466819,0.01151729141130406,0,0.15022822836769611,0.002869136282531659,0.012012371632303898,0
16986,396,7,0.1541456,770728,0.15197846736815396,0.010129964457225433,0.002167132631846036,0,0.1414875235713537,0.0016826498221721175,0.012658076428646303,0,0.14749027011932234,0.002217256539197311,0.006655329880677657,0
16986,396,8,0.1210882,605441,0.11898946363932787,0.010921330937615421,0.002098736360672121,0,0.11405095313984207,0.0015046367905233661,0.007037246860157928,0,0.12914542440463955,0.0024034872795640795,0.00805722440463956,0
16986,396,9,0.06359,317950,0.06279390410012319,0.005037314578014209,0.0007960958998768086,0,0.07273295525925863,0.0017559148713019183,0.009142955259258637,0,0.08995010941260789,0.0022736782598150964,0.0263601094126079,0
16986,396,10,0.0321196,160598,0.03349228320502322,0.005210164922390734,0.0013726832050232202,0,0.04026036070793484,0.0011383373829360582,0.00814076070793484,0,0.046071624134380165,0.0017498802226977932,0.013952024134380167,0
16986,396,11,0.0163474,81737,0.017335427804344695,0.0032062344549805377,0.000988027804344694,0,0.020614611259253433,0.0005859873830221693,0.004267211259253431,0,0.022364371212726195,0.0007120468867711619,0.006016971212726194,0
16986,396,12,0.008289,41445,0.006790983825651309,0.002531579047237994,0.0014980161743486905,0,0.009977796436660583,0.00038859708497492257,0.0016887964366605838,0,0.010652909468562375,0.00036851894420894646,0.0023639094685623755,0
16986,396,13,0.0040346,20173,0.0034528122599506057,0.0014903806775101126,0.0005817877400493944,0,0.004607670788883531,0.00014001025577176622,0.0005730707888835307,0,0.004854677484040752,0.00021750043685825254,0.0008200774840407517,0
16986,396,14,0.0018902,9451,0.0013854909255462252,0.0015840435141770708,0.0005047090744537748,4,0.0020209811750172496,7.284466423877552e-05,0.00013078117501724956,0,0.0020862712745900133,6.462778368011104e-05,0.0001960712745900132,0
16986,396,15,0.0008032,4016,0.00040926269612057327,0.0004759138335555796,0.00039393730387942674,8,0.0008163780129620168,3.397168633161154e-05,1.3178012962016743e-05,0,0.0008230142773955118,3.253745633672411e-05,1.9814277395511777e-05,0
16986,396,16,0.0002992,1496,2.4227498168105207e-05,6.598079433511391e-05,0.0002749725018318948,17,0.00029507684064652377,1.6027741268543957e-05,4.1231593534762434e-06,0,0.0002837706648106051,1.4467261134604197e-05,1.542933518939492e-05,0
16986,396,17,8.9e-05,445,3.5697941401321266e-06,1.596460472603169e-05,8.543020585986786e-05,19,9.033574840802928e-05,4.650838465926098e-06,1.3357484080292887e-06,0,8.178525911643605e-05,4.257996748905838e-06,7.214740883563947e-06,0
16986,396,18,2.24e-05,112,0.0,0.0,2.24e-05,20,2.0883132652526394e-05,1.7026034796304579e-06,1.516867347473605e-06,0,1.7888173657881497e-05,1.1598540165748952e-06,4.511826342118502e-06,0
16986,396,19,2.8e-06,14,0.0,0.0,2.8e-06,20,2.9340739382027845e-06,3.6447942734859305e-07,1.3407393820278458e-07,0,2.4104989448926457e-06,2.442519741492415e-07,3.895010551073542e-07,0
16986,396,20,0,0,0.0,0.0,0.0,20,1.357303040602043e-07,6.108635928760247e-08,1.357303040602043e-07,0,1.2412255703546298e-07,2.94964804828853e-08,1.2412255703546298e-07,0
16986,408,1,0.6913576,3456788,0.6924946295610159,0.008943915416240698,0.001137029561015912,0,0.5761363236972934,0.007628841651581668,0.11522127630270662,0,0.4250813368620543,0.00778955519133288,0.2662762631379457,0
16986,408,2,0.187521,937605,0.1821455119228988,0.007667016244032104,0.005375488077101198,0,0.24877018852435456,0.005095021733255283,0.06124918852435457,0,0.3271599543672238,0.008938194439588126,0.1396389543672238,0
16986,408,3,0.0699818,349909,0.06907783636002227,0.007911790424224168,0.0009039636399777312,0,0.10210440241201332,0.0027532039124657506,0.032122602412013326,0,0.1450837872782313,0.004374528333516033,0.0751019872782313,0
16986,408,4,0.0296938,148469,0.030633168287659912,0.004224506454206632,0.0009393682876599127,0,0.04265969920374952,0.0010040615115556365,0.01296589920374952,0,0.06049416835849204,0.002250072021647677,0.030800368358492043,0
16986,408,5,0.0129218,64609,0.014641231699738688,0.0033382389720731567,0.0017194316997386876,0,0.01766650783274212,0.0005767835895120584,0.004744707832742119,0,0.025728842535287594,0.0006850502387574592,0.012807042535287593,0
16986,408,6,0.0054996,27498,0.004503483499376462,0.0026213372056774083,0.0009961165006235383,0,0.0071025327580362535,0.00022907184433097784,0.0016029327580362532,0,0.010515529361583648,0.0004369880122767381,0.005015929361583647,0
16986,408,7,0.0021576,10788,0.0014426505767535058,0.0011376642045298434,0.0007149494232464942,1,0.0025794565751886033,9.678229697748215e-05,0.0004218565751886033,0,0.004087332163330906,0.00016863519886847872,0.001929732163330906,0
16986,408,8,0.0006908,3454,0.0004248274854012356,0.0006802685376865979,0.0002659725145987644,10,0.0007711786135342413,3.4955627830042654e-05,8.03786135342413e-05,0,0.0013959149116743092,6.725672211861861e-05,0.0007051149116743092,0
16986,408,9,0.000139,695,0.0,0.0,0.000139,20,0.00016312245989670769,1.2330088979134511e-05,2.4122459896707695e-05,0,0.00037387257499720526,2.1976946773851454e-05,0.00023487257499720527,0
16986,408,10,3e-05,150,0.0,0.0,3e-05,20,3.460239061087193e-05,2.654619797617287e-06,4.602390610871926e-06,0,6.460976693027881e-05,6.332095579105616e-06,3.460976693027881e-05,0
16986,408,11,6e-06,30,0.0,0.0,6e-06,20,7.33676027161097e-06,7.183618242104265e-07,1.33676027161097e-06,0,1.1812841118773827e-05,1.1306168791718358e-06,5.812841118773826e-06,0
16986,408,12,8e-07,4,0.0,0.0,8e-07,20,1.5365510602161223e-06,2.2443742244319417e-07,7.365510602161224e-07,0,2.287249610407965e-06,2.445510834161597e-07,1.487249610407965e-06,0
16986,408,13,0,0,0.0,0.0,0.0,20,3.01045050173976e-07,4.213910297634794e-08,3.01045050173976e-07,0,4.5146264491597e-07,6.806556500693813e-08,4.5146264491597e-07,0
16986,408,14,0,0,0.0,0.0,0.0,20,5.9569436472641085e-08,6.8880421989273275e-09,5.9569436472641085e-08,0,8.277078848735713e-08,1.078989419299535e-08,8.277078848735713e-08,0
16986,408,15,0,0,0.0,0.0,0.0,20,1.0807992469018942e-08,1.504117712873116e-09,1.0807992469018942e-08,0,1.4859160832361762e-08,1.5912586464037375e-09,1.4859160832361762e-08,0
16986,408,16,2e-07,1,0.0,0.0,2e-07,20,1.729613910828885e-09,2.8749804005332874e-10,1.9827038608917111e-07,0,2.3110210089609043e-09,3.3166786214296423e-10,1.9768897899103907e-07,0
16986,408,17,0,0,0.0,0.0,0.0,20,2.307244600023605e-10,4.0673580269875435e-11,2.307244600023605e-10,0,2.9545332217353716e-10,4.8328217616653086e-11,2.9545332217353716e-10,0
16986,408,18,0,0,0.0,0.0,0.0,20,2.3280822063617843e-11,5.34754810427409e-12,2.3280822063617843e-11,0,2.860936872550219e-11,5.181231065205411e-12,2.860936872550219e-11,0
16986,408,19,0,0,0.0,0.0,0.0,20,1.2601051871704727e-12,7.362366951100579e-13,1.2601051871704727e-12,0,1.74720481152978e-12,4.3641002520700757e-13,1.74720481152978e-12,0
16986,408,20,0,0,0.0,0.0,0.0,20,1.9306408023513572e-14,3.716886650668727e-14,1.9306408023513572e-14,0,4.039512121860115e-14,2.9573380067354595e-14,4.039512121860115e-14,0
16986,658,1,1e-06,5,0.0,0.0,1e-06,20,5.749114451657523e-07,1.108602854292041e-07,4.2508855483424767e-07,0,4.622232917591081e-07,4.327476960706797e-08,5.377767082408919e-07,0
16986,658,2,8e-06,40,0.0,0.0,8e-06,20,9.44146603185481e-06,8.19288781564359e-07,1.4414660318548102e-06,0,7.2404539351995405e-06,5.472283394415699e-07,7.595460648004592e-07,0
16986,658,3,5.96e-05,298,8.303017281611756e-06,3.71322221200788e-05,5.1296982718388244e-05,19,5.798816318704167e-05,3.741639269850415e-06,1.611836812958332e-06,0,4.747926103038692e-05,2.9851964948429867e-06,1.212073896961308e-05,0
16986,658,4,0.0002106,1053,8.905233518413205e-05,0.00023555378310469066,0.00012154766481586795,16,0.0002507395309987056,1.704217353871652e-05,4.013953099870561e-05,0,0.0002151056428497375,1.228415778763846e-05,4.505642849737498e-06,0
16986,658,5,0.0007028,3514,0.00042902494975685093,0.0006068917445953221,0.000273775050243149,9,0.0008790117042816643,3.954577127103882e-05,0.00017621170428166436,0,0.0007894600293956065,3.0353379365991575e-05,8.666002939560651e-05,0
16986,658,6,0.0020492,10246,0.0014944326080163558,0.0010581361878937027,0.0005547673919836444,1,0.0027043476099565516,0.00011488677908651943,0.0006551476099565514,0,0.0025533284034717206,0.00010505432947065929,0.0005041284034717204,0
16986,658,7,0.0056094,28047,0.005489709531595869,0.0024272350002429058,0.00011969046840413101,0,0.00738327909354564,0.0002946593215338206,0.0017738790935456408,0,0.007588410517401653,0.00030234357789718047,0.0019790105174016534,0
16986,658,8,0.0146026,73013,0.014220377694479366,0.004174754786624009,0.0003822223055206346,0,0.017812931424978737,0.00044910294704912147,0.0032103314249787365,0,0.020594724085910045,0.0006069644722347681,0.005992124085910044,0
16986,658,9,0.0349878,174939,0.03450797862900366,0.005392045874505592,0.00047982137099633615,0,0.036860526307867805,0.0007208609314320336,0.0018727263078678058,0,0.040995255378589,0.0011202467748179813,0.006007455378589002,0
16986,658,10,0.05654,282700,0.056242252593221784,0.006137679149494926,0.00029774740677821626,0,0.05846655373464057,0.0010754647218561876,0.0019265537346405681,0,0.062196923452844034,0.0013735620810092005,0.005656923452844034,0
16986,658,11,0.077177,385885,0.07786253028457887,0.005903634421533391,0.000685530284578878,0,0.07898307986994685,0.00111313699355606,0.0018060798699468528,0,0.08300031296251517,0.0019201183633962829,0.005823312962515176,0
16986,658,12,0.096611,483055,0.09503249103279972,0.008012932132796696,0.0015785089672002844,0,0.09713662709381485,0.0015332002904880975,0.0005256270938148455,0,0.101740351333561,0.0016939424180465105,0.0051293513335610025,0
16986,658,13,0.1147252,573626,0.11752699652541247,0.012095074998624916,0.0028017965254124727,0,0.11178775932366085,0.0012743279976122194,0.002937440676339151,0,0.11747862975627874,0.0022368686395287996,0.0027534297562787358,0
16986,658,14,0.1285008,642504,0.12684662632580704,0.009687659283697057,0.0016541736741929602,0,0.12148426344172787,0.001310691158841368,0.007016536558272127,0,0.1271903805565841,0.00201167622754926,0.0013104194434158944,0
16986,658,15,0.1337948,668974,0.13337167652822352,0.011029674561756117,0.00042312347177647647,0,0.12459864370321647,0.0014492237967294445,0.009196156296783525,0,0.127914614781517,0.002202844220472333,0.005880185218482992,0
16986,658,16,0.1249544,624772,0.12314420673453945,0.010475821926260129,0.001810193265460544,0,0.11869291849816341,0.0014852226414927905,0.0062614815018365855,0,0.11675216905946031,0.0028786796019757057,0.008202230940539679,0
16986,658,17,0.102452,512260,0.1038100035490811,0.009673408956459423,0.0013580035490810966,0,0.10154789057003351,0.0012641976191610418,0.0009041094299664931,0,0.09499987040900514,0.0017271510936218673,0.007452129590994866,0
16986,658,18,0.0680598,340299,0.06736749075364708,0.006411175686687995,0.0006923092463529262,0,0.07321974185452329,0.0012133147781207276,0.005159941854523287,0,0.062436591858853585,0.0012964235252712582,0.0056232081411464185,0
16986,658,19,0.032546,162730,0.03296021604698963,0.004273843684217378,0.00041421604698962944,0,0.03855981719809049,0.0009857287986936802,0.006013817198090493,0,0.028288199223459896,0.001020834747659115,0.004257800776540102,0
16986,658,20,0.006408,32040,0.00532205945032216,0.0019321657171395908,0.0010859405496778394,0,0.009563863562729081,0.0004696974822483298,0.0031558635627290813,0,0.005210490610046378,0.000357792798661369,0.0011975093899536217,0
16986,659,1,3.52e-05,176,0.0,0.0,3.52e-05,20,3.956637696535423e-05,4.737647417223619e-06,4.366376965354228e-06,0,2.6242929220748812e-05,1.961068490372891e-06,8.95707077925119e-06,0
16986,659,2,0.0003708,1854,8.530370740316304e-05,0.00018493176657051526,0.00028549629259683694,16,0.0003975153679257111,1.9204851413035385e-05,2.6715367925711074e-05,0,0.00028703801183587146,1.4815387048933222e-05,8.376198816412855e-05,0
16986,659,3,0.0014468,7234,0.0007526901994263912,0.0006106820994973072,0.0006941098005736089,5,0.0016434861053888149,6.425630003297227e-05,0.00019668610538881482,0,0.0012901900569586464,5.352617355606941e-05,0.0001566099430413536,0
16986,659,4,0.0039248,19624,0.003048231938250617,0.0016892089188723625,0.0008765680617493828,0,0.004883765293903859,0.00019491774665299886,0.0009589652939038587,0,0.004063581862613891,0.00017132815408586128,0.00013878186261389105,0
16986,659,5,0.0092326,46163,0.0089603071578981,0.0024917930527868005,0.00027229284210190073,0,0.011977511549621433,0.00031883311627350073,0.0027449115496214326,0,0.010396471779758176,0.00023655463628468378,0.001163871779758175,0
16986,659,6,0.0196848,98424,0.019049253819268065,0.004320590267149897,0.0006355461807319336,0,0.02588706987721226,0.0006300474878379339,0.006202269877212261,0,0.0233914097979221,0.0006471463666292933,0.0037066097979220995,0
16986,659,7,0.0398632,199316,0.038251989329876716,0.004895094588852185,0.001611210670123285,0,0.04971951413548266,0.0013404342817350467,0.009856314135482658,0,0.04790115192541239,0.0013650497404988585,0.008037951925412387,0
16986,659,8,0.0772294,386147,0.08050686699953814,0.008497757816929939,0.0032774669995381395,0,0.08352353028122414,0.0013718592392650642,0.006294130281224136,0,0.08851892750061167,0.0017628020140906112,0.01128952750061167,0
16986,659,9,0.1361656,680828,0.1393902960184147,0.01033465499244914,0.0032246960184147133,0,0.11706613927624496,0.0016023598196941522,0.01909946072375504,0,0.12514702875880918,0.002662430587806424,0.011018571241190822,0
16986,659,10,0.1460378,730189,0.14022950542855073,0.009977048743337658,0.005808294571449268,0,0.1311625257842295,0.0020370182561064913,0.014875274215770506,0,0.13472886058347022,0.0031505104775903007,0.011308939416529773,0
16986,659,11,0.135724,678620,0.13557938022263133,0.00973585202223616,0.00014461977736868192,0,0.12873538671986418,0.0015674735230792063,0.006988613280135836,0,0.13013112266205878,0.002381519164311472,0.005592877337941227,0
16986,659,12,0.118595,592975,0.12360878910069725,0.007883389848323043,0.005013789100697247,0,0.11670338091364123,0.0015221643379154355,0.0018916190863587784,0,0.11760530338720339,0.001992521653831231,0.0009896966127966172,0
16986,659,13,0.0989896,494948,0.0952389056638035,0.0064763886720704995,0.0037506943361965,0,0.09989991598657946,0.0011620775816709602,0.0009103159865794658,0,0.10035074234177963,0.0021121299996506543,0.0013611423417796281,0
16986,659,14,0.0780254,390127,0.078619475112053,0.010238061640998646,0.0005940751120530052,0,0.08065104332907068,0.0010548696018332227,0.0026256433290706843,0,0.08044812335021406,0.0011845649496736966,0.0024227233502140677,0
16986,659,15,0.057752,288760,0.056927440672989035,0.006747090926562786,0.0008245593270109625,0,0.0610861274392094,0.0011263171308522947,0.003334127439209404,0,0.05945076093356953,0.0011959546271489473,0.0016987609335695347,0
16986,659,16,0.038765,193825,0.03799823337007211,0.004896309319817401,0.0007667666299278897,0,0.042437410464851326,0.0008298008195141192,0.003672410464851325,0,0.039430658244349485,0.0011042839913461327,0.0006656582443494846,0
16986,659,17,0.0231508,115754,0.022530388833499605,0.00401900031044919,0.0006204111665003946,0,0.026029277488904757,0.00048274480883662177,0.0028784774889047578,0,0.022824163134496294,0.0004864889889751285,0.0003266368655037051,0
16986,659,18,0.0109284,54642,0.010483242203268368,0.002148480861459642,0.0004451577967316319,0,0.012970131137562232,0.00036764925720912764,0.002041731137562232,0,0.010440724782817344,0.00031665858829651436,0.00048767521718265545,0
16986,659,19,0.003637,18185,0.003144807597013385,0.001617889281278566,0.0004921924029866152,0,0.004512225257750617,0.0001949529646498197,0.0008752252577506167,0,0.0031797490736304663,0.00015987468242356883,0.0004572509263695338,0
16986,659,20,0.0004418,2209,6.563487316917999e-05,0.00017351137434463371,0.00037616512683082,15,0.0006744772056462709,5.866250810425619e-05,0.00023267720564627088,0,0.0003877488832682561,3.997671464576773e-05,5.40511167317439e-05,0
16986,661,1,1.76e-05,88,0.0,0.0,1.76e-05,20,2.119599625721462e-05,2.639855982057161e-06,3.595996257214619e-06,0,1.4269572539265428e-05,1.0752896897164525e-06,3.330427460734573e-06,0
16986,661,2,0.0001776,888,5.160917400665282e-05,0.00016563592863804498,0.00012599082599334718,16,0.0002223850590609625,1.1524583901346024e-05,4.4785059060962486e-05,0,0.00016142259024407222,8.673189541955378e-06,1.6177409755927788e-05,0
16986,661,3,0.0008426,4213,0.0003970716106349351,0.00043466586650714765,0.00044552838936506487,8,0.0009625965292632689,3.983691575748461e-05,0.00011999652926326888,0,0.0007583504212040397,3.307805491414942e-05,8.424957879596027e-05,0
16986,661,4,0.0025286,12643,0.001974337558846519,0.0014761179897592718,0.0005542624411534812,2,0.0030095938659300716,0.0001306229492158151,0.00048099386593007144,0,0.002509402049697203,0.00011032992094669555,1.9197950302797268e-05,0
16986,661,5,0.0062356,31178,0.005389976003738357,0.0023573216344525915,0.0008456239962616428,0,0.007788704255229016,0.00022571487473673705,0.0015531042552290163,0,0.006777133027791871,0.00016624230189501293,0.0005415330277918707,0
16986,661,6,0.0138712,69356,0.013876361407086233,0.0032113343691437483,5.161407086232833e-06,0,0.01783154571350138,0.0004783405143631099,0.00396034571350138,0,0.01617648155151681,0.00047915699594838735,0.0023052815515168107,0
16986,661,7,0.029054,145270,0.030686208062512117,0.004433713052301595,0.0016322080625121166,0,0.03641587972537515,0.0010616225508158054,0.007361879725375147,0,0.03534196854296327,0.0010718184122953003,0.006287968542963273,0
16986,661,8,0.0581532,290766,0.05720309671820044,0.007749101023465271,0.0009501032817995636,0,0.06539188035195216,0.0011659045165768394,0.007238680351952159,0,0.0700899534920442,0.0015051831803155724,0.011936753492044191,0
16986,661,9,0.1050758,525379,0.10284821492973859,0.010197239642211408,0.002227585070261412,0,0.09881410400056564,0.0014076866606527656,0.006261695999434352,0,0.10594313646653208,0.0023382052355509306,0.0008673364665320871,0
16986,661,10,0.126153,630765,0.12495389934120966,0.009955483746833993,0.0011991006587903225,0,0.11874829952846873,0.00183442839123209,0.007404700471531259,0,0.12235648082592532,0.0027819084690034767,0.0037965191740746695,0
16986,661,11,0.1308322,654161,0.1338282966171276,0.010109592369157958,0.0029960966171276027,0,0.12455357803353843,0.0015012367456302073,0.0062786219664615756,0,0.12647883840036434,0.002357309387880356,0.0043533615996356745,0
16986,661,12,0.1255496,627748,0.12486322910498271,0.008493524161611749,0.000686370895017302,0,0.12048073676578605,0.0015211546498190803,0.005068863234213961,0,0.12201317573275212,0.0020094701147871613,0.003536424267247887,0
16986,661,13,0.1132592,566296,0.11330291907840628,0.007538715100537451,4.371907840627909e-05,0,0.1099682246050419,0.0012244404455069712,0.0032909753949581094,0,0.11116728559207698,0.0022379243504466423,0.002091914407923029,0
16986,661,14,0.0965108,482554,0.09350803485866403,0.008231339310938933,0.0030027651413359613,0,0.09474034094824699,0.0011341088949395302,0.0017704590517530067,0,0.09518469041088054,0.0013745890649182072,0.0013261095891194535,0
16986,661,15,0.0763964,381982,0.07888038531016925,0.007175684214786198,0.0024839853101692455,0,0.07672401929168,0.0012735322155709558,0.0003276192916800008,0,0.0752779885366244,0.0014333546235430275,0.0011184114633756015,0
16986,661,16,0.055065,275325,0.055675552981031676,0.009017364281488076,0.0006105529810316729,0,0.05715795039044136,0.0010057695510727646,0.002092950390441356,0,0.053573003588753575,0.001439268735661838,0.0014919964112464282,0
16986,661,17,0.0351062,175531,0.03541406620813846,0.006358989230078507,0.0003078662081384617,0,0.037733958421911025,0.0006319494455524476,0.002627758421911028,0,0.03342496907354459,0.0006761587805175912,0.0016812309264554043,0
16986,661,18,0.0180492,90246,0.016319686701838386,0.0030891024151079,0.0017295132981616154,0,0.02038828807874535,0.0005133176831325426,0.00233908807874535,0,0.01654134447027868,0.0004604957820352412,0.0015078555297213213,0
16986,661,19,0.006426,32130,0.005748477028743784,0.001657042982122396,0.0006775229712562159,0,0.007757730399669566,0.00030027211543803644,0.0013317303996695654,0,0.005482686494445541,0.00025683817984768005,0.0009433135055544597,0
16986,661,20,0.0006962,3481,0.00048613091806428083,0.00044841389816397916,0.00021006908193571918,6,0.001288988024364799,9.86102284547658e-05,0.000592788024364799,0,0.000727419159821129,6.893075457279705e-05,3.121915982112896e-05,0
16986,662,1,0.0074976,37488,0.0066750470445241916,0.0023232555138568444,0.0008225529554758085,0,0.011416002851636941,0.0004591646376686887,0.003918402851636941,0,0.006478458844235632,0.0003400542971554375,0.0010191411557643679,0
16986,662,2,0.0331848,165924,0.0332748597441187,0.005949633580134303,9.005974411870066e-05,0,0.040678498658441184,0.0007696023971916465,0.0074936986584411835,0,0.031042118353719776,0.000858049958508365,0.0021426816462802242,0
16986,662,3,0.0687982,343991,0.06852399855670717,0.008053658263916777,0.0002742014432928347,0,0.07503371877881346,0.0013479304440383777,0.006235518778813454,0,0.0639310837504577,0.0016195477393646715,0.004867116249542308,0
16986,662,4,0.1049566,524783,0.10549370058351107,0.00754620853099211,0.0005371005835110715,0,0.10752872830793106,0.0011474917660010133,0.0025721283079310625,0,0.09769669346302887,0.002426121638552388,0.007259906536971131,0
16986,662,5,0.137491,687455,0.13635983855252848,0.006683313646780764,0.0011311614474715237,0,0.13423986040279387,0.0011797496643682758,0.003251139597206132,0,0.12710374163338878,0.0017408453193795764,0.010387258366611224,0
16986,662,6,0.1613586,806793,0.15709374753280797,0.008315968061491092,0.004264852467192021,0,0.15074794163697688,0.0015609010557938042,0.010610658363023107,0,0.14735684893668127,0.0027551672096287087,0.014001751063318718,0
16986,662,7,0.1691902,845951,0.17162837483827065,0.01199626077156614,0.0024381748382706347,0,0.15135728995765493,0.0017821291775648996,0.01783291004234508,0,0.15493068739805133,0.002395563738455992,0.014259512601948687,0
16986,662,8,0.148663,743315,0.1496328187660932,0.011236976463090397,0.0009698187660932001,0,0.13054058597376123,0.0015918488428218007,0.018122414026238765,0,0.1450861929095107,0.0025267371151378145,0.003576807090489298,0
16986,662,9,0.0812678,406339,0.08331180196508953,0.008203138346850481,0.002044001965089526,0,0.08943661823269068,0.0020024540385884474,0.00816881823269068,0,0.1078315936969767,0.0026033605093596633,0.0265637936969767,0
16986,662,10,0.0423484,211742,0.041689475771023894,0.005710870795669621,0.0006589242289761071,0,0.05276802924961421,0.0014026084448323223,0.010419629249614211,0,0.05921653030903553,0.0021385010225377947,0.01686813030903553,0
16986,662,11,0.0224276,112138,0.020916484871762897,0.0020968864029883624,0.0015111151282371019,0,0.02867596324879799,0.0007431880683458993,0.0062483632487979925,0,0.030659041479068783,0.0009083241425582802,0.008231441479068784,0
16986,662,12,0.0116578,58289,0.01161353808769747,0.0031555978094805373,4.426191230252896e-05,0,0.014723444348126061,0.0005189230381039159,0.003065644348126062,0,0.015517549781674227,0.0004954387123182167,0.003859749781674228,0
16986,662,13,0.0060404,30202,0.006129281802279261,0.0027370726765952574,8.888180227926111e-05,0,0.007222655158161005,0.0001971202161348677,0.0011822551581610052,0,0.007513893790700811,0.0003094636551208895,0.0014734937907008114,0
16986,662,14,0.0029386,14693,0.002858675470631106,0.00136537814337014,7.992452936889409e-05,0,0.003368063413066824,0.00010997701582603659,0.00042946341306682395,0,0.0034383610733070085,9.68791840162303e-05,0.0004997610733070085,0
16986,662,15,0.0013774,6887,0.0011803323558016137,0.0009849682830937413,0.00019706764419838625,3,0.0014538712973441188,5.589316818198787e-05,7.647129734411878e-05,0,0.0014473626542776512,5.302710544051261e-05,6.996265427765117e-05,0
16986,662,16,0.0005568,2784,0.00016485705293935946,0.00021136945398173953,0.0003919429470606405,10,0.0005650486556773494,2.7397049431718517e-05,8.248655677349417e-06,0,0.0005360072713445893,2.5327777431811625e-05,2.0792728655410694e-05,0
16986,662,17,0.00019,950,6.512780373937397e-05,0.00021721031159895838,0.00012487219626062604,18,0.00018782514103482924,8.564982228614185e-06,2.1748589651707706e-06,0,0.00016740175631283616,7.704696414114301e-06,2.2598243687163848e-05,0
16986,662,18,4.64e-05,232,1.7332317301976505e-05,6.678497122604507e-05,2.9067682698023498e-05,17,4.780127201061906e-05,3.4379344083428434e-06,1.4012720106190552e-06,0,4.007937581107411e-05,2.368079339020585e-06,6.320624188925895e-06,0
16986,662,19,8.2e-06,41,0.0,0.0,8.2e-06,20,7.6242468175845e-06,8.132061870559615e-07,5.757531824154996e-07,0,6.004309394009717e-06,5.50859706345404e-07,2.195690605990282e-06,0
16986,662,20,6e-07,3,0.0,0.0,6e-07,20,4.2392503402711e-07,1.4613486917453472e-07,1.7607496597289e-07,0,3.4921302282568485e-07,7.405095418707822e-08,2.507869771743151e-07,0
16986,663,1,0,0,0.0,0.0,0.0,20,5.145346669189933e-08,1.2851866666892254e-08,5.145346669189933e-08,0,4.738811749214679e-08,5.442990611620972e-09,4.738811749214679e-08,0
16986,663,2,1.2e-06,6,0.0,0.0,1.2e-06,20,1.1064906652459297e-06,1.2694046994409679e-07,9.350933475407025e-08,0,8.97111058775313e-07,8.530026989232921e-08,3.0288894122468693e-07,0
16986,663,3,6e-06,30,0.0,0.0,6e-06,20,8.359081152252277e-06,7.284967935221359e-07,2.359081152252277e-06,0,7.138318510094066e-06,5.625694190985378e-07,1.1383185100940657e-06,0
16986,663,4,3.36e-05,168,4.3080881361336955e-07,1.926635585091062e-06,3.316919118638663e-05,19,4.360143134652415e-05,3.7832003539878017e-06,1.0001431346524154e-05,0,3.87437590517603e-05,2.645879059551587e-06,5.143759051760304e-06,0
16986,663,5,0.00015,750,7.687331237429218e-06,2.868888549348699e-05,0.00014231266876257078,18,0.000182193079816326,1.0725932709014732e-05,3.2193079816326015e-05,0,0.00016994736703605014,8.680557998515314e-06,1.9947367036050157e-05,0
16986,663,6,0.0004834,2417,0.0003530509130058201,0.00038611472020955666,0.0001303490869941799,7,0.0006648539758080627,3.657096822017914e-05,0.0001814539758080627,0,0.0006548628498931396,3.2358395251536894e-05,0.00017146284989313958,0
16986,663,7,0.0015894,7947,0.0011151843452782808,0.0011704569367548187,0.00047421565472171917,6,0.0021431882801788297,0.00010026167582206931,0.0005537882801788297,0,0.0023265987601400803,0.00010854206291767238,0.0007371987601400803,0
16986,663,8,0.0050622,25311,0.0037748317136474564,0.0014958724215828805,0.0012873682863525438,0,0.0061313441660805785,0.000189477412345804,0.0010691441660805783,0,0.007581004691195821,0.00026744554316176605,0.0025188046911958206,0
16986,663,9,0.0143546,71773,0.014429797723811765,0.0036919748294078525,7.51977238117648e-05,0,0.015231138490627905,0.0003749907143429992,0.0008765384906279042,0,0.017656089254811783,0.0005626571074007596,0.0033014892548117823,0
16986,663,10,0.0267212,133606,0.026614466950464384,0.005422564762510787,0.00010673304953561641,0,0.028383520028301377,0.0006331169259642147,0.001662320028301377,0,0.031259943864389496,0.0007367173448511947,0.004538743864389495,0
16986,663,11,0.0416174,208087,0.041288095035196225,0.005795295985591998,0.0003293049648037741,0,0.04447108855940463,0.0007583100900493801,0.002853688559404634,0,0.04837252211416247,0.001353718997519482,0.0067551221141624734,0
16986,663,12,0.0592398,296199,0.06037470526562653,0.007985662074101124,0.0011349052656265263,0,0.06309897264367872,0.0012740215061500676,0.0038591726436787224,0,0.06830513171317483,0.0012362091848444167,0.009065331713174828,0
16986,663,13,0.079828,399140,0.08061929679378008,0.0076373831976863015,0.0007912967937800802,0,0.08352285002289891,0.0010734402788020814,0.0036948500228989184,0,0.09109987052859123,0.001832250775466919,0.01127187052859123,0
16986,663,14,0.1043184,521592,0.10684805985054706,0.009914708573277881,0.002529659850547053,0,0.10486978916047288,0.0012997969944693658,0.0005513891604728705,0,0.1141999779673172,0.0021013453716182593,0.009881577967317201,0
16986,663,15,0.1307772,653886,0.12627782095665896,0.012622165361974764,0.004499379043341051,0,0.12503767888055778,0.0013359942850899012,0.005739521119442231,0,0.13409604063868533,0.0024191454283155247,0.0033188406386853164,0
16986,663,16,0.1542488,771244,0.15334932833993145,0.011583158605824762,0.0008994716600685404,0,0.14007063250225266,0.0015123574736273543,0.014178167497747335,0,0.14458302914674506,0.003552757944466721,0.009665770853254929,0
16986,663,17,0.1584566,792283,0.15863548449408924,0.01255779683385797,0.00017888449408923202,0,0.1432014316758739,0.001640108974261476,0.0152551683241261,0,0.1415874057744672,0.0025267441491121567,0.01686919422553279,0
16986,663,18,0.1282966,641483,0.13207554394281357,0.009542873539332261,0.0037789439428135563,0,0.1271222443670404,0.001616291614535966,0.0011743556329596172,0,0.1148885504077847,0.0020373030059962077,0.01340804959221531,0
16986,663,19,0.0755614,377807,0.07245756430136477,0.007612461511201952,0.0031038356986352322,0,0.08593232469891686,0.001589351096345555,0.010370924698916859,0,0.06675564184695242,0.0019736488920027062,0.008805758153047585,0
16986,663,20,0.0192542,96271,0.017800029047164986,0.003695475181026879,0.0014541709528350134,0,0.029883570341321285,0.00105845655863954,0.010629370341321286,0,0.01641655649791449,0.0008592202548607203,0.0028376435020855094,0
16986,665,1,0,0,0.0,0.0,0.0,20,5.417605523216954e-10,1.9352902788148168e-10,5.417605523216954e-10,0,6.299130886969016e-10,1.0390012013012722e-10,6.299130886969016e-10,0
16986,665,2,0,0,0.0,0.0,0.0,20,1.726754431181748e-08,2.944353633901876e-09,1.726754431181748e-08,0,1.5938785896399495e-08,2.3014070980170948e-09,1.5938785896399495e-08,0
16986,665,3,2e-07,1,0.0,0.0,2e-07,20,1.8249939438488656e-07,2.6461870039254945e-08,1.7500605615113436e-08,0,1.7255158018647346e-07,1.987674411061417e-08,2.7448419813526527e-08,0
16986,665,4,1e-06,5,0.0,0.0,1e-06,20,1.2991432768382503e-06,1.6919435075499072e-07,2.9914327683825037e-07,0,1.2699397418671262e-06,1.3025950754048295e-07,2.6993974186712627e-07,0
16986,665,5,4.4e-06,22,0.0,0.0,4.4e-06,20,7.377861009898954e-06,7.376501809381325e-07,2.9778610098989538e-06,0,7.649159541091214e-06,6.571163066371444e-07,3.2491595410912134e-06,0
16986,665,6,3.22e-05,161,0.0,0.0,3.22e-05,20,3.663994909122596e-05,3.207275493961882e-06,4.439949091225962e-06,0,4.030879505087979e-05,2.7619816426879382e-06,8.108795050879791e-06,0
16986,665,7,0.0001374,687,1.9900807131341556e-05,5.282475580014765e-05,0.00011749919286865846,17,0.00015932231763142465,9.881818131420557e-06,2.1922317631424646e-05,0,0.00019901656089283537,1.281725330568414e-05,6.161656089283537e-05,0
16986,665,8,0.0005234,2617,0.0002443076791532092,0.0004906509072348082,0.00027909232084679086,10,0.0006248290174126586,2.9234857167519098e-05,0.00010142901741265855,0,0.0009104590418503635,4.508722463288604e-05,0.0003870590418503635,0
16986,665,9,0.002001,10005,0.0008843710956194684,0.0009750156136902675,0.0011166289043805318,7,0.002179967141697168,8.256931629180509e-05,0.00017896714169716782,0,0.002816750906216049,0.00012077185310718853,0.0008157509062160489,0
16986,665,10,0.004949,24745,0.004731744128970363,0.002343446089520016,0.0002172558710296377,0,0.005451629850812453,0.00017834994674817935,0.0005026298508124527,0,0.006563106016731907,0.000201877325699052,0.0016141060167319064,0
16986,665,11,0.0099358,49679,0.010844739779553808,0.0025943604372563925,0.0009089397795538079,0,0.011167960255155845,0.00028716538709298785,0.0012321602551558456,0,0.013235028745134051,0.0005362128802113517,0.0032992287451340512,0
16986,665,12,0.017839,89195,0.017407024112865634,0.0037943735763404486,0.0004319758871343671,0,0.020493266720915868,0.0006390933277580212,0.0026542667209158675,0,0.023993976151518118,0.0005517029085931776,0.006154976151518117,0
16986,665,13,0.0300656,150328,0.029211161722851327,0.004724023468397677,0.0008544382771486746,0,0.03472058014077515,0.0005992326332589426,0.004654980140775148,0,0.041245730150388425,0.0010316710454124703,0.011180130150388424,0
16986,665,14,0.0491494,245747,0.04839297181898567,0.005426434444814879,0.000756428181014332,0,0.05608960855725328,0.0010209276349224924,0.006940208557253275,0,0.0666129084602672,0.0016794900023189984,0.017463508460267195,0
16986,665,15,0.0780516,390258,0.076816550261281,0.007273597051238466,0.0012350497387190046,0,0.08638262765635066,0.0012511752583764738,0.008331027656350659,0,0.10146505807071608,0.0023195576374439343,0.023413458070716084,0
16986,665,16,0.121143,605715,0.12372182709557995,0.00896601723389362,0.0025788270955799525,0,0.12623861947520862,0.0015408029433914708,0.005095619475208618,0,0.1433215113149976,0.0037618919644505653,0.022178511314997595,0
16986,665,17,0.18081,904050,0.1791527897738979,0.015113602011355448,0.0016572102261021016,0,0.17050540157421337,0.002210703667583538,0.010304598425786626,0,0.18612187665309904,0.003461685696527721,0.00531187665309904,0
16986,665,18,0.2527704,1263852,0.2556077913807083,0.012298899207692896,0.0028373913807083206,0,0.20424949259690556,0.002193524704929675,0.04852090740309445,0,0.20289972612668983,0.003386477663321921,0.04987067387331018,0
16986,665,19,0.1980562,990281,0.1962598680617912,0.008885837040210216,0.0017963319382088005,0,0.18955386190031093,0.0024936072273739184,0.00850233809968906,0,0.1592235225902679,0.0038345837459715167,0.03883267740973209,0
16986,665,20,0.0545304,272652,0.05262667535269553,0.00670250199201126,0.0019037246473044694,0,0.09213727670431915,0.0025332146232908683,0.03760687670431915,0,0.05134191219661792,0.002147793840564101,0.00318848780338208,0
16986,666,1,0.0120374,60187,0.011008850831590863,0.003774698710815825,0.0010285491684091375,0,0.01980001834973604,0.0006864422970704318,0.007762618349736041,0,0.011248838002774708,0.0005537412490913872,0.000788561997225292,0
16986,666,2,0.0538336,269168,0.05446425694597984,0.00730288028873265,0.0006306569459798364,0,0.06137402966885112,0.0010917045430828725,0.007540429668851115,0,0.0479013476136599,0.0012591150958793183,0.005932252386340105,0
16986,666,3,0.098129,490645,0.09613340962094716,0.0076229635095511105,0.001995590379052836,0,0.10135432152024278,0.0015924966387420966,0.0032253215202427826,0,0.08854519363935606,0.002143580278676786,0.009583806360643932,0
16986,666,4,0.1348128,674064,0.13594634756046445,0.00859034032082379,0.0011335475604644374,0,0.1315027269863583,0.0011280610328437404,0.0033100730136417233,0,0.12242377588759693,0.0028899558926413263,0.012389024112403085,0
16986,666,5,0.1592372,796186,0.15954310614183753,0.01191188699954699,0.0003059061418375364,0,0.14948533216505056,0.0011890811382119567,0.00975186783494944,0,0.14511127304190202,0.0019544572369540924,0.014125926958097973,0
16986,666,6,0.1653242,826621,0.1658189339027149,0.010136335182744998,0.0004947339027149,0,0.15305239636989382,0.001493966353559379,0.012271803630106187,0,0.1534335781928644,0.002957755757333998,0.011890621807135598,0
16986,666,7,0.151778,758890,0.14885153430852652,0.01249984931316499,0.002926465691473479,0,0.13988737920519637,0.0016900183944504178,0.01189062079480363,0,0.146878988779038,0.002194611329793188,0.004899011220962007,0
16986,666,8,0.1156312,578156,0.11512768814258505,0.00686659622499717,0.0005035118574149566,0,0.10914492395156605,0.0015042979212314428,0.0064862760484339504,0,0.12473395697173566,0.0024019696197320846,0.009102756971735654,0
16986,666,9,0.0571062,285531,0.05812236685301303,0.00756204150402632,0.0010161668530130272,0,0.0668923536471512,0.0016856660567517306,0.009786153647151193,0,0.0839545476370281,0.002177995334493032,0.0268483476370281,0
16986,666,10,0.0273222,136611,0.028201238095137714,0.004494264429509076,0.0008790380951377123,0,0.035630249577188265,0.001046531717941063,0.008308049577188264,0,0.04128750822334609,0.001616394296215953,0.01396530822334609,0
16986,666,11,0.013204,66020,0.012513851846536536,0.003198169046683108,0.000690148153463464,0,0.017579618150683055,0.0005293066068031546,0.004375618150683054,0,0.019262377872227884,0.0006413250077078942,0.006058377872227884,0
16986,666,12,0.0064004,32002,0.006162233890686235,0.0018699855976286957,0.00023816610931376436,0,0.008202074981269106,0.0003395197296631193,0.0018016749812691064,0,0.008836322879126474,0.0003213076951398334,0.002435922879126474,0
16986,666,13,0.0030152,15076,0.0026299809318122954,0.0016185022199076901,0.00038521906818770463,0,0.0036520857650652544,0.00011849573310107348,0.0006368857650652544,0,0.0038821600142216984,0.00018310503510461805,0.0008669600142216984,0
16986,666,14,0.0013408,6704,0.000537599895154388,0.0004841148174485624,0.000803200104845612,4,0.001547566931413739,5.894008402142008e-05,0.00020676693141373904,0,0.0016096936122802275,5.271048778517255e-05,0.00026889361228022747,0
16986,666,15,0.0005524,2762,0.0001882667257431426,0.00030064634714431965,0.0003641332742568574,13,0.000604321961352638,2.6174778319534057e-05,5.192196135263803e-05,0,0.0006141319910604057,2.524010494370916e-05,6.173199106040571e-05,0
16986,666,16,0.0001944,972,7.075884612757949e-05,0.00012327887693893842,0.00012364115387242052,13,0.0002115243400257892,1.2075427306676739e-05,1.712434002578919e-05,0,0.00020502874555179012,1.081911970831803e-05,1.0628745551790112e-05,0
16986,666,17,6.26e-05,313,7.810478195301165e-07,3.4929520362946564e-06,6.181895218046988e-05,19,6.285161946566656e-05,3.383810383010745e-06,2.516194656665557e-07,0,5.7351718768885584e-05,3.1281818374487407e-06,5.24828123111442e-06,0
16986,666,18,1.6e-05,80,2.2424850918623677e-07,1.0028698207868228e-06,1.577575149081376e-05,19,1.4163858481439938e-05,1.1926759770722587e-06,1.8361415185600617e-06,0,1.2226552027558884e-05,8.138001380064728e-07,3.7734479724411154e-06,0
16986,666,19,2.4e-06,12,0.0,0.0,2.4e-06,20,1.949334332758027e-06,2.489005681512885e-07,4.50665667241973e-07,0,1.61625649581085e-06,1.6667339164629452e-07,7.837435041891499e-07,0
16986,666,20,0,0,0.0,0.0,0.0,20,8.968900348383794e-08,4.0923746745533997e-08,8.968900348383794e-08,0,8.236893726428771e-08,1.9709578164407153e-08,8.236893726428771e-08,0
16986,671,1,2.02e-05,101,0.0,0.0,2.02e-05,20,3.6247689116976705e-05,4.100702910637401e-06,1.6047689116976706e-05,0,2.3756019013361602e-05,1.724526116937634e-06,3.5560190133616024e-06,0
16986,671,2,0.0002854,1427,7.864724567955573e-05,0.0001858647252726255,0.00020675275432044426,13,0.00034678675993265594,1.648083395759003e-05,6.138675993265594e-05,0,0.00025107807458238585,1.2780119129120586e-05,3.432192541761415e-05,0
16986,671,3,0.0012358,6179,0.0006678533203952416,0.0006990383064000094,0.0005679466796047584,5,0.0014171681451320161,5.56206307693542e-05,0.0001813681451320161,0,0.0011158610354201283,4.642647925947999e-05,0.0001199389645798717,0
16986,671,4,0.0034502,17251,0.0028895872205707794,0.0014199535651861007,0.0005606127794292206,0,0.00423366361476054,0.00017306084249527656,0.0007834636147605397,0,0.0035302277254680345,0.0001502478985684522,8.002772546803448e-05,0
16986,671,5,0.0081902,40951,0.008850566432287661,0.002909223679572501,0.0006603664322876613,0,0.010543754317269947,0.0002897095901251637,0.002353554317269947,0,0.009168654757006994,0.00021444383386368438,0.0009784547570069937,0
16986,671,6,0.0179092,89546,0.01766899921291814,0.0035714284093150573,0.00024020078708186093,0,0.023294157268629,0.0005910797927778526,0.005384957268629,0,0.02109126082626691,0.0006003658981969842,0.0031820608262669095,0
16986,671,7,0.036688,183440,0.03609476517775965,0.005453781382090479,0.0005932348222403502,0,0.045926506295505834,0.001282198952017486,0.009238506295505836,0,0.044379385978849814,0.0012992648454582248,0.007691385978849816,0
16986,671,8,0.0718358,359179,0.07104157483404447,0.008049163236074654,0.0007942251659555366,0,0.07942230782407214,0.001352986451910618,0.007586507824072136,0,0.08450335166054791,0.001735989424203072,0.012667551660547907,0
16986,671,9,0.1271066,635533,0.1268351452420934,0.010474570251729364,0.00027145475790657514,0,0.11482082577874089,0.0015922121249724991,0.012285774221259094,0,0.12272080053248617,0.0026419653396281316,0.004385799467513815,0
16986,671,10,0.1435502,717751,0.14588521595733,0.008396015551439586,0.0023350159573300167,0,0.13195298646744577,0.002041417271273837,0.011597213532554218,0,0.13547525708796698,0.0031306762436962214,0.008074942912033006,0
16986,671,11,0.1389524,694762,0.1402513769125743,0.010106876078466262,0.0012989769125743011,0,0.13205530742981592,0.001591244877126625,0.006897092570184088,0,0.13341989584653335,0.0024455004011904777,0.00553250415346665,0
16986,671,12,0.124825,624125,0.1232508594551793,0.0082517864153883,0.001574140544820704,0,0.12132619775687639,0.001558618114587208,0.0034988022431236138,0,0.12213710646990632,0.0020510959175256177,0.002687893530093688,0
16986,671,13,0.1058804,529402,0.1043568086937331,0.009237181532931384,0.0015235913062669054,0,0.1045376843583132,0.0012052293242805904,0.0013427156416867952,0,0.10480817999396526,0.002189552078734101,0.0010722200060347409,0
16986,671,14,0.084007,420035,0.08455201425116578,0.007017447355003398,0.0005450142511657791,0,0.0842355587872012,0.0011037789320656132,0.00022855878720119682,0,0.08375831294548705,0.0012317926398824686,0.00024868705451294715,0
16986,671,15,0.0612768,306384,0.0601345850567485,0.007615126183878508,0.0011422149432515002,0,0.06300781396409459,0.0011900455917626656,0.0017310139640945924,0,0.06100319095862322,0.00124441817875074,0.00027360904137677805,0
16986,671,16,0.039784,198920,0.0392819650199121,0.0046558095338965905,0.0005020349800878982,0,0.042601236862332505,0.0008712941911039436,0.0028172368623325048,0,0.03927568870823396,0.0011216938745873355,0.0005083112917660393,0
16986,671,17,0.0222564,111282,0.021960565724061933,0.0029058346526558056,0.00029583427593806583,0,0.024915911630645656,0.0004974591361514665,0.002659511630645657,0,0.02158529277718143,0.0004807089265754042,0.0006711072228185698,0
16986,671,18,0.009567,47835,0.0095808323411942,0.0032475128246817874,1.383234119419971e-05,0,0.011447203453281615,0.0003655414787150089,0.001880203453281614,0,0.009085958097033168,0.0003044226805151196,0.000481041902966833,0
16986,671,19,0.0028674,14337,0.0026631003662397528,0.0014080120103198784,0.0002042996337602472,1,0.0034756880866517376,0.00017805592301661457,0.0006082880866517377,0,0.0024235987949284173,0.00013754803430747231,0.0004438012050715827,0
16986,671,20,0.000312,1560,0.00014786589962527023,0.0003266329344115287,0.00016413410037472977,16,0.000402993509954538,4.775872378746827e-05,9.0993509954538e-05,0,0.00024314171049917582,3.0884764209933356e-05,6.885828950082418e-05,0
16986,672,1,0.1574648,787324,0.15275295468069067,0.0075254639832065436,0.004711845319309321,0,0.20755959567534238,0.0033606493138780493,0.05009479567534239,0,0.1303313300495664,0.0038712961097206733,0.027133469950433586,0
16986,672,2,0.3271224,1635612,0.3270993163544923,0.01374826756579619,2.308364550768216e-05,0,0.24515572086767518,0.002825865111668436,0.0819666791323248,0,0.2390024452441319,0.005761353475566565,0.08811995475586809,0
16986,672,3,0.2073524,1036762,0.21010520731091228,0.013333001509795306,0.002752807310912292,0,0.19894221326624456,0.002104660503761232,0.008410186733755431,0,0.21581367027566367,0.004431890557598772,0.00846127027566368,0
16986,672,4,0.131412,657060,0.12866472321739275,0.00940201393876468,0.0027472767826072497,0,0.1421286317072874,0.0014630977272077996,0.0107166317072874,0,0.16068595510388844,0.003989544876124812,0.029273955103888444,0
16986,672,5,0.082137,410685,0.08597172078451457,0.008731555554055971,0.0038347207845145642,0,0.09422091042805807,0.0014043950063995629,0.012083910428058064,0,0.11066871894639667,0.0017948616034766695,0.028531718946396667,0
16986,672,6,0.0492348,246174,0.0487920604948872,0.004651058492577466,0.0004427395051128033,0,0.057951328641652165,0.0008517793606904287,0.008716528641652163,0,0.0701111588498702,0.0019557698574419386,0.020876358849870193,0
16986,672,7,0.0270654,135327,0.02564507730302737,0.005723366245808728,0.0014203226969726306,0,0.031968723398036,0.0007383101453138801,0.004903323398035998,0,0.04079747397907217,0.000917560196448794,0.013732073979072171,0
16986,672,8,0.0124592,62296,0.01252803387566046,0.003502901889474902,6.883387566045986e-05,0,0.014702288726134752,0.00041119153629618225,0.002243088726134752,0,0.02091364772512499,0.0006836649110265877,0.008454447725124988,0
16986,672,9,0.0039422,19711,0.003221470282391329,0.0017945320404356773,0.0007207297176086711,0,0.005038680150576295,0.00022353391960318753,0.0010964801505762949,0,0.008438867332643419,0.00033372605657773144,0.004496667332643419,0
16986,672,10,0.0012216,6108,0.00044422318957195746,0.0004885316290919852,0.0007773768104280426,7,0.0016046888855307106,7.654716290125761e-05,0.00038308888553071057,0,0.0023396723107071238,0.0001419174539800865,0.0011180723107071238,0
16986,672,11,0.000397,1985,0.00010067370738282779,0.0002416933904845315,0.0002963262926171722,15,0.0004920326277986042,2.9415468063132153e-05,9.503262779860422e-05,0,0.0006467726917153244,3.832024584737346e-05,0.00024977269171532444,0
16986,672,12,0.0001306,653,0.0001332731350090763,0.0004731472094144751,2.6731350090762856e-06,16,0.00014461617152959597,1.2402137428056422e-05,1.401617152959597e-05,0,0.00018273870725887007,1.2345017376603116e-05,5.213870725887006e-05,0
16986,672,13,4.4e-05,220,1.9463141085142538e-05,5.372861948693414e-05,2.453685891485746e-05,16,4.025605588360861e-05,3.0521417866215135e-06,3.7439441163913904e-06,0,5.0487715934191034e-05,4.629152041373038e-06,6.487715934191035e-06,0
16986,672,14,1.2e-05,60,0.0,0.0,1.2e-05,20,1.0904933448430496e-05,8.184831369227661e-07,1.0950665515695045e-06,0,1.3076729406571816e-05,9.381191989019487e-07,1.0767294065718154e-06,0
16986,672,15,3.4e-06,17,0.0,0.0,3.4e-06,20,2.685270783611532e-06,2.18334003231086e-07,7.147292163884682e-07,0,3.185393596720431e-06,2.2829935978270482e-07,2.1460640327956922e-07,0
16986,672,16,1.2e-06,6,0.0,0.0,1.2e-06,20,5.846420816546437e-07,6.656205005537804e-08,6.153579183453563e-07,0,6.676540364055061e-07,6.120896840406071e-08,5.323459635944938e-07,0
16986,672,17,0,0,0.0,0.0,0.0,20,1.0545305865665011e-07,1.1939210441166479e-08,1.0545305865665011e-07,0,1.1516734282627343e-07,1.2860883194029421e-08,1.1516734282627343e-07,0
16986,672,18,0,0,0.0,0.0,0.0,20,1.4173996248627543e-08,2.2881331997631437e-09,1.4173996248627543e-08,0,1.4901688391414894e-08,1.799428062279952e-09,1.4901688391414894e-08,0
16986,672,19,0,0,0.0,0.0,0.0,20,1.0443397323377578e-09,3.4208749100795757e-10,1.0443397323377578e-09,0,1.1865709686318782e-09,2.1404811148097515e-10,1.1865709686318782e-09,0
16986,672,20,0,0,0.0,0.0,0.0,20,2.2458064555126347e-11,2.968722957196105e-11,2.2458064555126347e-11,0,3.538430659626092e-11,1.6015573341236473e-11,3.538430659626092e-11,0
16986,673,1,0.0063502,31751,0.005384138253126421,0.0027006897205391106,0.0009660617468735793,0,0.00966856503585493,0.00039503133109476554,0.0033183650358549303,0,0.005509784436604657,0.0002881840139196774,0.0008404155633953431,0
16986,673,2,0.0293328,146664,0.02874905413254803,0.0038185572673491226,0.000583745867451968,0,0.03505312418018546,0.0006732118463014995,0.005720324180185463,0,0.026684435439607836,0.0007483676187392721,0.0026483645603921635,0
16986,673,3,0.0598558,299279,0.058272212646141776,0.00699253360847651,0.0015835873538582249,0,0.06672994860078867,0.001252647675988401,0.006874148600788665,0,0.056489676666735086,0.0014505986848890975,0.0033661233332649143,0
16986,673,4,0.0925226,462613,0.09243548425753614,0.006775947504009475,8.711574246385301e-05,0,0.09911245233460488,0.0011540787402898153,0.006589852334604879,0,0.08932689317740014,0.00226863402140601,0.003195706822599856,0
16986,673,5,0.1265958,632979,0.127590217549092,0.01117866837416602,0.0009944175490919915,0,0.12829982133743495,0.001189379816543904,0.001704021337434941,0,0.12039497958233229,0.0016663607327362772,0.006200820417667716,0
16986,673,6,0.1569422,784711,0.1551736131734524,0.008421419698935935,0.0017685868265475968,0,0.14930185710572802,0.0015929942871943336,0.007640342894271984,0,0.14461314698994443,0.002686399100541131,0.012329053010055574,0
16986,673,7,0.175076,875380,0.1776312847159788,0.011958167810734666,0.002555284715978795,0,0.1550931373110219,0.0018425000327022317,0.019982862688978115,0,0.15736078354378677,0.002482105293234044,0.01771521645621324,0
16986,673,8,0.1630826,815413,0.16190483195203692,0.011426494617363966,0.0011777680479630737,0,0.13812210851368006,0.0016302657329183524,0.02496049148631993,0,0.15215394946440003,0.002571787975690063,0.010928650535599965,0
16986,673,9,0.0907782,453891,0.09321506825833578,0.008533257737581207,0.002436868258335778,0,0.09739604827561885,0.0021204510385065757,0.006617848275618843,0,0.11619517687597544,0.0027523309672823322,0.02541697687597544,0
16986,673,10,0.0481514,240757,0.04508317396038806,0.0053636689094233156,0.003068226039611939,0,0.0585421174775272,0.001535678370199383,0.010390717477527206,0,0.0652710858351396,0.0023222938667955065,0.017119685835139606,0
16986,673,11,0.0254988,127494,0.025827124533325575,0.0029098294031900517,0.00032832453332557604,0,0.032119729481657484,0.0008213535386267835,0.006620929481657486,0,0.03422220877442521,0.001003064269620826,0.00872340877442521,0
16986,673,12,0.013413,67065,0.013462380315851313,0.003224521867570725,4.9380315851313764e-05,0,0.01650951878926344,0.0005804454568681145,0.0030965187892634406,0,0.01737281334749813,0.0005524331743595282,0.003959813347498129,0
16986,673,13,0.0068422,34211,0.006684176172018351,0.002103651352852379,0.0001580238279816487,0,0.00803420305710473,0.00022192887338462735,0.0011920030571047312,0,0.00835774200476529,0.00034685039522416134,0.0015155420047652905,0
16986,673,14,0.0033054,16527,0.0027743663410026006,0.001494636312023333,0.0005310336589973994,1,0.003678901268567603,0.00012379719363121177,0.0003735012685676031,0,0.0037612121169549482,0.00010854402913343997,0.0004558121169549482,0
16986,673,15,0.0014446,7223,0.0011627298093043032,0.001204764312143974,0.0002818701906956969,3,0.0015404730061034575,6.15653181777877e-05,9.587300610345737e-05,0,0.001539105275053863,5.8447142140868064e-05,9.450527505386287e-05,0
16986,673,16,0.0005792,2896,0.00014203568932189402,0.00027450910050446584,0.00043716431067810594,14,0.0005722371980005275,2.9814246513010396e-05,6.962801999472481e-06,0,0.0005461865251418643,2.7026904100517886e-05,3.30134748581357e-05,0
16986,673,17,0.0001808,904,2.6314008484970097e-05,5.9338280199040565e-05,0.0001544859915150299,16,0.00017831693473820874,8.934013787688593e-06,2.483065261791261e-06,0,0.00016047511604293788,8.10639176209996e-06,2.032488395706212e-05,0
16986,673,18,4.16e-05,208,2.380637801031959e-05,8.834210240043682e-05,1.779362198968041e-05,18,4.142390979305332e-05,3.360814421983584e-06,1.760902069466823e-07,0,3.537179494838964e-05,2.277520836390163e-06,6.228205051610364e-06,0
16986,673,19,6.6e-06,33,0.0,0.0,6.6e-06,20,5.7479166527172585e-06,7.229538532363867e-07,8.520833472827418e-07,0,4.734578519381667e-06,4.835937739570718e-07,1.8654214806183332e-06,0
16986,673,20,2e-07,1,0.0,0.0,2e-07,20,2.5360240629344656e-07,1.2149113580109573e-07,5.360240629344657e-08,0,2.3845472473477917e-07,5.805138311239948e-08,3.845472473477918e-08,0
16986,978,1,0,0,0.0,0.0,0.0,20,2.641082102276502e-08,6.750229657566982e-09,2.641082102276502e-08,0,2.4705954873920015e-08,2.9172674793723855e-09,2.4705954873920015e-08,0
16986,978,2,8e-07,4,0.0,0.0,8e-07,20,5.84149485901972e-07,6.98609147704331e-08,2.1585051409802795e-07,0,4.792745632042285e-07,4.7605834520677475e-08,3.2072543679577147e-07,0
16986,978,3,3.2e-06,16,0.0,0.0,3.2e-06,20,4.565857679654584e-06,4.2431721849174683e-07,1.365857679654584e-06,0,3.942682503154702e-06,3.2585161277958837e-07,7.426825031547024e-07,0
16986,978,4,2.18e-05,109,0.0,0.0,2.18e-05,20,2.47441733474108e-05,2.2736754413394274e-06,2.944173347410798e-06,0,2.223766235463441e-05,1.5962864269151657e-06,4.3766235463440955e-07,0
16986,978,5,9.18e-05,459,2.388856311520152e-05,0.00010683290202076949,6.791143688479847e-05,19,0.0001078688811353494,6.862499964622014e-06,1.60688811353494e-05,0,0.00010198468237722308,5.643896065935475e-06,1.0184682377223082e-05,0
16986,978,6,0.0003288,1644,0.0001130150464054875,0.0002483306340702658,0.00021578495359451252,13,0.00041228955133490366,2.4455197695701896e-05,8.348955133490363e-05,0,0.00041244817469868135,2.1493463345752194e-05,8.364817469868133e-05,0
16986,978,7,0.001107,5535,0.0007387601627041649,0.0007718567511217664,0.000368239837295835,4,0.0013952670837195315,6.842157971723328e-05,0.00028826708371953156,0,0.0015464704496288874,7.59546063340481e-05,0.00043947044962888747,0
16986,978,8,0.0034882,17441,0.002632028145977324,0.001276524155760309,0.0008561718540226757,0,0.004211323970138326,0.00013942008099090698,0.000723123970138326,0,0.005343277289971318,0.00020008912781433458,0.0018550772899713183,0
16986,978,9,0.0101734,50867,0.009463111547133987,0.0029404916178490726,0.0007102884528660137,0,0.011110918320260664,0.0002960698202170197,0.0009375183202606635,0,0.013102802530104814,0.00044068550790523795,0.0029294025301048136,0
16986,978,10,0.0200304,100152,0.019292636410359557,0.003096553690699119,0.000737763589640443,0,0.021859288460265684,0.0005235168810058872,0.001828888460265684,0,0.024421887489970453,0.000597185653010411,0.004391487489970453,0
16986,978,11,0.0329098,164549,0.03249028210907467,0.005242435275856792,0.0004195178909253347,0,0.0360189342599492,0.0006608281544755843,0.0031091342599491936,0,0.03972865939524446,0.00119069814748096,0.006818859395244459,0
16986,978,12,0.0494152,247076,0.050572507092515796,0.006216230208511719,0.0011573070925157969,0,0.05365139370827291,0.0011786317987950465,0.004236193708272912,0,0.05883268572268998,0.001105530295839208,0.00941748572268998,0
16986,978,13,0.0702908,351454,0.07243099389219083,0.008519196016524698,0.0021401938921908337,0,0.07442086051166268,0.0010049908676448879,0.004130060511662675,0,0.08231406629311176,0.0017056232206032669,0.012023266293111762,0
16986,978,14,0.0957196,478598,0.09475014050677164,0.008927181406312296,0.0009694594932283668,0,0.09795452951487006,0.0012932095500283022,0.00223492951487006,0,0.10816912893480876,0.0021017455255365343,0.01244952893480876,0
16986,978,15,0.1263102,631551,0.12652559081586312,0.011741785793572612,0.00021539081586310904,0,0.12241087373468795,0.0013308241871609965,0.0038993262653120586,0,0.1331698530874126,0.0024713977250404085,0.006859653087412598,0
16986,978,16,0.1579524,789762,0.1565160063781741,0.011042753690065993,0.0014363936218259044,0,0.1437506884971988,0.0015281506667244587,0.014201711502801195,0,0.15048167117982011,0.0037190768254686288,0.007470728820179878,0
16986,978,17,0.1739974,869987,0.17153131385925297,0.010715473636683142,0.0024660861407470314,0,0.15394614451689864,0.0017632755992000565,0.020051255483101355,0,0.15426124258644994,0.0027581852186993596,0.01973615741355006,0
16986,978,18,0.1479546,739773,0.1481896983664858,0.008967821971031062,0.00023509836648580307,0,0.1429521118313542,0.0017386513977053501,0.005002488168645791,0,0.1304934809106689,0.0022669824488285883,0.017461119089331095,0
16986,978,19,0.0877342,438671,0.08896883433705412,0.006134916835808253,0.001234634337054119,0,0.1003374222145342,0.0017785641570381935,0.012603222214534207,0,0.07822644405220762,0.002264852972188277,0.009507755947792379,0
16986,978,20,0.0224704,112352,0.021768495545280615,0.00568145268893142,0.0007019044547193869,0,0.03543014882249255,0.0012419273767676868,0.012959748822492546,0,0.019367212895458064,0.0010125329368157751,0.003103187104541938,0
16986,2163,1,1.46e-05,73,0.0,0.0,1.46e-05,20,1.7511169786019854e-05,2.1706347563300217e-06,2.9111697860198532e-06,0,1.1802104501615379e-05,8.835583279887584e-07,2.797895498384622e-06,0
16986,2163,2,0.0001564,782,3.934746854843112e-05,0.0001392752049514527,0.00011705253145156889,18,0.00018358037613409558,9.703937877874572e-06,2.718037613409557e-05,0,0.0001336286680833425,7.253994025031685e-06,2.2771331916657505e-05,0
16986,2163,3,0.0006648,3324,0.00032512728613423743,0.0005556059517595817,0.0003396727138657626,9,0.0008047749276559454,3.406727704231883e-05,0.0001399749276559454,0,0.0006355055116549233,2.8259965036440267e-05,2.9294488345076746e-05,0
16986,2163,4,0.0020144,10072,0.0014642520731926634,0.0010198598265373274,0.0005501479268073366,3,0.0025655432175104233,0.00011534229886576297,0.0005511432175104233,0,0.0021425771326845392,9.586819678668413e-05,0.0001281771326845393,0
16986,2163,5,0.0052838,26419,0.0035967562550460073,0.0017200913120100983,0.0016870437449539926,0,0.006793092422590153,0.00020429504959482565,0.0015092924225901527,0,0.005920525165447265,0.00015033012552692894,0.0006367251654472647,0
16986,2163,6,0.0122122,61061,0.011496777596505785,0.003112852147758946,0.000715422403494214,0,0.015948749489078172,0.00044626782238020807,0.0037365494890781725,0,0.014499760655921987,0.00044241472171310244,0.002287560655921988,0
16986,2163,7,0.0265494,132747,0.027745966263176748,0.004173996036805088,0.0011965662631767474,0,0.03344210034135522,0.0010065755769571322,0.0068927003413552165,0,0.03256450567082103,0.0010132369303247728,0.00601510567082103,0
16986,2163,8,0.054807,274035,0.05419116969972189,0.006092700133888433,0.0006158303002781126,0,0.061708574967603444,0.0011369365356020758,0.006901574967603442,0,0.06643502927984037,0.0014680772646468,0.011628029279840364,0
16986,2163,9,0.103059,515295,0.10174656763494412,0.008574949799061227,0.0013124323650558767,0,0.09589529246369274,0.0013919405539289248,0.007163707536307254,0,0.10289141626477534,0.002301558949996496,0.00016758373522465786,0
16986,2163,10,0.1265642,632821,0.13100187623105253,0.011060892559053504,0.00443767623105254,0,0.1178953108825012,0.0018263937853573383,0.008668889117498788,0,0.1215318368879442,0.0027396480616041496,0.005032363112055793,0
16986,2163,11,0.1327884,663942,0.1300985871918046,0.009688218211853374,0.002689812808195413,0,0.12591000525515675,0.001514100456866877,0.0068783947448432525,0,0.12790954093856988,0.0023993126363934763,0.004878859061430124,0
16986,2163,12,0.1280718,640359,0.12899464582856185,0.010812152977737589,0.0009228458285618357,0,0.12347374587787671,0.0015513675923830301,0.004598054122123302,0,0.12504373261071589,0.0020477678356037544,0.003028067389284128,0
16986,2163,13,0.1161406,580703,0.1131244154905678,0.00906576584168792,0.003016184509432196,0,0.11373806340122014,0.00125763329791938,0.002402536598779856,0,0.11491324571221043,0.002296477603470829,0.00122735428778957,0
16986,2163,14,0.0990968,495484,0.09952810804685348,0.008362306213737328,0.00043130804685348467,0,0.09837584372476624,0.0011701888915610053,0.0007209562752337612,0,0.09869497211203739,0.0014213233818572498,0.0004018278879626136,0
16986,2163,15,0.0783328,391664,0.08019841393849886,0.006384385122500383,0.001865613938498864,0,0.07947560298202583,0.0013279228374895957,0.001142802982025834,0,0.07775590349070338,0.0014848119379792235,0.0005768965092966122,0
16986,2163,16,0.0556124,278062,0.05410340052102062,0.004115611732612809,0.001508999478979381,0,0.058557198074352355,0.0010505905601061831,0.002944798074352356,0,0.05462401015828332,0.0014777666244280487,0.0009883898417166817,0
16986,2163,17,0.0348468,174234,0.03407238043589943,0.004024070911603678,0.0007744195641005702,0,0.037774073153003115,0.0006556870568489384,0.002927273153003118,0,0.03319991162047719,0.0006841479479310524,0.0016468883795228081,0
16986,2163,18,0.0172982,86491,0.017734236978753093,0.004367922089377003,0.0004360369787530932,0,0.019552772015699778,0.0005246900462162117,0.002254572015699778,0,0.015700128361755328,0.0004617390039863139,0.001598071638244672,0
16986,2163,19,0.005854,29270,0.005767744089154739,0.0020257953464061134,8.625591084526069e-05,0,0.006898036701766472,0.00029420043686167855,0.0010440367017664721,0,0.0048228353458584575,0.00024229316495054243,0.0010311646541415424,0
16986,2163,20,0.0006324,3162,0.00012720403994169064,0.00025074969356466504,0.0005051959600583093,14,0.0009901285561771105,8.992230475018866e-05,0.0003577285561771105,0,0.0005691323077143978,6.108408039195336e-05,6.32676922856022e-05,0
16986,2164,1,1.02e-05,51,0.0,0.0,1.02e-05,20,1.2491922655271417e-05,1.6268466563642895e-06,2.291922655271416e-06,0,8.551161820301506e-06,6.527865504158659e-07,1.6488381796984946e-06,0
16986,2164,2,0.0001254,627,6.486832290692708e-05,0.0001680804667719592,6.053167709307293e-05,16,0.00013746943942646378,7.638178566909859e-06,1.2069439426463772e-05,0,0.00010033325049525672,5.618834223735055e-06,2.5066749504743297e-05,0
16986,2164,3,0.0005456,2728,0.0002404641302835258,0.00037210910333957813,0.00030513586971647424,11,0.0006229197621981535,2.7296245759882084e-05,7.73197621981535e-05,0,0.0004926006712802365,2.2578198882243688e-05,5.299932871976351e-05,0
16986,2164,4,0.001662,8310,0.0006984099372456338,0.0007699434917138668,0.0009635900627543662,5,0.002042785777364182,9.546093012809717e-05,0.0003807857773641817,0,0.0017074690663271524,7.80321730060599e-05,4.546906632715234e-05,0
16986,2164,5,0.0043472,21736,0.0038061539332876343,0.0015051147944953069,0.0005410460667123656,0,0.00554747622284943,0.000172945188085055,0.00120027622284943,0,0.00484089678539372,0.00012721074696681373,0.0004936967853937197,0
16986,2164,6,0.0101848,50924,0.010359629145464087,0.0031325082104848192,0.00017482914546408657,0,0.013344779569403767,0.00038806792071419675,0.0031599795694037657,0,0.012157565711857648,0.00038133247994865294,0.001972765711857647,0
16986,2164,7,0.0225068,112534,0.021231051633127957,0.004267139917797889,0.0012757483668720433,0,0.02866940739926911,0.0008879060931192182,0.006162607399269108,0,0.028020029286795384,0.0008928594766460275,0.005513229286795384,0
16986,2164,8,0.0473558,236779,0.0484679426198532,0.006996094873391872,0.0011121426198532,0,0.05427621749545343,0.0010312582336347857,0.0069204174954534264,0,0.05876298781227166,0.0013373817540317072,0.011407187812271659,0
16986,2164,9,0.09115,455750,0.09078873194324429,0.006542081897492565,0.00036126805675570917,0,0.08683768975512042,0.001290921113880227,0.004312310244879575,0,0.09341366700577673,0.0021278158299193437,0.002263667005776737,0
16986,2164,10,0.11619,580950,0.11777461560528715,0.010133054163924994,0.0015846156052871513,0,0.10979120146683871,0.0017126678012947248,0.00639879853316129,0,0.11347750903174494,0.0025382852585734074,0.0027124909682550574,0
16986,2164,11,0.1263948,631974,0.12487721323718844,0.007952642683666604,0.0015175867628115652,0,0.1205780365054188,0.0014613797475368515,0.005816763494581198,0,0.12290448233006572,0.002344152401427459,0.0034903176699342814,0
16986,2164,12,0.1267302,633651,0.12358986611615748,0.011088696930377201,0.0031403338838425082,0,0.12174308172356865,0.0015408657862085238,0.004987118276431335,0,0.12375238457153914,0.002014091731011178,0.002977815428460845,0
16986,2164,13,0.1199568,599784,0.12180407437644145,0.013519868380651407,0.0018472743764414434,0,0.1156874337546705,0.00126630103055763,0.004269366245329503,0,0.11745441496800064,0.0023111921513712733,0.0025023850319993574,0
16986,2164,14,0.1062728,531364,0.10715419084921336,0.00914488862490821,0.0008813908492133621,0,0.1035823093537358,0.0011861776059160383,0.0026904906462641986,0,0.1045277060654409,0.0015051792692693643,0.0017450939345590999,0
16986,2164,15,0.0869984,434992,0.08990124399500836,0.007021411084640255,0.0029028439950083557,0,0.08704423916204503,0.0013631906585460695,4.583916204502214e-05,0,0.08578058023456334,0.001590980059429519,0.0012178197654366674,0
16986,2164,16,0.0648674,324337,0.0631984094078904,0.006188293914389981,0.0016689905921096065,0,0.06717447108620077,0.001123067823556062,0.0023070710862007626,0,0.06321316972819988,0.0016680157469362246,0.0016542302718001306,0
16986,2164,17,0.042834,214170,0.04363960817331872,0.004436680079580123,0.0008056081733187198,0,0.04582341308531307,0.000735681860499453,0.0029894130853130724,0,0.04073719728727581,0.0008088731111811478,0.002096802712724187,0
16986,2164,18,0.0225922,112961,0.01993928357183977,0.003639586190262512,0.002652916428160231,0,0.025503389094579325,0.0006150288129995527,0.002911189094579325,0,0.020717178366255314,0.000560928612317632,0.0018750216337446862,0
16986,2164,19,0.0081196,40598,0.0065275954173641985,0.002844627161220325,0.0015920045826358009,0,0.009923299455119907,0.00037409196503342715,0.0018036994551199077,0,0.0069994728278079035,0.0003234072183855516,0.001120127172192096,0
16986,2164,20,0.001156,5780,0.0008411692033758508,0.001296620517178141,0.0003148307966241491,9,0.0016578879670815978,0.0001258190837654224,0.0005018879670815979,0,0.0009318038370881493,8.822641109036259e-05,0.00022419616291185064,0
16986,2740,1,0.0582968,291484,0.05832966184600249,0.006319432530206514,3.286184600248543e-05,0,0.0815702767488534,0.0017650605704878496,0.02327347674885339,0,0.04805861140744492,0.0018324377270231768,0.010238188592555084,0
16986,2740,2,0.1622724,811362,0.16153478143569805,0.01276125867094474,0.0007376185643019617,0,0.15451734837481745,0.002237548304906088,0.007755051625182557,0,0.1334642039073095,0.0032211915175935483,0.028808196092690502,0
16986,2740,3,0.2015592,1007796,0.20046119665590809,0.011575326004663083,0.001098003344091908,0,0.17665421941222773,0.001809994660653366,0.02490498058777227,0,0.17081560743923954,0.0036305610646232074,0.030743592560760452,0
16986,2740,4,0.1816084,908042,0.18111349550309744,0.012197891884087857,0.0004949044969025651,0,0.16783804367438324,0.0011544896561243468,0.013770356325616767,0,0.1713507630875421,0.0038483304283990043,0.010257636912457901,0
16986,2740,5,0.144816,724080,0.14492537945503348,0.011963154903928743,0.0001093794550334759,0,0.14397782354503427,0.0013547148220926083,0.0008381764549657278,0,0.153019720429588,0.002143173072451558,0.008203720429588002,0
16986,2740,6,0.107507,537535,0.10803930430697124,0.009500829310135217,0.0005323043069712374,0,0.11295938980371485,0.001164505885655386,0.005452389803714847,0,0.12380451820090614,0.0028210977922838647,0.016297518200906136,0
16986,2740,7,0.0732818,366409,0.0730199302503653,0.006761748644238016,0.00026186974963469944,0,0.07944294906844139,0.0013176176072750647,0.006161149068441396,0,0.09131055568592508,0.00152328462766923,0.018028755685925088,0
16986,2740,8,0.0423372,211686,0.043730794419987756,0.005712861649874973,0.0013935944199877578,0,0.04723016333600426,0.0009520697322397781,0.004892963336004259,0,0.05962431251500085,0.0015266725942426598,0.017287112515000855,0
16986,2740,9,0.0172006,86003,0.015931145475179417,0.0029970954364979398,0.0012694545248205825,0,0.02156278195931889,0.0007270199131421108,0.004362181959318891,0,0.030863923704091495,0.0009881642601827793,0.013663323704091495,0
16986,2740,10,0.0067468,33734,0.005301806979325322,0.0025208497995631695,0.0014449930206746776,0,0.008856929898953892,0.00033056418975709685,0.002110129898953892,0,0.011377487091534012,0.0005507322857413088,0.004630687091534012,0
16986,2740,11,0.002674,13370,0.002297558487024182,0.0017804993917281341,0.000376441512975818,4,0.0034429329277617738,0.00014751893921365056,0.0007689329277617736,0,0.004084097350588791,0.00018123333465675038,0.0014100973505887906,0
16986,2740,12,0.0010654,5327,0.0008433652091457579,0.0006571107985309429,0.0002220347908542421,4,0.0012757497138620338,7.63323403963886e-05,0.0002103497138620338,0,0.0014731652382934915,7.320237782713275e-05,0.00040776523829349153,0
16986,2740,13,0.0004138,2069,6.565654513933378e-05,0.00014435031942499756,0.0003481434548606662,16,0.00045130054292372417,2.2219580800798408e-05,3.75005429237242e-05,0,0.0005142185061251277,3.362879022645259e-05,0.00010041850612512772,0
16986,2740,14,0.0001528,764,2.7877048211274573e-05,6.377012854514025e-05,0.00012492295178872544,16,0.00015356381441891057,8.221392503524458e-06,7.638144189105721e-07,0,0.00016948495949022736,8.051917460169183e-06,1.668495949022736e-05,0
16986,2740,15,4.84e-05,242,0.0,0.0,4.84e-05,20,4.789585204915472e-05,2.7538003398620355e-06,5.041479508452741e-07,0,5.189780825571901e-05,2.7790072883590756e-06,3.4978082557190105e-06,0
16986,2740,16,1.56e-05,78,0.0,0.0,1.56e-05,20,1.3328697513613114e-05,1.0752115562269209e-06,2.271302486386886e-06,0,1.3809551556055071e-05,9.395829022227509e-07,1.7904484439449283e-06,0
16986,2740,17,3.4e-06,17,0.0,0.0,3.4e-06,20,3.1155902948860837e-06,2.397609878789246e-07,2.8440970511391633e-07,0,3.056016976387098e-06,2.3836000291434237e-07,3.4398302361290197e-07,0
16986,2740,18,4e-07,2,0.0,0.0,4e-07,20,5.470138075052484e-07,6.319446323803867e-08,1.4701380750524841e-07,0,5.121450510431692e-07,4.454310264798752e-08,1.1214505104316925e-07,0
16986,2740,19,0,0,0.0,0.0,0.0,20,5.5813239413045616e-08,1.0761446793723391e-08,5.5813239413045616e-08,0,5.2873863186471346e-08,7.036732106235977e-09,5.2873863186471346e-08,0
16986,2740,20,0,0,0.0,0.0,0.0,20,1.778782035699146e-09,1.3847828982508453e-09,1.778782035699146e-09,0,2.0812191375568392e-09,6.445187590482186e-10,2.0812191375568392e-09,0
16986,3036,1,0,0,0.0,0.0,0.0,20,1.8217859002536107e-14,1.1889619008085125e-14,1.8217859002536107e-14,0,3.543623030584675e-14,1.0886578197867391e-14,3.543623030584675e-14,0
16986,3036,2,0,0,0.0,0.0,0.0,20,1.2013789486429592e-12,3.6918789218047776e-13,1.2013789486429592e-12,0,1.5831948274043543e-12,4.766150614152072e-13,1.5831948274043543e-12,0
16986,3036,3,0,0,0.0,0.0,0.0,20,2.3973686814328162e-11,7.435171432700041e-12,2.3973686814328162e-11,0,2.909712888851593e-11,6.387009290901825e-12,2.909712888851593e-11,0
16986,3036,4,0,0,0.0,0.0,0.0,20,2.8981144994598573e-10,7.221860890301844e-11,2.8981144994598573e-10,0,3.6595342711725865e-10,8.983818466844564e-11,3.6595342711725865e-10,0
16986,3036,5,0,0,0.0,0.0,0.0,20,2.809130738881772e-09,7.042016808675949e-10,2.809130738881772e-09,0,3.893447640000959e-09,8.059899709268526e-10,3.893447640000959e-09,0
16986,3036,6,2e-07,1,0.0,0.0,2e-07,20,2.404013176693351e-08,4.705289029806333e-09,1.7595986823306648e-07,0,3.4290597566718993e-08,4.382835147051902e-09,1.6570940243328098e-07,0
16986,3036,7,2e-07,1,0.0,0.0,2e-07,20,1.7032759841890278e-07,1.874286373810174e-08,2.9672401581097214e-08,0,2.995627269796244e-07,3.846737819279731e-08,9.956272697962443e-08,0
16986,3036,8,6e-07,3,0.0,0.0,6e-07,20,1.1536328396800466e-06,1.2123716472168578e-07,5.536328396800466e-07,0,2.4494284837083926e-06,2.2287418766319504e-07,1.8494284837083926e-06,0
16986,3036,9,7.2e-06,36,0.0,0.0,7.2e-06,20,7.2379682076651025e-06,5.49775692964074e-07,3.796820766510284e-08,0,1.2129701862940107e-05,8.963501911696591e-07,4.929701862940107e-06,0
16986,3036,10,3.32e-05,166,0.0,0.0,3.32e-05,20,2.9716463805260147e-05,1.8476736487967078e-06,3.483536194739854e-06,0,4.4638469159384744e-05,2.7582794844499914e-06,1.1438469159384744e-05,0
16986,3036,11,9.88e-05,494,0.0,0.0,9.88e-05,20,9.65674355170201e-05,5.4788734032066036e-06,2.2325644829799055e-06,0,0.00014304895676743397,1.1530036552988426e-05,4.424895676743397e-05,0
16986,3036,12,0.000276,1380,3.730444501618401e-05,0.00016281169057629164,0.000238695554983816,18,0.00028180315822199156,1.9044765387014258e-05,5.803158221991578e-06,0,0.0004033315524582178,1.7219279116697178e-05,0.0001273315524582178,0
16986,3036,13,0.000685,3425,0.0003759059682573551,0.00048463560543777644,0.00030909403174264485,9,0.0007496417569194946,2.659691473007287e-05,6.464175691949469e-05,0,0.001121505504900495,5.684151707223047e-05,0.000436505504900495,0
16986,3036,14,0.001662,8310,0.0010628414445754257,0.0008896199606099325,0.0005991585554245744,3,0.0019793449637138505,8.564010009690956e-05,0.0003173449637138505,0,0.0030114103260441157,0.0001586125765196131,0.0013494103260441156,0
16986,3036,15,0.0041046,20523,0.004151253210116344,0.0015639561857410294,4.665321011634426e-05,0,0.005178337107060104,0.0002164079802782758,0.0010737371070601038,0,0.007930285138709048,0.00039066133866379047,0.0038256851387090483,0
16986,3036,16,0.0099778,49889,0.009886757842145322,0.003236600006410353,9.104215785467849e-05,0,0.013546803950289574,0.0005051951539143567,0.003569003950289574,0,0.02098944028638566,0.000791910262252658,0.01101164028638566,0
16986,3036,17,0.0246318,123159,0.02508388386966054,0.003929912565192077,0.00045208386966054045,0,0.03610949442088465,0.0010344016695738815,0.011477694420884654,0,0.05592865530471917,0.0017615295122717675,0.031296855304719165,0
16986,3036,18,0.064544,322720,0.061374607696288185,0.006082558931230445,0.0031693923037118196,0,0.0973625597404674,0.002583755578007061,0.03281855974046739,0,0.1456394317320665,0.004522306175699192,0.0810954317320665,0
16986,3036,19,0.1902,951000,0.18655091115266784,0.01256603121768822,0.0036490888473321714,0,0.25416654093658364,0.006002542860397569,0.06396654093658363,0,0.3412962653581348,0.006249130731733758,0.15109626535813478,0
16986,3036,20,0.7037786,3518893,0.7077058497550605,0.011493556747442867,0.003927249755060425,0,0.5890233012049502,0.008743805354107521,0.11475529879504986,0,0.4234770700968671,0.006543044666422028,0.28030152990313295,0
16986,3301,1,0,0,0.0,0.0,0.0,20,3.652479903503781e-11,1.4712175232911926e-11,3.652479903503781e-11,0,4.649747774919407e-11,8.747484007503572e-12,4.649747774919407e-11,0
16986,3301,2,0,0,0.0,0.0,0.0,20,1.3377245047917812e-09,2.5986769529156175e-10,1.3377245047917812e-09,0,1.3116777055038088e-09,2.2274012174737615e-10,1.3116777055038088e-09,0
16986,3301,3,0,0,0.0,0.0,0.0,20,1.6044438983952185e-08,2.7899166573766763e-09,1.6044438983952185e-08,0,1.5907727718529104e-08,2.1178335741291623e-09,1.5907727718529104e-08,0
16986,3301,4,0,0,0.0,0.0,0.0,20,1.283608205948357e-07,1.950321494852113e-08,1.283608205948357e-07,0,1.3181444611404327e-07,1.6485243299352756e-08,1.3181444611404327e-07,0
16986,3301,5,1.2e-06,6,0.0,0.0,1.2e-06,20,8.235812387709755e-07,1.0368249760036204e-07,3.7641876122902446e-07,0,9.050521184037565e-07,9.696896823325596e-08,2.949478815962434e-07,0
16986,3301,6,4.2e-06,21,4.877122037030778e-07,2.1811152818726134e-06,3.7122877962969217e-06,19,4.654590347296075e-06,4.990499325789106e-07,4.545903472960758e-07,0,5.432439110819818e-06,4.3158379462252454e-07,1.2324391108198187e-06,0
16986,3301,7,2.4e-05,120,0.0,0.0,2.4e-05,20,2.2973115733822433e-05,1.62904922066451e-06,1.0268842661775675e-06,0,3.107486468305891e-05,2.3747488801206062e-06,7.0748646830589125e-06,0
16986,3301,8,0.0001026,513,2.2548131152381637e-05,7.908293354708152e-05,8.005186884761836e-05,18,0.00010403059050201658,6.040233796915173e-06,1.430590502016579e-06,0,0.00016664434707280127,9.7913297348601e-06,6.404434707280127e-05,0
16986,3301,9,0.0004298,2149,0.0002289013972389087,0.00032604959660639143,0.00020089860276109128,8,0.00042717269615153065,1.9937283731734212e-05,2.627303848469335e-06,0,0.0005907845999986566,2.9494309357970744e-05,0.00016098459999865658,0
16986,3301,10,0.0012252,6126,0.0006272331119932647,0.0007272994819448281,0.0005979668880067353,5,0.0012359219424792544,4.901701817993451e-05,1.0721942479254357e-05,0,0.0015786945748371966,5.928248369936572e-05,0.0003534945748371965,0
16986,3301,11,0.002679,13395,0.00166900070773118,0.001222306865526018,0.00100999929226882,1,0.0029122898863075926,9.560281651000612e-05,0.00023328988630759266,0,0.0036676127967022036,0.00018397079640057566,0.0009886127967022036,0
16986,3301,12,0.0054264,27132,0.004312982902744559,0.0019915610277341767,0.001113417097255441,0,0.0061683872284644566,0.00024588622581372743,0.0007419872284644569,0,0.007649414301773164,0.00021107422206724435,0.0022230143017731643,0
16986,3301,13,0.0102326,51163,0.011349075561707065,0.0027767854730112794,0.001116475561707065,0,0.012077553837102292,0.0002586762658007606,0.0018449538371022919,0,0.015341477592498437,0.00047065156806897553,0.005108877592498437,0
16986,3301,14,0.0188446,94223,0.01919607323767968,0.004228586884847601,0.0003514732376796795,0,0.022890289890670597,0.0005521359176133869,0.004045689890670598,0,0.029251427715799184,0.0009334133527943477,0.010406827715799184,0
16986,3301,15,0.034163,170815,0.034378310058003604,0.005416239696470108,0.0002153100580036052,0,0.04201450568928053,0.0008726262916507008,0.00785150568928053,0,0.05356180123765144,0.0015817837711129428,0.01939880123765144,0
16986,3301,16,0.0616782,308391,0.06196171958044873,0.006144916976449903,0.0002835195804487267,0,0.0748823848290361,0.0013278913966477996,0.013204184829036097,0,0.09362630228386047,0.002707747282135311,0.03194810228386047,0
16986,3301,17,0.1111374,555687,0.10667993513464438,0.008394695236612248,0.004457464865355615,0,0.1278337723692242,0.0021365806497121915,0.016696372369224194,0,0.15605539085748693,0.0032558968511593993,0.044917990857486934,0
16986,3301,18,0.2033798,1016899,0.20318144436454552,0.0116999985305312,0.00019835563545447799,0,0.20410652900748733,0.002642019240106154,0.0007267290074873256,0,0.2312921183407318,0.004398485006405866,0.027912318340731795,0
16986,3301,19,0.3648486,1824243,0.3722595105735986,0.013613890825941733,0.00741091057359855,0,0.2745521849391817,0.0030699661062336663,0.09029641506081831,0,0.26768270195333643,0.00518463530980766,0.09716589804666359,0
16986,3301,20,0.1858234,929117,0.17993400646804575,0.00826791910241339,0.005889393531954251,0,0.2307579928761101,0.004756580090208535,0.0449345928761101,0,0.13949806796199013,0.003932789330972729,0.04632533203800987,0
