group,team,position,scout_seeds,selection_reference_hits,selection_reference_probability,holdout_reference_hits,holdout_reference_probability,plain_mean,plain_seed_sd,pooled_mean,pooled_seed_sd,matched_3_mean,matched_3_seed_sd,shrink_5_mean,shrink_5_seed_sd,hybrid_10_reconciled_mean,hybrid_10_reconciled_seed_sd
16498,4,1,20,3,6e-07,2,4e-07,5.000000000000001e-07,2.23606797749979e-06,2.448907127034866e-06,2.1627452597804803e-07,3.8969140152993133e-07,1.9858468456580763e-07,1.2651464067572248e-06,1.3232971713292666e-06,3.8881670101622863e-07,1.9897512156784706e-07
16498,4,2,20,509,0.0001018,555,0.000111,0.0001105,2.9642608025042527e-05,0.0004468671817867355,7.158365887329504e-06,0.00011105167464096118,5.381642708884489e-06,0.00015645649509935972,2.987451505069678e-05,0.00013958944487484255,4.007212979813542e-05
16498,4,3,20,149254,0.0298508,149615,0.029923,0.029795,0.0004228039236983698,0.03290177195388609,0.00011092284323850232,0.030093630838234558,0.00012555051600533228,0.0298120204000946,0.00037539478353853405,0.029828096572800233,0.00034997633369010533
16498,4,4,20,321539,0.0643078,323874,0.0647748,0.06439249999999999,0.0007536987741168643,0.07214175155893371,0.0001527147459309689,0.06604474916694314,0.0002518962280422601,0.0644743893330757,0.0006694271975508827,0.06447594609452577,0.0006149091066139393
16498,4,5,20,544060,0.108812,544182,0.1088364,0.1086525,0.0010489738093163155,0.11591318911697537,0.0001625875287769099,0.11131101885489543,0.00033960196376483934,0.10878190164844555,0.0008608356154798028,0.10877585369968294,0.0009092392161406146
16498,4,6,20,825415,0.165083,824949,0.1649898,0.1648175,0.0009561869174239038,0.1540855840571785,0.00022350434666652225,0.16189085133584263,0.00046328081308356515,0.16490526290149712,0.0009665533993165198,0.16492375024939981,0.0008951178215718176
16498,4,7,20,977561,0.1955122,978322,0.1956644,0.195839,0.0012805874474343087,0.1667752768223656,0.0002169822523854825,0.18077239302166848,0.0005456654193253077,0.19579205767412283,0.0012041623047428895,0.1957560070391181,0.001100101569126069
16498,4,8,20,760166,0.1520332,758889,0.1517778,0.1520605,0.0014041347776065519,0.1478088142058688,0.0001535729612599563,0.1507371486433828,0.0005244246243788075,0.15200319509557142,0.0012380603776703648,0.15193255228588728,0.0012403173706648503
16498,4,9,20,535371,0.1070742,534354,0.1068708,0.1070335,0.001003369454965565,0.11356154717487969,0.0001056225481763453,0.11184859607045661,0.0003675905978851996,0.10702487022006653,0.0010311018918730598,0.1070188175599569,0.0009867511138721386
16498,4,10,20,358011,0.0716022,358687,0.0717374,0.0717545,0.00083977738278164,0.07929807795243751,0.00012811890648401915,0.07694264944617793,0.00023463066771947183,0.07171111626811862,0.0006577346003378459,0.07173975420044096,0.0006713450710529048
16498,4,11,20,230445,0.046089,229912,0.0459824,0.046235,0.0007072444675231509,0.051542498221294565,0.00010727823690699897,0.04945495917197275,0.00016343487383179897,0.046160869975621646,0.0005247752590256568,0.046191602339290413,0.0005312801980998558
16498,4,12,20,140702,0.0281404,139749,0.0279498,0.0280285,0.000532168107590865,0.031432606898376396,5.90361952715228e-05,0.029546516402924456,0.00010170474678110694,0.027965366491902545,0.00046479386490313833,0.027986519980578876,0.0004447611815602119
16498,4,13,20,81840,0.016368,81931,0.0163862,0.016332,0.00032373803574722875,0.01797514180806007,4.0987559811504314e-05,0.016667458002241,6.682155520865721e-05,0.01628446209062022,0.0002657964283725427,0.01629669937649276,0.0002795796373040153
16498,4,14,20,44392,0.0088784,44091,0.0088182,0.008809500000000001,0.00026980451012577713,0.009454417572665783,2.2744176439337696e-05,0.008650044980632517,2.9170056574992802e-05,0.008782573222465626,0.00023560962551471876,0.00878651307836322,0.00023057251964103136
16498,4,15,20,20831,0.0041662,20793,0.0041586,0.0041235,0.00017181002360318302,0.004409909324022546,1.544616189141675e-05,0.003972286271625,2.8873605544377353e-05,0.004118224691782792,0.00014975613169556057,0.004119765108234206,0.00015257516610151547
16498,4,16,20,7736,0.0015472,7989,0.0015978,0.001572,0.00013189309865828543,0.0017039307385441783,8.29532388637027e-06,0.0015016805371806702,1.1831862658370499e-05,0.0015713943893747625,0.00011431011516214514,0.0015719245845347088,0.00011426958628565808
16498,4,17,20,1963,0.0003926,1902,0.0003804,0.0003985,4.7492381660530286e-05,0.0004763860699225111,3.778984676025753e-06,0.0004015113237122919,6.091973086227717e-06,0.0004039217461497393,3.829080698631681e-05,0.0004041164164582191,3.82108083425467e-05
16498,4,18,20,199,3.98e-05,204,4.08e-05,4.4500000000000004e-05,1.79105966869954e-05,6.872705016132644e-05,8.381521582670755e-07,5.243790577123792e-05,9.245144854409525e-07,4.9837758671920904e-05,1.2883867006241627e-05,5.2499843272051884e-05,9.434709652261537e-07
16498,4,19,20,3,6e-07,0,0,5.000000000000001e-07,2.23606797749979e-06,1.0527430536515823e-06,6.69463523800823e-08,6.265093568990987e-07,5.8851317454451395e-08,8.139845427121518e-07,1.572455262180229e-06,6.259777641451641e-07,5.888628250358992e-08
16498,4,20,20,0,0,0,0,0.0,0.0,6.424601023530252e-10,6.139431813745401e-10,1.5093930654441636e-10,3.095145169247479e-10,4.663697669219618e-10,3.688815580544146e-10,1.50999785798919e-10,3.101275979218254e-10
16498,5,1,20,1119,0.0002238,1007,0.0002014,0.000203,3.5850567051229984e-05,0.0006751959664512312,1.636975967522481e-05,0.0002044417323044761,2.015605298693426e-05,0.00022128261341892354,3.5717302762585826e-05,0.00022066087328617064,3.5680859075404174e-05
16498,5,2,20,37589,0.0075178,37092,0.0074184,0.0074884999999999995,0.00026396321514061076,0.027126937070826796,0.00016143504971153114,0.006924272228807174,0.00013772362421699612,0.00761895786035679,0.00024487575461101834,0.007581583194832523,0.0002507617847284581
16498,5,3,20,1484897,0.2969794,1487736,0.2975472,0.2971835,0.0009638370412602225,0.26594352361355567,0.000438117553738038,0.29217152916019795,0.0006253388428206768,0.29701762505060597,0.0010669993993971565,0.297137544017653,0.0008625345774521744
16498,5,4,20,1406756,0.2813512,1404027,0.2808054,0.2812615,0.0011132279995344054,0.25096634332808704,0.00023493766071133967,0.26279152900002745,0.0003092218295834913,0.2812519089305212,0.0010960491923390466,0.28122058829057567,0.0010412161231853766
16498,5,5,20,1021175,0.204235,1021074,0.2042148,0.20427750000000003,0.0013092499861813225,0.19920104215167406,0.00024059801674090593,0.20429136279989862,0.0004513280797582679,0.2043735520052516,0.001362351680589211,0.20433209034604838,0.0013299741226177153
16498,5,6,20,590131,0.1180262,589261,0.1178522,0.11795850000000001,0.0010065641140977921,0.13403968835762536,0.00026021869968548777,0.12784702982954763,0.0003650039482535135,0.11795297903064979,0.0008831896687162629,0.11794928239406346,0.0008343595401393
16498,5,7,20,281587,0.0563174,282956,0.0565912,0.056264499999999995,0.0007247320739055015,0.07240616246253193,0.00016005760532213724,0.06386951998445146,0.00025884604718288794,0.056198869108205526,0.0006251593032081099,0.0561807368006572,0.0006316410190905306
16498,5,8,20,115285,0.023057,115032,0.0230064,0.0230485,0.0005352842333997106,0.03198260158147114,7.996238467190452e-05,0.026847079411872206,0.00015056387418064347,0.02302184171098489,0.0005261163066462053,0.02300750543148328,0.0005091861808551458
16498,5,9,20,42616,0.0085232,42682,0.0085364,0.0085165,0.0003563155756821251,0.012167677991517733,3.5996663745130844e-05,0.010282476842100877,8.011919544104942e-05,0.00851328011428833,0.0002947234785854029,0.008511831134301373,0.0003012146397931535
16498,5,10,20,13861,0.0027722,14146,0.0028292,0.0027984999999999998,0.000165410971442901,0.004033905655926794,1.867275674089362e-05,0.0034875160517024704,4.4641225211104006e-05,0.0028083319635424766,0.00013368603671104758,0.0028090037022367336,0.00013273245680185366
16498,5,11,20,3940,0.000788,3933,0.0007866,0.0007939999999999999,8.022337236544105e-05,0.0011438958423802953,8.675327081392121e-06,0.001008239873345896,1.7600954603200528e-05,0.0008073110578472488,6.831012423644519e-05,0.0008076668620899848,6.750095147328791e-05
16498,5,12,20,881,0.0001762,904,0.0001808,0.000176,5.009464726106499e-05,0.00026284195066801115,1.889503052593473e-06,0.00023144930189273618,5.686360485888618e-06,0.00018197005683949608,4.465343719096108e-05,0.00019859870589103616,3.832198945716819e-05
16498,5,13,20,152,3.04e-05,137,2.74e-05,2.8500000000000005e-05,1.9808291724745767e-05,4.488381985928841e-05,6.483914304946317e-07,3.9010059362099066e-05,1.247334806083836e-06,3.033509576198743e-05,1.6595873039878136e-05,3.903357964171921e-05,1.25832225616963e-06
16498,5,14,20,11,2.2e-06,13,2.6e-06,1.0000000000000002e-06,3.0779350562554625e-06,4.980089008029183e-06,1.837520227564402e-07,4.2837077203566985e-06,4.541354938689731e-07,1.6550574782355158e-06,1.5376420122258826e-06,4.2852204625741265e-06,4.555923528048874e-07
16498,5,15,20,0,0,0,0,0.0,0.0,3.119290595367016e-07,3.6657087746431704e-08,2.535065369962961e-07,7.312979089573508e-08,9.71155930094769e-08,1.5841519817836998e-08,2.535394761644387e-07,7.29158850875937e-08
16498,5,16,20,0,0,0,0,0.0,0.0,8.122324204746216e-09,3.643649798142547e-09,6.320318979256005e-09,4.469696504448316e-09,3.199927132747803e-09,1.3805466893783776e-09,6.32129861090699e-09,4.468428136567669e-09
16498,5,17,20,0,0,0,0,0.0,0.0,6.703339470706974e-11,2.063244382350454e-10,1.8991315120066407e-10,8.238072695486962e-10,2.8727859292661566e-11,8.977424308696971e-11,1.8978976908188622e-10,8.233459210016036e-10
16498,5,18,20,0,0,0,0,0.0,0.0,0.0,0.0,0.0,0.0,0.0,0.0,0.0,0.0
16498,5,19,20,0,0,0,0,0.0,0.0,0.0,0.0,0.0,0.0,0.0,0.0,0.0,0.0
16498,5,20,20,0,0,0,0,0.0,0.0,0.0,0.0,0.0,0.0,0.0,0.0,0.0,0.0
16498,6,1,20,0,0,0,0,0.0,0.0,3.935239490322293e-08,8.17749791094204e-09,6.387961088285407e-09,7.201576972537906e-09,3.3286896596373166e-08,6.6189778621596865e-09,6.374788915104019e-09,7.195232044241791e-09
16498,6,2,20,34,6.8e-06,40,8e-06,6.5000000000000004e-06,5.871429486123998e-06,1.6698169537245315e-05,4.5649408593226064e-07,4.7928604680716374e-06,6.281322496680301e-07,1.2618913566601847e-05,5.032030893854421e-06,4.768319097929612e-06,6.201995206819452e-07
16498,6,3,20,15350,0.00307,15459,0.0030918,0.003038,0.00014919432753433045,0.003917196059548807,2.055720067456991e-05,0.003517337600925438,3.9543417508457715e-05,0.0030705862257804336,0.00013963204673438556,0.0030714450245105476,0.00013820635137937182
16498,6,4,20,49197,0.0098394,49333,0.0098666,0.009847999999999999,0.000311644196581868,0.01318941146483733,4.4218751080960355e-05,0.01147384814924954,6.763022407401129e-05,0.009905951274386444,0.00029800544730968604,0.009903724265723616,0.00029408973812924754
16498,6,5,20,121260,0.024252,121247,0.0242494,0.024394,0.00036320792942886015,0.03101146374539072,6.635740113231443e-05,0.027247691768657756,0.0001337629940076228,0.024409098724681562,0.0003570744750736778,0.024401544273189642,0.0003480326623006996
16498,6,6,20,263958,0.0527916,262940,0.052588,0.052761499999999996,0.0006321165365575189,0.06009574236321409,0.00011125876540924709,0.05646676417259248,0.0002211426456921878,0.052690648129735826,0.0005175323668795853,0.05268358967628354,0.0005007437735652084
16498,6,7,20,460634,0.0921268,460962,0.0921924,0.092009,0.0009249688472705731,0.09508783821174904,0.00016117648215991726,0.0961222379576594,0.00028810839732394526,0.09202008462666691,0.0008458023791879799,0.09198100981242126,0.0008651227629276046
16498,6,8,20,626809,0.1253618,626905,0.125381,0.1256135,0.0010070555046638118,0.12110001098425267,0.0001421959202086919,0.1278575301103017,0.00029315899281524436,0.12569695101848638,0.0009717607393122007,0.12560751971236123,0.000947496581536763
16498,6,9,20,683565,0.136713,683250,0.13665,0.136536,0.001101264345148221,0.1307633195556771,9.529843852638653e-05,0.13750425367061028,0.0001991349163009245,0.13649087419131184,0.0008995355845321582,0.1364499331666204,0.0008609720464692129
16498,6,10,20,664874,0.1329748,664258,0.1328516,0.133224,0.0011295429909574286,0.1266318119238083,0.00013014771315273896,0.13133528559928823,0.00018897652396078152,0.13308847164892373,0.0010209751819479852,0.13310873242194093,0.0010220981050762744
16498,6,11,20,599501,0.1199002,598685,0.119737,0.1196865,0.0010705594946470516,0.11360095674403174,0.00016883996288555701,0.11542234543429915,0.0003931586769559999,0.11956187036992356,0.0010026529778746679,0.1196113867018123,0.0009323741542713573
16498,6,12,20,494079,0.0988158,495344,0.0990688,0.098644,0.0008339468618689409,0.09579225094266877,0.00014586698182764843,0.0946327007724853,0.0002180749967326478,0.09855477492588335,0.0007171430888936331,0.09860656774962037,0.0007633924485317505
16498,6,13,20,383887,0.0767774,383661,0.0767322,0.07709350000000001,0.0009998961788211065,0.07622721264230473,0.00010532506382189217,0.07392373017741585,0.00019808782665663434,0.07700980209492034,0.0009045761517644278,0.07704753794858271,0.0008860028513077724
16498,6,14,20,279942,0.0559884,280639,0.0561278,0.0560265,0.0005852059916231027,0.05682226919161487,8.022684447112703e-05,0.05425944570094249,0.0001440685386035398,0.05600524707575063,0.0005661971205587678,0.056017385018581466,0.0005579747843759743
16498,6,15,20,187650,0.03753,187156,0.0374312,0.037323,0.0005659840057252874,0.03875550469151691,7.028557935019219e-05,0.036559187232401244,0.00014320390897852798,0.03741136663164627,0.0005900438683681178,0.03741521640334437,0.0005861462271993922
16498,6,16,20,108545,0.021709,109459,0.0218918,0.021734,0.0004355202575504859,0.023076528841018525,5.8548993178169964e-05,0.021460925246504326,9.745289840653309e-05,0.021868662004838536,0.0004058516409017744,0.02187067431419159,0.0003995138830609377
16498,6,17,20,49060,0.009812,49085,0.009817,0.009757499999999999,0.000366776498701866,0.010791393283028868,4.115397309934572e-05,0.009685979129576479,7.239697701702039e-05,0.009842855876648054,0.0002710819459026945,0.009845444965320898,0.00027058637221220324
16498,6,18,20,11393,0.0022786,11285,0.002257,0.0022465,0.00017756466575959243,0.002981957650590257,1.4187352561074952e-05,0.002446503453234227,1.621724923261324e-05,0.002293148101036798,0.00014584384617675488,0.002295333418223614,0.0001469770936943699
16498,6,19,20,262,5.24e-05,292,5.84e-05,5.8e-05,1.908430051942668e-05,0.00013798562880888387,2.5987171603839386e-06,7.931638284784762e-05,2.7485621071096307e-06,6.687082684292845e-05,1.698188698842161e-05,7.922621385827265e-05,2.673935632768978e-06
16498,6,20,20,0,0,0,0,0.0,0.0,4.0855400618838406e-07,9.43124956452336e-08,1.1819257908479926e-07,5.1968245746166194e-08,8.405207319242486e-08,1.6626223051306332e-08,1.1808612297357837e-07,5.191977994883832e-08
16498,7,1,20,0,0,0,0,0.0,0.0,0.0,0.0,0.0,0.0,0.0,0.0,0.0,0.0
16498,7,2,20,1,2e-07,0,0,0.0,0.0,7.284019856893894e-07,1.1753371395242254e-07,3.060594760162768e-07,2.2296785900369598e-07,9.534456176306184e-08,1.5582650346501282e-08,3.0475791364769326e-07,2.2295593636437386e-07
16498,7,3,20,5973,0.0011946,5777,0.0011554,0.001162,9.099450532861862e-05,0.0016893723099807218,1.3207843696781388e-05,0.0014616937728133116,2.4640922082543235e-05,0.0011732541791135344,8.933910931073308e-05,0.001173501026466855,8.792906109991833e-05
16498,7,4,20,29034,0.0058068,29074,0.0058148,0.0058185,0.00024279675277460918,0.008033145656168538,3.515707117863735e-05,0.00678974408269039,5.4770024328651357e-05,0.005811933343360237,0.00021174406327960363,0.005810680591288252,0.00021285463685942143
16498,7,5,20,91388,0.0182776,91515,0.018303,0.018381500000000002,0.0004706688969183278,0.023217745861008037,6.034139538400104e-05,0.019932237713395886,0.00011253820002638836,0.018308288412204863,0.0004502564690447392,0.018302553719380603,0.0004501775730349537
16498,7,6,20,228639,0.0457278,229027,0.0458054,0.0457515,0.0005591466712768664,0.05143968112005985,0.00010419813079191416,0.04756722017781859,0.00020762425942362617,0.045668137216413655,0.0004961472248531834,0.04566177067816757,0.0004991473651655602
16498,7,7,20,431069,0.0862138,431071,0.0862142,0.0862035,0.0010346587283788426,0.08856339494068335,0.00016547502133431566,0.08871050631327312,0.0002815093010927498,0.08624298430335776,0.0009456106755361832,0.08620525179991019,0.0009283223809395753
16498,7,8,20,615532,0.1231064,613943,0.1227886,0.1226825,0.0010929673515613113,0.11842609650154252,0.00014424901316487663,0.1244628664849347,0.0003017867518420065,0.12272823440232734,0.0009931473374861562,0.12263980829274967,0.0009716699001429942
16498,7,9,20,692599,0.1385198,693203,0.1386406,0.1390825,0.0010651507182702267,0.1313839535984586,9.880246362412238e-05,0.13804896787433651,0.0001963097552855985,0.13898389528918392,0.0008824947950974781,0.13894147549877442,0.0009285642733434607
16498,7,10,20,683079,0.1366158,683386,0.1366772,0.1371555,0.0011363259122924962,0.1292580429072279,0.000133566383955285,0.13416464909193765,0.00019923400757034836,0.13702455628064275,0.000999821293745997,0.13704428792252862,0.0010164845899024659
16498,7,11,20,610609,0.1221218,610857,0.1221714,0.12203900000000001,0.0011698803357608851,0.11715761596932905,0.00017145351436026726,0.11918614493049458,0.00040382779274335625,0.12198740649846807,0.0010689023972963489,0.1220369854158655,0.0010213882519045294
16498,7,12,20,503929,0.1007858,503587,0.1007174,0.10028999999999999,0.001304437769591499,0.0997371052376223,0.00015129004193094642,0.09878956527441776,0.0002149802034961753,0.10029978653587154,0.0011213957823319402,0.10035097750684008,0.0010951893069357376
16498,7,13,20,395859,0.0791718,396174,0.0792348,0.079151,0.0006734506585294006,0.08034367636446464,0.00010899136719364778,0.0782521899004643,0.0001775293941393831,0.0792168735456088,0.0007338501090079091,0.07925533876411492,0.000750268484773762
16498,7,14,20,294451,0.0588902,295728,0.0591456,0.0591055,0.0007939539626054168,0.06106465269720805,8.430667138242859e-05,0.058675041475924596,0.00015954069438458944,0.05921233876587838,0.0006997126803471649,0.05922475930641645,0.0007032355520335036
16498,7,15,20,204297,0.0408594,204638,0.0409276,0.0407595,0.0008215676606662594,0.04306345577366309,7.405971556281022e-05,0.04097953707557647,0.00014070784906450613,0.04084509919089948,0.000584115399487567,0.04084906361689674,0.0005889294106595097
16498,7,16,20,127552,0.0255104,126607,0.0253214,0.025349500000000004,0.0005222066035987144,0.027197365232172595,6.267112696745965e-05,0.025621147294034335,0.00011146150750925325,0.025402909717746485,0.00042239561532631225,0.02540517627810988,0.0004242980581552784
16498,7,17,20,63717,0.0127434,63385,0.012677,0.0126605,0.00036982890781093834,0.014180051552313392,4.609650507694877e-05,0.012998065841907259,8.105082920547022e-05,0.012675675889092663,0.0003759317839830689,0.012678680027395278,0.0003674614787920155
16498,7,18,20,20844,0.0041688,20658,0.0041316,0.0041025,0.0002260152533278276,0.0048535480847059186,1.7234733788587108e-05,0.004139793763674354,2.0688238247669642e-05,0.004102245798612069,0.00019147868452489982,0.004106121305107394,0.0001938980308385491
16498,7,19,20,1413,0.0002826,1358,0.0002716,0.0003025,4.7448032514253785e-05,0.0003865751607317095,4.377273780904516e-06,0.00021922475632343169,4.6599167990831605e-06,0.00031372129610558383,4.021664543176467e-05,0.00031334050520039433,3.995626015145017e-05
16498,7,20,20,15,3e-06,12,2.4e-06,2.5e-06,7.1635039941137895e-06,3.7926306742337176e-06,2.1467342770056993e-07,1.0981165069606896e-06,1.6961505341147003e-07,2.5639905513423526e-06,5.144761204119788e-06,1.0970392005007836e-06,1.69456177714373e-07
16498,8,1,20,983,0.0001966,1027,0.0002054,0.000201,4.778240151705272e-05,0.00117155861204853,2.80501789331835e-05,0.0003483521815216359,2.7525919404703542e-05,0.00022486827410582813,4.268648509775857e-05,0.00022430385701147966,4.288448237523461e-05
16498,8,2,20,37151,0.0074302,37391,0.0074782,0.0073880000000000005,0.0003128746175639523,0.04313996891469944,0.00023389961015252188,0.010782964312445931,0.00023184414045413775,0.007568462018152769,0.000297472918070822,0.007531092382380205,0.00029310391014297115
16498,8,3,20,1870475,0.374095,1868214,0.3736428,0.374376,0.0014409843127090873,0.32546055481902797,0.000491468781034805,0.3654012563292599,0.000761946649421713,0.37400045238799495,0.0013159989990618902,0.3741568264581245,0.0010657830314808412
16498,8,4,20,1327926,0.2655852,1331352,0.2662704,0.265843,0.0014106851638756768,0.2604422020707862,0.00022807010673541942,0.26984703218995854,0.000339810938251446,0.26580432195391585,0.0013659462405170462,0.2657787591140192,0.0013782532868222884
16498,8,5,20,916342,0.1832684,914629,0.1829258,0.182358,0.001390503884435992,0.17973138651183862,0.0002627921586088882,0.18213374963665824,0.0004439029550810068,0.1824212584461414,0.0012838448215703388,0.18238644862741196,0.001192691819660256
16498,8,6,20,491199,0.0982398,492340,0.098468,0.09862950000000001,0.000909525469103183,0.10675515145739953,0.0002245971839000293,0.10007325628138175,0.0002962267970098571,0.09871790536698358,0.0008562148258078722,0.09871657774174647,0.0008647038434654129
16498,8,7,20,216899,0.0433798,216026,0.0432052,0.0433705,0.000608807937910765,0.05165262105299242,0.00012625797587466028,0.04479964155847476,0.0002003140804818719,0.043411308895058794,0.0005724560246240338,0.043397931331646405,0.0005779440846299382
16498,8,8,20,87120,0.017424,87186,0.0174372,0.0174805,0.00044861746686787325,0.020904973650935597,5.7581178694070964e-05,0.017410349012624376,0.00011188159681950444,0.01749261174826075,0.0004000629072140514,0.017482167962398668,0.00039688330047575674
16498,8,9,20,33880,0.006776,33774,0.0067548,0.0067805,0.00020150682370579908,0.00747216165550006,2.489667887923687e-05,0.006327078301985712,5.508319642548229e-05,0.00678667226646249,0.00019383694154638298,0.0067855018296709355,0.00019592095028310704
16498,8,10,20,12376,0.0024752,12441,0.0024882,0.0024825,0.00015636916508529966,0.0023920462723629977,1.1355078693638071e-05,0.0020915331759997803,3.123885659561581e-05,0.002489925917657724,0.0001440378117304666,0.0024905444953664145,0.00014312604341365503
16498,8,11,20,4093,0.0008186,4114,0.0008228,0.000802,9.736529155710466e-05,0.0006762864821314904,5.108560340547545e-06,0.0006049168916832132,1.2394891022169101e-05,0.0008014585152839523,9.011388327063825e-05,0.0008018468717502619,8.9827502412858e-05
16498,8,12,20,1204,0.0002408,1157,0.0002314,0.000215,6.460405722960684e-05,0.00016377558835661935,1.0996648165437637e-06,0.00014681016717114478,3.801472225374392e-06,0.0002126374393005817,5.011560004428924e-05,0.00021278393103727904,5.020585845042486e-05
16498,8,13,20,299,5.98e-05,282,5.64e-05,6.2e-05,2.1908902300206645e-05,3.229203153604948e-05,3.72367250534713e-07,2.872502658438502e-05,8.339048493377678e-07,5.8408221935997406e-05,1.5959672434254282e-05,3.15203400341037e-05,1.2533877708468565e-05
16498,8,14,20,50,1e-05,62,1.24e-05,1.15e-05,1.0894228312566054e-05,4.594529260036271e-06,1.1078036019020142e-07,3.984742964870484e-06,2.8603497121764015e-07,9.46088726078001e-06,6.787189454899836e-06,3.986193367363546e-06,2.8778016591743225e-07
16498,8,15,20,3,6e-07,5,1e-06,0.0,0.0,4.0817143362946183e-07,2.1697336249545836e-08,3.355932748228925e-07,4.7404760999895716e-08,2.3479308625833681e-07,3.3969838442707005e-08,3.3566004208322715e-07,4.728738571994789e-08
16498,8,16,20,0,0,0,0,0.0,0.0,1.786294798516968e-08,2.8446592253601418e-09,1.4276774056405648e-08,4.77757604385552e-09,1.2617582576041002e-08,1.9402547024782042e-09,1.4280523744095906e-08,4.779295039567152e-09
16498,8,17,20,0,0,0,0,0.0,0.0,3.1674241698850005e-10,2.746828053798401e-10,3.2123640916617263e-10,9.031822820203001e-10,2.508153194772522e-10,1.7777423528215494e-10,3.211322860552868e-10,9.025060362631742e-10
16498,8,18,20,0,0,0,0,0.0,0.0,0.0,0.0,0.0,0.0,0.0,0.0,0.0,0.0
16498,8,19,20,0,0,0,0,0.0,0.0,0.0,0.0,0.0,0.0,0.0,0.0,0.0,0.0
16498,8,20,20,0,0,0,0,0.0,0.0,0.0,0.0,0.0,0.0,0.0,0.0,0.0,0.0
16498,10,1,20,0,0,0,0,0.0,0.0,3.064527855944991e-11,4.284267371268476e-11,3.0467889218979927e-12,1.313339653803571e-11,3.028218729443964e-11,4.275805160594549e-11,3.0360163754741548e-12,1.3084476264795583e-11
16498,10,2,20,1,2e-07,0,0,0.0,0.0,1.512590700343987e-07,1.2462012291163153e-08,5.762712086701137e-08,2.3262628424108823e-08,1.2057766319203164e-07,9.622914168610192e-09,5.732168623976531e-08,2.3124426857783366e-08
16498,10,3,20,824,0.0001648,803,0.0001606,0.000181,5.17992074720921e-05,0.0002313485675725248,2.310457002052167e-06,0.00019803014000314008,4.245541970347309e-06,0.00018150318448575899,3.950854494763776e-05,0.0001856183072337661,3.53209350126559e-05
16498,10,4,20,4329,0.0008658,4340,0.000868,0.0008635,9.07440008166409e-05,0.0013108502861003206,7.206978479461237e-06,0.0010756633995884274,1.0625191294335167e-05,0.000871061694647126,9.131722474815344e-05,0.0008707262048118098,9.157538015233676e-05
16498,10,5,20,16425,0.003285,16107,0.0032214,0.0032495,0.00017907584397326413,0.004792175625043431,1.6210991140317757e-05,0.003937691635564452,2.844934161470193e-05,0.003232435856302171,9.440570758546279e-05,0.003230797308999433,9.409693257107526e-05
16498,10,6,20,52446,0.0104892,52531,0.0105062,0.010592500000000001,0.0003612678697091822,0.014013140457823248,3.9388522708935736e-05,0.012312529987940125,7.19590310374962e-05,0.010560379762996347,0.00032761380030488674,0.010556695558051577,0.0003212711599207106
16498,10,7,20,129029,0.0258058,129247,0.0258494,0.0257245,0.000519883337115671,0.0325895228268473,8.601437157862851e-05,0.030687774443308558,0.00011084455317781077,0.025697166991330574,0.0004222952239532178,0.025681076771309423,0.00042355742764231465
16498,10,8,20,242315,0.048463,242493,0.0484986,0.048438999999999996,0.0006816690044141264,0.058160416595385865,0.00011008368985742236,0.057106236845667145,0.00016595675006262449,0.048527783480340696,0.0006151287592976707,0.04848351574152217,0.0006075813877478904
16498,10,9,20,374746,0.0749492,373860,0.074772,0.074542,0.0008525293635936983,0.08405518535421794,9.702838520758929e-05,0.08317921943706566,0.0001694109971046958,0.07471608868605684,0.0006598309523967766,0.07467893505169296,0.0006721058136368836
16498,10,10,20,502932,0.1005864,502320,0.100464,0.1006195,0.0009062675043681552,0.1054575274556034,0.00012202614995315182,0.10515033446295532,0.00018613592631419712,0.10079890224515979,0.0007724517252033922,0.10079393591990922,0.000759276383794333
16498,10,11,20,612124,0.1224248,612294,0.1224588,0.1223175,0.0012574111876140002,0.11984141712942284,0.00016169789864801753,0.12069269738564681,0.0002840458743165402,0.12245885583695773,0.0010538399109919381,0.12248518551504643,0.0010060921006234342
16498,10,12,20,679428,0.1358856,679779,0.1359558,0.135962,0.0008320716062303375,0.12601075167923673,0.00017637000045807045,0.12841230495008082,0.0002405104266835843,0.13608374183022603,0.0009566131414253734,0.13612745416226826,0.0009490940085217585
16498,10,13,20,674652,0.1349304,674952,0.1349904,0.13500600000000001,0.0012126109281867324,0.1235652857005646,0.00014870091201996883,0.12658301831695695,0.0002725695957163335,0.13507359138373282,0.0010743940503034931,0.1351129840555209,0.001064036358675341
16498,10,14,20,606643,0.1213286,607862,0.1215724,0.1210275,0.0010369686337437696,0.11284681148972246,0.000138199287744697,0.11535192079307725,0.00024329172033453526,0.12099002439960557,0.0010143574911309374,0.12099227897726879,0.0010296986506794109
16498,10,15,20,492987,0.0985974,491972,0.0983944,0.098659,0.0009017871145675133,0.09418058403503501,0.000123256048265959,0.09572778462208056,0.0001536603133202084,0.09848315752370915,0.0007749043118476376,0.09847413567791913,0.0008311138190494404
16498,10,16,20,349726,0.0699452,349411,0.0698822,0.070261,0.0007295052396911495,0.06884335000886357,0.00012120598464152506,0.06896587467738224,0.0001810019596714012,0.07002515881811919,0.0006898731294966456,0.07001732851936919,0.0006249400271774175
16498,10,17,20,196515,0.039303,196868,0.0393736,0.0395565,0.0005965362740988927,0.0397266461719362,0.00011192566025679669,0.038295809170904534,0.0001564492374362947,0.03936934027918435,0.0005763776852019856,0.03937183954699375,0.000573658671491428
16498,10,18,20,62741,0.0125482,62930,0.012586,0.0125765,0.0003789219472467425,0.013577576916341445,4.9042902449706193e-05,0.011866852610599696,6.223443395854125e-05,0.012503473922452005,0.0002993862708821451,0.012512602896876038,0.00030025372717937157
16498,10,19,20,2136,0.0004272,2230,0.000446,0.00042100000000000004,5.8480766068853775e-05,0.0007944496476211668,1.2632562323424475e-05,0.00045536874808519985,1.1817262596849138e-05,0.0004257763662632646,5.713202595222541e-05,0.0004252371677075133,5.721662307303901e-05
16498,10,20,20,1,2e-07,1,2e-07,1.5000000000000002e-06,3.6634754853252323e-06,2.8087629468153096e-06,5.391931576618123e-07,8.307429256283187e-07,3.315559108108499e-07,1.4371304854263254e-06,3.243140582221844e-06,8.301231304397519e-07,3.324223840465589e-07
16498,14,1,20,0,0,0,0,0.0,0.0,1.0505117504570116e-08,5.54574339755033e-09,2.6806836367391572e-09,6.429085599415238e-09,7.1735199543724935e-09,3.3664012952150926e-09,2.6745349075751697e-09,6.415003152059044e-09
16498,14,2,20,17,3.4e-06,22,4.4e-06,3.5000000000000004e-06,4.893604849295929e-06,1.0464250827140084e-05,3.872151205487129e-07,3.352835578759638e-06,5.466022066887927e-07,5.953187674823162e-06,3.4846551632007887e-06,3.3357197069849454e-06,5.392624337960123e-07
16498,14,3,20,23624,0.0047248,23501,0.0047002,0.004712,0.00022449006542313676,0.003992015215091739,2.2709153933044082e-05,0.0035805298734912934,4.290364008943699e-05,0.00467190816858539,0.0002086000081100035,0.004673740147674904,0.00021246848136981713
16498,14,4,20,71064,0.0142128,70689,0.0141378,0.014276500000000001,0.0003122966706936144,0.014331340442304557,5.013761027718978e-05,0.012519766313332672,7.325491604116802e-05,0.014275685156127699,0.0003180089890403071,0.014273705300985675,0.00032997267783874476
16498,14,5,20,159577,0.0319154,160058,0.0320116,0.031947500000000004,0.0006109257427526646,0.03451718631113142,7.418900321241925e-05,0.030526578938628052,0.000143840281146446,0.03197258757666787,0.0005121190439623679,0.031964349055020394,0.0004916879889874157
16498,14,6,20,320893,0.0641786,319939,0.0639878,0.063712,0.0005280211319535159,0.0669485580393846,0.0001206347202740119,0.06333055180072243,0.00023470429522163327,0.06377300578255515,0.0005475250997760384,0.06376815598245379,0.0005370963263420605
16498,14,7,20,548600,0.10972,548083,0.1096166,0.1097815,0.0011001257105201047,0.10423354099315366,0.00016522005741055094,0.10597892467730659,0.0003088858275423597,0.10988732624701936,0.0009649865534397821,0.10984661089089028,0.0009619092657140554
16498,14,8,20,738339,0.1476678,738086,0.1476172,0.1479455,0.0009193503140805475,0.12928969523905,0.00014661642332521914,0.1369707888381113,0.00029609934128862315,0.14805055032424463,0.0008818814873277244,0.14795407695863924,0.0009393181135409198
16498,14,9,20,745493,0.1490986,745722,0.1491444,0.149366,0.0013723449006411588,0.13531915948059708,9.747817972736163e-05,0.14230609626715024,0.00020668142750157216,0.1493603367549951,0.0010847763498150064,0.1493243588450801,0.0011085047832604645
16498,14,10,20,660307,0.1320614,660599,0.1321198,0.131907,0.0007666543858665547,0.12675317369532316,0.0001316836936438941,0.13104242030370733,0.00018464258029971746,0.13180267912762617,0.0007140806754745098,0.13183006018976498,0.0006960800789230091
16498,14,11,20,539833,0.1079666,539131,0.1078262,0.107864,0.0009697172675307832,0.1099347853021319,0.0001713279361341786,0.11106203610271889,0.0003817232049649087,0.1077168042518127,0.0008807683622059392,0.1077680247932113,0.0008885422997083659
16498,14,12,20,413244,0.0826488,413138,0.0826276,0.08273749999999999,0.0010557605141119327,0.08965332082845363,0.00013696898116751606,0.08793950330834505,0.00021692586837587907,0.08260457599207692,0.000952764253316724,0.08265241132649939,0.0009578002001723286
16498,14,13,20,303478,0.0606956,305270,0.061054,0.060797500000000004,0.0006912222203421542,0.06917993662984125,0.0001003538483346022,0.06656260537514473,0.00018932756915900526,0.06071491477490528,0.0007293853397271682,0.06074811752178098,0.0007178308265140043
16498,14,14,20,213675,0.042735,213012,0.0426024,0.0427575,0.0005961708956684352,0.050149614375479226,7.32027973923617e-05,0.04753886438985829,0.00012694305287642255,0.042725816718665634,0.0004907082203830196,0.042737575222843,0.0004943323639158106
16498,14,15,20,138945,0.027789,139403,0.0278806,0.027876,0.0005697589518014567,0.03349624806058989,6.323656485047584e-05,0.031411121257167524,0.00012720460257845034,0.027900649516710285,0.0004409012693518948,0.02790528015588148,0.0004508748671307906
16498,14,16,20,79600,0.01592,79625,0.015925,0.0157575,0.0003006287271352278,0.01977971544300574,5.097377702225217e-05,0.01832464153128863,8.131224717087116e-05,0.01583798446936644,0.0002531298900196915,0.015840534101423893,0.0002611255549174854
16498,14,17,20,34524,0.0069048,34843,0.0069686,0.0068025,0.00024065426172044095,0.009418458291148337,3.478110901346578e-05,0.008463546207277583,6.326651988664678e-05,0.0068819920964529185,0.0001932166920271276,0.006884107875692028,0.00018962464249636663
16498,14,18,20,8341,0.0016682,8447,0.0016894,0.0016695000000000002,0.00013264416189267633,0.002819182864210238,1.1968003693605395e-05,0.002340412335427398,1.4340879378212247e-05,0.001719591915895008,0.0001170797702254106,0.001721259383710216,0.00011678817847221684
16498,14,19,20,442,8.84e-05,432,8.64e-05,8.65e-05,2.942877217246665e-05,0.00017253661627873864,2.4299513494093067e-06,9.795261035411202e-05,2.6525798908903107e-06,9.72458311259592e-05,2.3144493881605287e-05,0.00010513472376508934,1.4057257923169883e-05
16498,14,20,20,4,8e-07,0,0,0.0,0.0,1.0574168803387218e-06,9.523598720978485e-08,3.0435370560350265e-07,6.557841646119755e-08,3.8493397278434663e-07,5.4406838144642066e-08,3.040936889827442e-07,6.553215142375678e-08
16498,15,1,20,169,3.38e-05,189,3.78e-05,3.6e-05,1.9029063643750176e-05,0.00018499700305097522,6.446070590312377e-06,3.720478868496726e-05,4.215978847171913e-06,4.319111658085283e-05,1.6716581026024877e-05,3.711184915590615e-05,4.299486680841586e-06
16498,15,2,20,17243,0.0034486,17178,0.0034356,0.003469,0.000155965583248019,0.012366859310146914,9.521388002176408e-05,0.0030011880453107813,7.588016623720613e-05,0.003571903386655912,0.00013696697059302354,0.0035544715949008725,0.00013794759522177793
16498,15,3,20,1044020,0.208804,1043873,0.2087746,0.20843099999999998,0.0014837360383770895,0.19672683083275877,0.00038292798209947805,0.20782211265105607,0.0004547563862088058,0.20818436302902638,0.0008917708692354553,0.20827710113322134,0.0008431528177067629
16498,15,4,20,1157080,0.231416,1155751,0.2311502,0.23127599999999998,0.001149624194888782,0.2232706224313477,0.0002205305114351869,0.2300594540599931,0.0003588824108342364,0.23122642542262786,0.0011203657728705925,0.2312100714159237,0.0010911788102267366
16498,15,5,20,1127154,0.2254308,1127564,0.2255128,0.225819,0.0008322252984429265,0.20564858044289935,0.00021059927875912237,0.2141179997518526,0.00039240297778259136,0.22575764400465737,0.0010488158587002193,0.22572099411584898,0.00099840333052511
16498,15,6,20,803758,0.1607516,803740,0.160748,0.16070500000000001,0.0012437358832840762,0.16063366729640852,0.00027201670933898705,0.16095853862314444,0.0003919785118447647,0.16076145405223974,0.0009793111222459456,0.16076356449406595,0.0010094677703564783
16498,15,7,20,455734,0.0911468,455782,0.0911564,0.091291,0.0008368795423602213,0.10256177829370319,0.00019150774208908717,0.09614496085750501,0.00036359474726781074,0.09135330180733704,0.0007438817953214081,0.09132702103672556,0.0006925173196011349
16498,15,8,20,223129,0.0446258,223547,0.0447094,0.0446015,0.0007109761636392297,0.05475338784782059,0.00010379076566252079,0.04860635197305459,0.0002659072819173588,0.044635706937127505,0.0006560741599998423,0.04461046725956442,0.0006607426966691157
16498,15,9,20,102890,0.020578,102965,0.020593,0.020703,0.0004324118407259445,0.025905841588214268,5.292038670352641e-05,0.0229867710101083,0.0001391488764534515,0.0207432467762077,0.00031871525090754486,0.020740034744578435,0.0003191191515873548
16498,15,10,20,43702,0.0087404,44356,0.0088712,0.0086765,0.00024266665461731229,0.011189242594221108,3.6854221511136924e-05,0.010088866584169978,8.675796894123334e-05,0.008706057674151363,0.00025968331104363174,0.008708433599085368,0.00025266311701302154
16498,15,11,20,17001,0.0034002,16950,0.00339,0.0033549999999999995,0.00020864222714342466,0.004441556164170897,1.976693926939755e-05,0.004073930872994418,3.823373116007297e-05,0.003365942515306238,0.00017460796514856062,0.0033678093847521904,0.00017431319214479432
16498,15,12,20,5817,0.0011634,5734,0.0011468,0.0011785,0.00010752111175803667,0.0016091702355284852,5.606173094186846e-06,0.00147105306658195,1.6557950446781477e-05,0.001180229712101855,9.850841661009519e-05,0.001181097674634645,9.973972367489723e-05
16498,15,13,20,1744,0.0003488,1816,0.0003632,0.0003345,7.535704486327948e-05,0.0005242796183887588,2.8969928709405167e-06,0.00047168242119326013,5.533891971748794e-06,0.00034410495286579237,6.565484126900665e-05,0.0003443168497765034,6.5722152745953e-05
16498,15,14,20,462,9.24e-05,463,9.26e-05,9.7e-05,2.7739388677664228e-05,0.00014631080536924398,1.1031127930467573e-06,0.00012875495208204267,2.6745982697675344e-06,9.933922222261622e-05,2.4393353669015845e-05,0.00012713995374901771,8.50272542465614e-06
16498,15,15,20,89,1.78e-05,80,1.6e-05,2.4e-05,1.9029063643750176e-05,3.189757767097108e-05,3.5586516314127345e-07,2.711339334082206e-05,8.920847171424003e-07,2.3417246504425673e-05,1.0406543188795735e-05,2.7120368704356144e-05,9.018182119549749e-07
16498,15,16,20,6,1.2e-06,12,2.4e-06,3.0000000000000005e-06,4.701623459816273e-06,4.615838814296116e-06,8.806090758528161e-08,3.7459211696458974e-06,1.3394824540889964e-07,3.4618897981015685e-06,2.8018667035189384e-06,3.7468541941508677e-06,1.349179302477629e-07
16498,15,17,20,2,4e-07,0,0,0.0,0.0,3.541043443805427e-07,1.4200932859242188e-08,2.654782954284533e-07,2.3307123746114905e-08,2.0443625432956142e-07,1.9945355180937823e-08,2.655894255785776e-07,2.33462717815575e-08
16498,15,18,20,0,0,0,0,0.0,0.0,8.015141340722578e-09,1.7220299838529362e-09,5.549462302697504e-09,1.744797153391742e-09,5.818334692376313e-09,9.339517340169166e-10,5.554998686378074e-09,1.745811131565766e-09
16498,15,19,20,0,0,0,0,0.0,0.0,0.0,0.0,0.0,0.0,0.0,0.0,0.0,0.0
16498,15,20,20,0,0,0,0,0.0,0.0,0.0,0.0,0.0,0.0,0.0,0.0,0.0,0.0
16498,16,1,20,1334719,0.2669438,1332957,0.2665914,0.2663015,0.0014907796441353863,0.37672496001791334,0.0007842037930273424,0.3251530412059665,0.0009175649065491812,0.26609313894172737,0.0012849216767856768,0.2664770736257606,0.0009521746120950104
16498,16,2,20,3580257,0.7160514,3582306,0.7164612,0.7167060000000001,0.0016985795923591515,0.5500513007969122,0.0008278829037770559,0.6551042663312396,0.0011524900380533558,0.7167122068810612,0.001550902945952431,0.7162432247567266,0.0011833701251652857
16498,16,3,20,75611,0.0151222,75510,0.015102,0.015065,0.00039506828190633204,0.0673982612155325,0.0003556131947521659,0.017218652272408284,0.0003667796161123037,0.01523259952858295,0.0004150960545773967,0.015304011572021709,0.0004021770001657331
16498,16,4,20,8189,0.0016378,8038,0.0016076,0.0016660000000000002,0.00013027905272509224,0.005368431227151002,4.82604927270688e-05,0.002214277600113927,7.25713797766508e-05,0.0016942777560427207,0.0001100320704049596,0.0017014339421700339,0.0001108901368463666
16498,16,5,20,1109,0.0002218,1078,0.0002156,0.00023350000000000004,5.622089890498203e-05,0.0004262611819369876,7.794473944622853e-06,0.00028626769753323526,2.5735371577709235e-05,0.00023952700897304042,5.118785703223291e-05,0.00024045410272469802,5.1160779107602155e-05
16498,16,6,20,104,2.08e-05,105,2.1e-05,2.6000000000000002e-05,2.0104987598001384e-05,2.9265380175509172e-05,1.0674890663752603e-06,2.230255116280506e-05,3.0034568700813268e-06,2.5953382520635545e-05,1.4622425753874576e-05,2.2386538985940635e-05,2.910488612843289e-06
16498,16,7,20,10,2e-06,6,1.2e-06,2.0000000000000003e-06,4.1039134083406175e-06,1.4651046800283487e-06,5.615233320800644e-08,1.1557449494545595e-06,4.979964531925738e-07,2.2460325326755118e-06,2.9480536018374436e-06,1.1600475764684619e-06,4.982932651591378e-07
16498,16,8,20,1,2e-07,0,0,0.0,0.0,5.365260246702616e-08,2.7176119211182973e-09,3.567431714436547e-08,2.726048126884658e-09,4.906900393951428e-08,2.4387657570203507e-09,3.581011528185461e-08,2.7922897347862e-09
16498,16,9,20,0,0,0,0,0.0,0.0,1.4066373658522137e-09,2.1857857436865674e-10,9.107748933615173e-10,2.4189016294762365e-10,1.383145201018827e-09,2.1292094827899065e-10,9.143943886402169e-10,2.4223870635803417e-10
16498,16,10,20,0,0,0,0,0.0,0.0,1.63395934400679e-11,1.1183003970415051e-11,1.1342570013568863e-11,7.905888871213704e-12,1.6291243998224118e-11,1.1197179501086983e-11,1.1407189534062482e-11,7.981827824351703e-12
16498,16,11,20,0,0,0,0,0.0,0.0,1.192309162345737e-13,1.8686207009736398e-13,1.917850885256658e-13,4.835540273764071e-13,1.192309162345737e-13,1.8686207009736398e-13,1.9239746736502558e-13,4.847957590104852e-13
16498,16,12,20,0,0,0,0,0.0,0.0,0.0,0.0,0.0,0.0,0.0,0.0,0.0,0.0
16498,16,13,20,0,0,0,0,0.0,0.0,0.0,0.0,0.0,0.0,0.0,0.0,0.0,0.0
16498,16,14,20,0,0,0,0,0.0,0.0,0.0,0.0,0.0,0.0,0.0,0.0,0.0,0.0
16498,16,15,20,0,0,0,0,0.0,0.0,0.0,0.0,0.0,0.0,0.0,0.0,0.0,0.0
16498,16,16,20,0,0,0,0,0.0,0.0,0.0,0.0,0.0,0.0,0.0,0.0,0.0,0.0
16498,16,17,20,0,0,0,0,0.0,0.0,0.0,0.0,0.0,0.0,0.0,0.0,0.0,0.0
16498,16,18,20,0,0,0,0,0.0,0.0,0.0,0.0,0.0,0.0,0.0,0.0,0.0,0.0
16498,16,19,20,0,0,0,0,0.0,0.0,0.0,0.0,0.0,0.0,0.0,0.0,0.0,0.0
16498,16,20,20,0,0,0,0,0.0,0.0,0.0,0.0,0.0,0.0,0.0,0.0,0.0,0.0
16498,17,1,20,3662974,0.7325948,3664794,0.7329588,0.7332500000000001,0.0015011188809474314,0.6201778369835086,0.0007333543121837748,0.6729259886607583,0.0006979106159554646,0.7326534656522243,0.0009875687153850874,0.7330341260703491,0.0009643313060224005
16498,17,2,20,1324321,0.2648642,1322423,0.2644846,0.264251,0.0014811727217238864,0.3650228865869884,0.0007626892395197652,0.3240692433013457,0.000717208401687809,0.2646648934174282,0.0010156113595675515,0.26424670204609524,0.0009891430752170082
16498,17,3,20,11982,0.0023964,12085,0.002417,0.0023635,0.00010864112820125768,0.014121219975536359,0.00011557434071015459,0.002804393277762667,7.771201033845801e-05,0.0025103152128079526,0.00011681611205675304,0.002519471333057531,0.00010981317967994256
16498,17,4,20,679,0.0001358,653,0.0001306,0.000126,3.8987177379235857e-05,0.000649113540324323,1.1170868522233111e-05,0.00018557464241978117,1.1812046010204618e-05,0.0001573126226669997,3.446705559428336e-05,0.0001743057486423522,2.3018045727818432e-05
16498,17,5,20,43,8.6e-06,44,8.8e-06,9e-06,9.119095061289915e-06,2.805421090679533e-05,1.3529666067340652e-06,1.4198841596698972e-05,2.305137732567841e-06,1.3321114249592209e-05,5.791105996879406e-06,1.424256207475676e-05,2.306898933879111e-06
16498,17,6,20,1,2e-07,1,2e-07,5.000000000000001e-07,2.23606797749979e-06,8.732833301120173e-07,8.357835521015233e-08,5.867952522031565e-07,1.6068531836332682e-07,6.78008563252593e-07,5.574341139253753e-07,5.880716684629811e-07,1.5702405906911788e-07
16498,17,7,20,0,0,0,0,0.0,0.0,1.5303301040977907e-08,2.0504461456547294e-09,1.4409585834635475e-08,1.8167596716990882e-08,1.3857059687051828e-08,1.3813801296231218e-09,1.4452511389934251e-08,1.8224040192716034e-08
16498,17,8,20,0,0,0,0,0.0,0.0,1.1582489571231005e-10,3.786905891369065e-11,7.10531046270422e-11,2.6642590158725213e-11,1.1472049104950223e-10,3.61044448763791e-11,7.127867352948281e-11,2.6798045211365048e-11
16498,17,9,20,0,0,0,0,0.0,0.0,2.7971346812680313e-13,2.881660828679441e-13,2.2597458129053924e-13,3.445237901997359e-13,2.7971346812680313e-13,2.881660828679441e-13,2.2606832907376204e-13,3.445681233140646e-13
16498,17,10,20,0,0,0,0,0.0,0.0,0.0,0.0,0.0,0.0,0.0,0.0,0.0,0.0
16498,17,11,20,0,0,0,0,0.0,0.0,0.0,0.0,0.0,0.0,0.0,0.0,0.0,0.0
16498,17,12,20,0,0,0,0,0.0,0.0,0.0,0.0,0.0,0.0,0.0,0.0,0.0,0.0
16498,17,13,20,0,0,0,0,0.0,0.0,0.0,0.0,0.0,0.0,0.0,0.0,0.0,0.0
16498,17,14,20,0,0,0,0,0.0,0.0,0.0,0.0,0.0,0.0,0.0,0.0,0.0,0.0
16498,17,15,20,0,0,0,0,0.0,0.0,0.0,0.0,0.0,0.0,0.0,0.0,0.0,0.0
16498,17,16,20,0,0,0,0,0.0,0.0,0.0,0.0,0.0,0.0,0.0,0.0,0.0,0.0
16498,17,17,20,0,0,0,0,0.0,0.0,0.0,0.0,0.0,0.0,0.0,0.0,0.0,0.0
16498,17,18,20,0,0,0,0,0.0,0.0,0.0,0.0,0.0,0.0,0.0,0.0,0.0,0.0
16498,17,19,20,0,0,0,0,0.0,0.0,0.0,0.0,0.0,0.0,0.0,0.0,0.0,0.0
16498,17,20,20,0,0,0,0,0.0,0.0,0.0,0.0,0.0,0.0,0.0,0.0,0.0,0.0
16498,18,1,20,0,0,0,0,0.0,0.0,0.0,0.0,0.0,0.0,0.0,0.0,0.0,0.0
16498,18,2,20,0,0,0,0,0.0,0.0,4.1410253293408196e-09,1.4992298005620216e-09,2.5424120894131763e-09,2.9263321969460927e-09,3.4173878912495447e-09,1.0963746574954513e-09,2.5232939789238254e-09,2.890774790466667e-09
16498,18,3,20,143,2.86e-05,149,2.98e-05,3.0500000000000003e-05,1.7614288458371993e-05,3.288208818942287e-05,5.163206084560619e-07,2.7663362252259818e-05,9.942697318293072e-07,2.9924761453764066e-05,1.0359193972085605e-05,2.7664991240422268e-05,9.951788262780893e-07
16498,18,4,20,1084,0.0002168,1116,0.0002232,0.00023050000000000002,4.322219215561424e-05,0.00024749313970145933,1.7971111171042908e-06,0.00020035667959951382,3.883391223260771e-06,0.00022818737267051294,3.221353259577242e-05,0.0002280880931823007,3.223614591072577e-05
16498,18,5,20,4798,0.0009596,4697,0.0009394,0.0009525,0.0001261942946412396,0.0011209567152382174,4.6646814545840346e-06,0.0009026078527909015,1.1972964730741653e-05,0.0009532637006584679,0.00010153142211515231,0.0009527237004318068,0.00010131354475519488
16498,18,6,20,17432,0.0034864,17117,0.0034234,0.0034475,0.0001580764305478108,0.003955542767436979,1.3462062867826407e-05,0.003391173215203433,2.715140422149181e-05,0.003449052535663747,0.00013251449412459676,0.0034477528832368457,0.00013234732764712457
16498,18,7,20,50917,0.0101834,50586,0.0101172,0.010311,0.000385430722835198,0.010930983700674243,3.336844013164516e-05,0.010018480087167929,6.738156039427657e-05,0.010311901804021358,0.0003526814818777162,0.010304843656998342,0.0003485074991987769
16498,18,8,20,107486,0.0214972,108146,0.0216292,0.0215835,0.00037868574667769333,0.02281487499632338,5.6232349424504115e-05,0.021577883068300933,0.00010991024522403628,0.0215806540088878,0.000309300470620258,0.02156013338659179,0.0003145506462233043
16498,18,9,20,180243,0.0360486,179493,0.0358986,0.035970999999999996,0.0006239087315170039,0.03810633873967348,6.047357405903727e-05,0.03622435294196075,0.00015311632380436992,0.03597229534013695,0.0005084024707878906,0.03595254338194944,0.0004903710819947785
16498,18,10,20,265551,0.0531102,265459,0.0530918,0.052934,0.000645620060993998,0.05517679307150149,7.831947014499313e-05,0.053168496766288466,0.00016293427095848899,0.05293610057951341,0.0004946864123066867,0.05293121642398504,0.0004940442377812632
16498,18,11,20,357007,0.0714014,357337,0.0714674,0.07174,0.0006495423490103592,0.07266478186966858,0.00010159529246546183,0.07144364152616124,0.00018983208329151322,0.07174049939692193,0.000483387530306448,0.07175333164559008,0.0005322608580049322
16498,18,12,20,453615,0.090723,455451,0.0910902,0.09109049999999999,0.0009388036900337864,0.08961525582866062,0.0001167481835728784,0.09031253756980945,0.00026230924276737365,0.09104973797897636,0.00078906027845296,0.09107458390851354,0.0007333710913427665
16498,18,13,20,546516,0.1093032,544523,0.1089046,0.10871,0.0008081688203001049,0.10497296124447804,0.00013436784143193453,0.10725800939652277,0.0002472092898988683,0.10862986081810526,0.0007876970718026886,0.10865670861442271,0.0007685026647046034
16498,18,14,20,622888,0.1245776,623520,0.124704,0.1244265,0.0011014501207140758,0.117804044461182,0.00015788316762857304,0.12169643519368793,0.0002481364659821694,0.12433493152282975,0.0010915126424709126,0.12433127387159212,0.00104335835718925
16498,18,15,20,673739,0.1347478,673031,0.1346062,0.1353605,0.0010084718768095576,0.12677120815820894,0.00013579280862648178,0.13174575774486771,0.0002456012129504037,0.1352713121021299,0.0009315032066157233,0.13525244740167372,0.0009399981903220873
16498,18,16,20,683103,0.1366206,683486,0.1366972,0.1365625,0.0009341468102808568,0.12913084306793682,0.00013852958216490797,0.13411198763270654,0.0001875580089272224,0.13648837380354906,0.0008999697535953123,0.13646811440922652,0.0008778813255768592
16498,18,17,20,595719,0.1191438,595235,0.119047,0.1189535,0.0008611147915409004,0.11929446500044069,0.00018545312593012424,0.12160570411865454,0.00029749058416766696,0.11897597058247718,0.0008258784327954636,0.11897824489133443,0.0007985055696353206
16498,18,18,20,375847,0.0751694,376460,0.075292,0.0749735,0.0006147765961370798,0.08511366159169591,0.00012898176749737099,0.08340380393171426,0.00024645720598000486,0.07517563119368932,0.0004609799107841176,0.07522697418218736,0.0004321890487891479
16498,18,19,20,62099,0.0124198,62374,0.0124748,0.012359499999999999,0.00034998458612675473,0.02127208387817115,0.00010147652762303577,0.012596459969121971,9.409449613119369e-05,0.012483793426286902,0.00026679852238902874,0.012466693317206666,0.0002547511929421319
16498,18,20,20,1813,0.0003626,1820,0.000364,0.000363,4.758372123232681e-05,0.0009748255397932018,1.6433960549028345e-05,0.00031464640077723754,1.5480735865772956e-05,0.0003885056546404267,5.074249325063017e-05,0.0003879328937962159,5.009784293923681e-05
16498,20,1,20,0,0,0,0,0.0,0.0,0.0,0.0,0.0,0.0,0.0,0.0,0.0,0.0
16498,20,2,20,0,0,0,0,0.0,0.0,0.0,0.0,0.0,0.0,0.0,0.0,0.0,0.0
16498,20,3,20,0,0,0,0,0.0,0.0,3.026731004346741e-08,4.081955130976119e-09,2.0276121398623143e-08,5.282186903951091e-09,2.3166292307117237e-08,5.704359053466767e-09,2.0276172446266095e-08,5.287532480531481e-09
16498,20,4,20,4,8e-07,1,2e-07,5.000000000000001e-07,2.23606797749979e-06,7.624572172965477e-07,2.5019346358942624e-08,5.376760267195199e-07,5.2025855160185454e-08,5.631562065662008e-07,2.3843546699262396e-07,5.373700501937851e-07,5.1925375736042515e-08
16498,20,5,20,40,8e-06,39,7.8e-06,5e-06,6.882472016116854e-06,9.009795859267917e-06,1.3000516607313155e-07,6.516106319216474e-06,1.5541481717021423e-07,5.407428387103571e-06,1.9981816078198877e-06,6.511766153880123e-06,1.5124016204549486e-07
16498,20,6,20,271,5.42e-05,269,5.38e-05,5.5e-05,1.538967528127731e-05,7.170518445183234e-05,5.776930975593535e-07,5.7462158656274756e-05,6.262114604850285e-07,5.885333312309863e-05,1.2648369797036268e-05,5.7434502892747484e-05,6.12124491502274e-07
16498,20,7,20,1552,0.0003104,1462,0.0002924,0.000316,6.31956027784079e-05,0.0003960492803154578,2.294170474221424e-06,0.00034052001353241697,4.473642591404117e-06,0.00032517755979348165,4.7083834225611967e-05,0.00032493729893358066,4.712826102791622e-05
16498,20,8,20,6067,0.0012134,5929,0.0011858,0.0012265,8.222402005304904e-05,0.0014396665839670054,7.270003466365721e-06,0.001283466818279557,1.1507764201555625e-05,0.0012331553184530962,7.782074420214091e-05,0.0012318479663893651,7.770799739412966e-05
16498,20,9,20,16564,0.0033128,16365,0.003273,0.0032559999999999998,0.0001765875360684804,0.003776112646218085,1.2796129927311884e-05,0.003407817153546692,2.5096645326930082e-05,0.003253433318833315,0.00015358185748711893,0.003251292882234994,0.00015265412966337388
16498,20,10,20,35818,0.0071636,35816,0.0071632,0.007049999999999999,0.00025145890110984026,0.008081009105878917,2.0712354028214043e-05,0.007404853596758051,5.1783398326437076e-05,0.007042302317982761,0.00023171327728382108,0.007040908840191182,0.00023105471830464657
16498,20,11,20,66522,0.0133044,66305,0.013261,0.0134505,0.00036712933329879964,0.01512598713652855,2.650965621244572e-05,0.014111653371812971,6.071021267712684e-05,0.013461271232008729,0.00030593995970701267,0.013462402816764928,0.00031377308207491554
16498,20,12,20,113693,0.0227386,114090,0.022818,0.0226885,0.0004232490246203825,0.025960355814585445,3.754617159328891e-05,0.024646103114277562,7.655473640403526e-05,0.022750754870546213,0.0004305688181935957,0.02275466340356836,0.0004277838041281592
16498,20,13,20,180227,0.0360454,180193,0.0360386,0.0359055,0.0006657048105105167,0.041798203355676314,7.362512368861946e-05,0.03965000307004531,0.00017655485245823325,0.03602963319379914,0.0006791904699381863,0.036034445329802246,0.0006563799915780194
16498,20,14,20,275398,0.0550796,275170,0.055034,0.054713500000000005,0.0006245358276352126,0.06452671340031049,0.00012399936507482705,0.06099145383981771,0.00025075058290525667,0.054841783111871836,0.0006419360004679529,0.05483407579709204,0.0005864213561551136
16498,20,15,20,417246,0.0834492,416722,0.0833444,0.0831485,0.0009762456280648786,0.09693367286369088,0.00013088123788535617,0.09164293521356437,0.0002987386401034732,0.08321084658752984,0.000794437530400298,0.08319080448366165,0.000817719953978248
16498,20,16,20,637361,0.1274722,637227,0.1274454,0.1278305,0.0007506241262758397,0.14256188862078809,0.00020469287910530512,0.13721340147901367,0.00030202803092665184,0.12786197473471086,0.0006798406147604197,0.12782976527499365,0.0006550222118432369
16498,20,17,20,1023455,0.204691,1023376,0.2046752,0.20439500000000002,0.0017396294221229363,0.2023215460324274,0.00028288672280179995,0.2091777476887326,0.0006221482647130534,0.2043883516859577,0.0014632098244341358,0.2043710601795688,0.0014121441256149103
16498,20,18,20,1773742,0.3547484,1774582,0.3549164,0.355134,0.0014578477286740213,0.24700312401573102,0.0002842989098207288,0.30669319218599583,0.0004506525889648815,0.35467893602116435,0.001058149323471383,0.35488546240960384,0.0011479405070885806
16498,20,19,20,429401,0.0858802,429600,0.08592,0.0861835,0.0009622083973859307,0.13447537615883734,0.0003289267498331854,0.09685569586848605,0.00042712830737275895,0.08613549833624315,0.0007236975733436482,0.08600978551615099,0.0006722482350175903
16498,20,20,20,22639,0.0045278,22854,0.0045708,0.0046415,0.00019090573590125568,0.015518787280206397,0.00011804757558765423,0.006516620369013447,0.0001076293469029659,0.004722034627096319,0.0001888655332085643,0.004715385574745116,0.00018558486093136757
16498,24,1,20,0,0,0,0,0.0,0.0,0.0,0.0,0.0,0.0,0.0,0.0,0.0,0.0
16498,24,2,20,0,0,0,0,0.0,0.0,3.0102105660219136e-10,3.4456127304668215e-10,8.394337124037141e-11,2.44802059342785e-10,2.247710280203991e-10,2.8047501623229694e-10,8.332738237769876e-11,2.435484838479559e-10
16498,24,3,20,38,7.6e-06,35,7e-06,7.000000000000001e-06,7.3269509706504655e-06,1.1378460898367703e-05,2.664518997769619e-07,9.305831118478806e-06,5.281476148116083e-07,8.381240329192883e-06,5.6418108080370985e-06,9.306079093210505e-06,5.294959368522231e-07
16498,24,4,20,405,8.1e-05,394,7.88e-05,9.05e-05,2.3050288273114592e-05,0.00011444673541522298,1.0201753865768562e-06,9.055355740699862e-05,1.9839261320857e-06,9.307778607774487e-05,1.7729570809349785e-05,9.421447423212642e-05,9.136482207686931e-06
16498,24,5,20,2369,0.0004738,2400,0.00048,0.0004795,5.031218331054303e-05,0.0006476141633338826,3.423691104267815e-06,0.0005098535750914845,8.11422824445124e-06,0.0004886810127254806,4.489014385199968e-05,0.000488362369240026,4.447169238386279e-05
16498,24,6,20,11379,0.0022758,11400,0.00228,0.0022825,0.00014930981566069784,0.002732192957396556,1.1410072078360195e-05,0.00230277737955434,2.113453749035818e-05,0.002286083728815851,0.00013276268647803807,0.0022851404516136807,0.00013273722385021502
16498,24,7,20,40384,0.0080768,40028,0.0080056,0.007997500000000001,0.00031479107524298017,0.008690457452204162,3.213840287209408e-05,0.007857257386016923,5.9110204786179315e-05,0.008015697121814517,0.00023881318739047967,0.008010098176219047,0.0002412526461205795
16498,24,8,20,93498,0.0186996,93895,0.018779,0.018734499999999998,0.00039926873946727874,0.020031951243474996,5.410104103863763e-05,0.018767621111841347,9.577174405981134e-05,0.01879615785483796,0.00036143792046005436,0.01877734228386166,0.0003511911316132942
16498,24,9,20,168502,0.0337004,169332,0.0338664,0.0335875,0.000570206564602504,0.035869061950139655,6.23397176332589e-05,0.033875954125440796,0.00014225571474117224,0.033676387884274114,0.0005723184751518932,0.033656765567191195,0.0005653438687760504
16498,24,10,20,261572,0.0523144,261141,0.0522282,0.052354,0.0006496023074887712,0.054507826626280176,8.212951767364669e-05,0.05230263029796404,0.00016713247659404503,0.052372612734260596,0.0005745495451599273,0.052365533882967996,0.0005436104911157132
16498,24,11,20,366881,0.0733762,368630,0.073726,0.0734035,0.0006654660021368498,0.07426906025762273,0.00010157130019852304,0.07281877726167794,0.00018923914355850187,0.07333864512163271,0.000689766852594713,0.073348748866359,0.0006943697532416024
16498,24,12,20,475761,0.0951522,475819,0.0951638,0.09557550000000001,0.0009279716136765584,0.09357870524319749,0.00012728260337709416,0.09418304108427877,0.00027701585886803776,0.09548858469761992,0.0007994870756931448,0.09551151497074498,0.0007935523740124886
16498,24,13,20,573680,0.114736,572520,0.114504,0.114478,0.0007857185782521162,0.11086593863504454,0.0001408302573086401,0.11322946784876065,0.00025912398903426767,0.11444619271688872,0.0007979965634117154,0.11447013114717616,0.0007613673152111658
16498,24,14,20,646769,0.1293538,644636,0.1289272,0.129385,0.0010037220206495637,0.12462376913406989,0.0001667152911045359,0.1287232620797261,0.00026199581957069094,0.1294131638262335,0.0009317289550620768,0.12940513106306703,0.0009553049657209827
16498,24,15,20,688543,0.1377086,690655,0.138131,0.13776,0.0011746399224308774,0.13276587072117585,0.00014298436789059995,0.13789648368426216,0.0002584494342157659,0.13782484740097983,0.0012156933204840428,0.13780000161198627,0.0011601825052237945
16498,24,16,20,682092,0.1364184,682499,0.1364998,0.1362195,0.0009053203852780515,0.13203114032440239,0.00014252161513224015,0.1367943816411811,0.0001889762722614248,0.13627813646235237,0.0008999662044227457,0.1362531992353287,0.0009318368109656071
16498,24,17,20,586185,0.117237,585810,0.117162,0.11736500000000001,0.0010308785216095009,0.11643453948468496,0.00018939923875530202,0.11791589828753202,0.0002948110329162734,0.11734413306689673,0.0008299926853357665,0.11734187026268654,0.0007791578924285948
16498,24,18,20,354731,0.0709462,353624,0.0707248,0.070916,0.0009056338286409956,0.07628571791314594,0.00012651148202711684,0.07327649402422516,0.00022588526132293437,0.07075037703994602,0.0007102740741903138,0.07079591885824633,0.0006780281836822413
16498,24,19,20,46583,0.0093166,46543,0.0093086,0.009246,0.0002783485130853803,0.01599039492422464,9.021810844418076e-05,0.009278438205193675,8.135092572900409e-05,0.009243574103496303,0.00025417837357962327,0.009231030373124404,0.00026484732980183983
16498,24,20,20,628,0.0001256,639,0.0001278,0.00011850000000000001,4.27076968288042e-05,0.0005499334722673235,1.193793383974522e-05,0.00016780253478450492,1.0820385656267598e-05,0.0001352659760472437,3.898973575664077e-05,0.00015696481809364567,1.8171041599327962e-05
16498,67,1,20,0,0,0,0,0.0,0.0,0.0,0.0,0.0,0.0,0.0,0.0,0.0,0.0
16498,67,2,20,0,0,0,0,0.0,0.0,5.449904549920525e-10,3.4345787478836844e-10,3.5518727896624377e-10,7.105884604336386e-10,4.963354597870532e-10,3.0581297512872033e-10,3.546564199519298e-10,7.106120169927281e-10
16498,67,3,20,74,1.48e-05,64,1.28e-05,1.3000000000000001e-05,1.1285761872936697e-05,1.2899790074129077e-05,2.464264285998209e-07,1.0565217026035106e-05,5.188532939843828e-07,1.3953678041695976e-05,8.02873590284641e-06,1.0565707003320554e-05,5.194037007718364e-07
16498,67,4,20,507,0.0001014,549,0.0001098,0.0001105,3.284332824983357e-05,0.0001156682439079159,9.13437363754303e-07,9.158727567599743e-05,1.9337852551766445e-06,0.0001096667818738784,2.2582400234591337e-05,0.0001090692282388797,2.0450773662262397e-05
16498,67,5,20,2429,0.0004858,2412,0.0004824,0.00045799999999999997,7.244598713960338e-05,0.000608781577778471,3.1574478065191774e-06,0.0004817436261666753,6.997400718865791e-06,0.0004659537194112285,5.576495716770482e-05,0.00046563262404532215,5.5250932089397705e-05
16498,67,6,20,9897,0.0019794,9965,0.001993,0.0019935,0.00014701503682491664,0.0024575130231541883,9.870717961385465e-06,0.0020787919151640335,1.856504189765164e-05,0.0019950453488377868,0.00015396461340026375,0.001994361490363578,0.00015516531413961915
16498,67,7,20,33676,0.0067352,33634,0.0067268,0.006825,0.00033116222769608185,0.007652523327015282,2.646685171146885e-05,0.006929755420654731,5.299451702682743e-05,0.0068413882715392645,0.00027289332699336757,0.006836719759688236,0.0002727352474462722
16498,67,8,20,83610,0.016722,83735,0.016747,0.016661500000000003,0.00040827332176271094,0.01758446119508476,4.828246121921752e-05,0.016474878569891514,9.031682730984442e-05,0.016686022485828275,0.00036161248671258374,0.016669730171168157,0.0003540691103786458
16498,67,9,20,151617,0.0303234,151549,0.0303098,0.0302715,0.000624855983407377,0.031720033919058706,5.710350700581238e-05,0.029931700574827396,0.00013090585242435656,0.03027675114183918,0.0005828386660928594,0.030259582785424965,0.0005640086149990235
16498,67,10,20,236165,0.047233,235560,0.047112,0.047126,0.0005703867570618896,0.04892242530292677,7.619454609948473e-05,0.04685956062808737,0.00015193338767081001,0.04714401346229036,0.000477508295830081,0.04713897533206026,0.0004717088145838541
16498,67,11,20,332022,0.0664044,332975,0.066595,0.066135,0.0007335386474947457,0.06795117410988274,9.595914182605624e-05,0.06646835307302916,0.00017899681202366774,0.06616566161103002,0.0006779469283073266,0.06617658767467058,0.0007071265402044427
16498,67,12,20,436979,0.0873958,435882,0.0871764,0.0872615,0.0006311999849909947,0.08758368607819357,0.0001178153245001012,0.08791334795234594,0.000261899043597803,0.08726546155025912,0.0006692054063266514,0.08728830029550175,0.0006387845135873069
16498,67,13,20,541101,0.1082202,540213,0.1080426,0.107926,0.000896516063788919,0.10651962502942373,0.0001359857128704021,0.10848973368022445,0.00025029770668771596,0.10791438908845252,0.0009539582542140817,0.10793966257337688,0.0009460725423286971
16498,67,14,20,638931,0.1277862,639769,0.1279538,0.1284555,0.0009022105892575304,0.1231254870606386,0.0001710012485987588,0.12694796760276653,0.00027195185479604887,0.12848078918808228,0.0008777107067657689,0.12847533358701044,0.0008226043556480561
16498,67,15,20,725924,0.1451848,725436,0.1450872,0.14489449999999998,0.0010893768136440492,0.1353483125129732,0.0001444381417097512,0.14050592605594828,0.00026818433815836235,0.1449157537038364,0.0009643280173279465,0.14489345652216634,0.0009527179874704589
16498,67,16,20,755887,0.1511774,756479,0.1512958,0.15162499999999998,0.0007904728764613297,0.13918134548287225,0.00014758751867141695,0.14443569273983994,0.00020133432701149778,0.15150463016193952,0.0008365906799447314,0.15148020975631277,0.000828178051507638
16498,67,17,20,646372,0.1292744,646338,0.1292676,0.12968,0.0009087933005683385,0.1270477578357299,0.00019790003014579234,0.12913363530776206,0.000308695581144557,0.1295166686625978,0.0007457773034530076,0.1295177135184576,0.0007682504299519456
16498,67,18,20,365534,0.0731068,366061,0.0732122,0.072746,0.0006647627198363429,0.08568478845006444,0.00013820048899242711,0.08273248544668407,0.00024358838998798512,0.07277500310336767,0.00048742562922225984,0.0728238838180322,0.0004879980893791067
16498,67,19,20,38418,0.0076836,38619,0.0077238,0.007663499999999999,0.0002998819943349648,0.017922627319579953,0.00010291393718875926,0.01034767396499735,9.151409000420048e-05,0.007761755828224472,0.0002555904515985123,0.007751294502039123,0.00025901511974385527
16498,67,20,20,857,0.0001714,760,0.000152,0.000154,4.1851869102447754e-05,0.0005608891966511398,1.3606781516003642e-05,0.00016660059372141967,1.194127505275603e-05,0.00016709171621332876,4.16934275712543e-05,0.00017019807700533184,3.818517308600517e-05
16498,74,1,20,33,6.6e-06,24,4.8e-06,8.000000000000001e-06,7.677718959499146e-06,2.9818159325433494e-05,1.278326406529699e-06,6.341300184132666e-06,1.2163862442969392e-06,1.2748225356128495e-05,5.090267479064159e-06,6.324837511807602e-06,1.2158959515435975e-06
16498,74,2,20,2859,0.0005718,2978,0.0005956,0.0005729999999999999,6.32538744392701e-05,0.002633696584059604,2.7310152700865195e-05,0.0006377675805918072,1.7154017960693502e-05,0.000696715970886752,6.350770844334038e-05,0.0006933710769222783,6.296700449323149e-05
16498,74,3,20,306592,0.0613184,306067,0.0612134,0.0614325,0.0009213141358093368,0.08539018843070392,0.00022205290487700957,0.08064347868059994,0.00019529566306969535,0.06141126736654203,0.0007063438482731271,0.0614472299589484,0.0007502554713452231
16498,74,4,20,582249,0.1164498,581126,0.1162252,0.11626399999999999,0.0010394654496675836,0.14097490445725908,0.0002198457179310048,0.13310346896906672,0.0003249106620850721,0.11624500916396774,0.0009269946210326682,0.11625174720463818,0.0008780756810850708
16498,74,5,20,887983,0.1775966,888576,0.1777152,0.17782599999999998,0.0013021819745092625,0.17930394517872245,0.00019579532681739166,0.17950810086435157,0.0003941371200715124,0.17782720690544251,0.0011235268793984721,0.17782190226659078,0.0011344773949581897
16498,74,6,20,1141659,0.2283318,1143601,0.2287202,0.2285645,0.0013770772825463583,0.18965103173749695,0.00027675096509400523,0.20541468131187557,0.0005457081478057592,0.2284303993754772,0.0011820112574881722,0.2284627772496989,0.0011099477078690694
16498,74,7,20,885292,0.1770584,885259,0.1770518,0.17682499999999998,0.0011622686527015314,0.16158882097610988,0.00023075057682895892,0.16888274691535224,0.0005129328797651336,0.17683327011556252,0.001026777926863428,0.17680643895789863,0.0010452850096259085
16498,74,8,20,549541,0.1099082,550488,0.1100976,0.1099885,0.001037792571303453,0.11181248480465307,0.00015414283670133475,0.10920697887396577,0.0005474109474275038,0.11012566022350964,0.0010495485942463255,0.11007722742488472,0.0010017795362202444
16498,74,9,20,318424,0.0636848,318163,0.0636326,0.0635405,0.0008264666389293383,0.0663947581630325,9.302123606424299e-05,0.06340964108737909,0.00031025871107144705,0.06359147161350137,0.0007378257034140421,0.06359001821804634,0.0007445313754514435
16498,74,10,20,173699,0.0347398,172644,0.0345288,0.034545,0.0005717793096530933,0.03505107248990237,8.941631604039618e-05,0.03347766025761507,0.000175362911409668,0.03451273464241334,0.0004819293667051118,0.0345275113920147,0.0004865139371011049
16498,74,11,20,88069,0.0176138,87168,0.0174336,0.017691000000000002,0.0003034000312250616,0.016628356217359683,5.581998797246444e-05,0.015918993012535732,7.292110766011795e-05,0.017631447507540917,0.00024328495398134918,0.01764372217317272,0.00024746543234720935
16498,74,12,20,40307,0.0080614,40651,0.0081302,0.008095,0.0002509875232797545,0.007008108895426389,1.9566856605674335e-05,0.006589439531938471,5.175222055551919e-05,0.008061560474401468,0.0002259880146982408,0.008067959812043082,0.0002250822389624075
16498,74,13,20,16225,0.003245,16315,0.003263,0.0032465000000000003,0.00017156477984776048,0.002574208155700155,1.1903143656057887e-05,0.0023605489563798356,1.9765511912047858e-05,0.0032349042380221795,0.00014746374001139292,0.00323737465219912,0.00014731389142496042
16498,74,14,20,5503,0.0011006,5455,0.001091,0.0011034999999999999,0.00012716648846875376,0.0007712890807092755,4.906199635066771e-06,0.0006824039034662433,1.0129434291235695e-05,0.001094288421604484,0.00010866841369208609,0.0010947820103054393,0.00010814347645131705
16498,74,15,20,1368,0.0002736,1299,0.0002598,0.000259,4.115439478994091e-05,0.0001651808113166107,1.89028332931887e-06,0.0001399722849817268,3.906245675744054e-06,0.0002546603723333212,3.9491853736236876e-05,0.0002547644532649254,3.957859429487107e-05
16498,74,16,20,190,3.8e-05,175,3.5e-05,3.6500000000000006e-05,2.084403234046921e-05,2.0883151374509834e-05,5.003564524427424e-07,1.684575959146962e-05,6.914490492331818e-07,3.525372237545126e-05,1.7972109917589814e-05,1.6852246762531856e-05,6.975345729312084e-07
16498,74,17,20,7,1.4e-06,11,2.2e-06,1.5000000000000002e-06,3.6634754853252323e-06,1.235966463536e-06,7.28558064896517e-08,9.185780070704461e-07,1.2032556164202518e-07,1.3978586729680193e-06,2.9590588653260157e-06,9.190779416978772e-07,1.2043295617944176e-07
16498,74,18,20,0,0,0,0,0.0,0.0,1.67403847173896e-08,8.488579460043926e-09,1.2132117714755437e-08,7.770779882651963e-09,3.802390110740545e-09,1.5220323937449294e-09,1.214508091788533e-08,7.781925625466927e-09
16498,74,19,20,0,0,0,0,0.0,0.0,0.0,0.0,0.0,0.0,0.0,0.0,0.0,0.0
16498,74,20,20,0,0,0,0,0.0,0.0,0.0,0.0,0.0,0.0,0.0,0.0,0.0,0.0
16498,79,1,20,0,0,0,0,0.0,0.0,0.0,0.0,0.0,0.0,0.0,0.0,0.0,0.0
16498,79,2,20,0,0,0,0,0.0,0.0,0.0,0.0,0.0,0.0,0.0,0.0,0.0,0.0
16498,79,3,20,5,1e-06,1,2e-07,5.000000000000001e-07,2.23606797749979e-06,1.829532501837986e-07,1.453312788186824e-08,1.440752562477726e-07,2.69606616057601e-08,2.4946175291758567e-07,5.667252778708548e-07,1.4409824704699283e-07,2.7100167530496743e-08
16498,79,4,20,26,5.2e-06,15,3e-06,4.5e-06,6.863327411532597e-06,3.5493882997193544e-06,6.719966861620916e-08,2.715483101126012e-06,1.438630932709856e-07,4.782332848377193e-06,4.739021355770726e-06,2.7140451441177165e-06,1.4283934359134935e-07
16498,79,5,20,166,3.32e-05,191,3.82e-05,2.8000000000000003e-05,1.2396943596157717e-05,3.393479397916439e-05,3.2032243920698897e-07,2.5376907422840467e-05,6.606028720906414e-07,3.067906074234986e-05,1.0719460401396254e-05,2.536127714364848e-05,6.456506222567109e-07
16498,79,6,20,1060,0.000212,1042,0.0002084,0.000213,4.256264732565892e-05,0.00022580006257508141,1.6391693026105921e-06,0.00018340562661557338,1.9286234529781397e-06,0.00022103732253571685,2.5487118664819394e-05,0.00022095689379535385,2.5581980238473912e-05
16498,79,7,20,4698,0.0009396,4647,0.0009294,0.000924,8.537224989791224e-05,0.0010743928334987335,5.9987698517505805e-06,0.0009356782937235148,1.1154527971195003e-05,0.0009429424026572974,7.443277545780121e-05,0.0009422695997497283,7.446832693454087e-05
16498,79,8,20,14915,0.002983,15267,0.0030534,0.0029545,0.00015298692754611422,0.0034467052936627356,1.4616263930630735e-05,0.0031146360199283286,2.1538189055667385e-05,0.0029610821606838355,0.0001275880171872912,0.0029581250416107615,0.00012800493836639867
16498,79,9,20,36490,0.007298,36649,0.0073298,0.007389,0.0003042488593586714,0.008135734411460175,2.257925720195927e-05,0.007448021973242675,5.039013027597489e-05,0.007368201826426078,0.00021674169168935128,0.007363642985271981,0.00021040747278546631
16498,79,10,20,72507,0.0145014,72425,0.014485,0.0144505,0.00045108611618018815,0.01577710610095301,3.352598612935372e-05,0.014679433251487212,7.531548651524522e-05,0.014434271895714909,0.0004216066882413614,0.01443225642586524,0.0004244440934862002
16498,79,11,20,125790,0.025158,125771,0.0251542,0.024928,0.0004985515863083044,0.026947388300417492,4.119050064511641e-05,0.025563308544310426,8.712700412777071e-05,0.024932152908704073,0.00038745255849803654,0.024935449015063615,0.0004055105417586336
16498,79,12,20,199015,0.039803,199074,0.0398148,0.039953,0.0004621357740796648,0.042193955757852786,5.99907053764643e-05,0.04094149925773356,0.00010866992946596443,0.03995236488660797,0.0003592658575855479,0.03996131619738778,0.0003559031043930464
16498,79,13,20,290559,0.0581118,291336,0.0582672,0.0580915,0.0007206084782649796,0.06200758774842817,0.00010008306742670724,0.060432442927469354,0.0001788088044198025,0.05806324798988029,0.0005645048875860258,0.05807452514481022,0.0005577243208788023
16498,79,14,20,410638,0.0821276,411186,0.0822372,0.08246400000000001,0.0009614813132814763,0.08711544195909957,0.00014748561766462153,0.08523945586217227,0.00026896850951294737,0.0824126346609394,0.0008565629332141299,0.08240631910316967,0.0008786499196659646
16498,79,15,20,570711,0.1141422,571586,0.1143172,0.11447149999999999,0.000928509133248734,0.11813258052631141,0.0001454245655155023,0.1161523715849512,0.0003538954276427782,0.11446775291887745,0.001003420636674489,0.11444494795160069,0.0009115894125300933
16498,79,16,20,794248,0.1588496,792586,0.1585172,0.1585125,0.0012058754190693963,0.15492025612867522,0.0001835384056745056,0.15506406865973793,0.00036274002615740845,0.15867626600052043,0.001088102461202622,0.1586445297469217,0.0010968978740033288
16498,79,17,20,1102008,0.2204016,1102466,0.2204932,0.2200945,0.0012081193518941138,0.19177381928015108,0.00026267010513982567,0.20314243762289813,0.000451516720597698,0.22021103764177802,0.0010843349183975671,0.22020373335010568,0.001045240620213669
16498,79,18,20,1108583,0.2217166,1107434,0.2214868,0.22165050000000003,0.001407896807671869,0.1971172823090624,0.00023614261396908976,0.22809843346746422,0.0004245565273700029,0.22139621274193694,0.001100121969662921,0.22153555246696902,0.0009599823723369131
16498,79,19,20,258710,0.051742,258771,0.0517542,0.051824999999999996,0.0007367746209698486,0.08383141145173194,0.000260802572911492,0.05626536208707393,0.0002746382615320308,0.05181391457354519,0.0005822742121674812,0.05174126840044625,0.0005932314485935952
16498,79,20,20,9871,0.0019742,9553,0.0019106,0.0020455,0.00013554859295703358,0.007262870700591376,7.160959702552252e-05,0.0027112083554116954,6.22867814579459e-05,0.0021111692138489884,0.0001400467092508081,0.0021082084316431894,0.0001376656567908884
16498,110,1,20,0,0,0,0,0.0,0.0,0.0,0.0,0.0,0.0,0.0,0.0,0.0,0.0
16498,110,2,20,0,0,0,0,0.0,0.0,0.0,0.0,0.0,0.0,0.0,0.0,0.0,0.0
16498,110,3,20,0,0,0,0,0.0,0.0,0.0,0.0,0.0,0.0,0.0,0.0,0.0,0.0
16498,110,4,20,0,0,0,0,0.0,0.0,6.058295065844349e-13,2.7093519189959057e-12,9.099117403914082e-15,4.06924901008066e-14,4.3273536184602495e-13,1.935251370711361e-12,9.103391636312519e-15,4.071160504919567e-14
16498,110,5,20,0,0,0,0,0.0,0.0,5.535298867113014e-11,2.288629647453945e-11,2.6407034836529498e-11,2.237859209153718e-11,5.46606120921765e-11,2.3311123147755596e-11,2.641434651787003e-11,2.238092544976887e-11
16498,110,6,20,0,0,0,0,0.0,0.0,4.7492017051158075e-09,2.08594604889445e-10,3.491636053217494e-09,5.468779545348622e-10,4.643090015107048e-09,3.6138282337478755e-10,3.494105898031255e-09,5.469716386318548e-10
16498,110,7,20,2,4e-07,1,2e-07,0.0,0.0,1.1285079300836462e-07,2.196517232262612e-09,8.838710418890116e-08,4.549716906273399e-09,1.0473333119984894e-07,6.053282518739378e-09,8.841863547276127e-08,4.4815463427914785e-09
16498,110,8,20,5,1e-06,3,6e-07,2.5e-06,4.442616583193193e-06,1.1122361696644587e-06,1.7410332629062917e-08,9.048428583760819e-07,1.9329077460027665e-08,1.408000054246149e-06,9.485078981153563e-07,9.049348702182139e-07,1.904704325791992e-08
16498,110,9,20,50,1e-05,34,6.8e-06,1.3000000000000001e-05,1.1285761872936697e-05,6.332234735610413e-06,6.212125221993947e-08,5.3044888828089155e-06,9.630589836211515e-08,8.37555156191208e-06,3.814257446426648e-06,5.3071649249970095e-06,9.119179819316444e-08
16498,110,10,20,178,3.56e-05,176,3.52e-05,3.2500000000000004e-05,1.51744244666721e-05,2.6235749469371914e-05,1.9064808526676847e-07,2.244845493334641e-05,4.178308539589143e-07,3.25993895249568e-05,1.2110930167888818e-05,2.2470276202125973e-05,4.188050622604159e-07
16498,110,11,20,535,0.000107,567,0.0001134,0.0001015,2.9960500312033645e-05,9.021244117510999e-05,3.8284805915664674e-07,7.907312478399322e-05,1.2091623422811914e-06,0.00010064645584902991,1.8888080598529752e-05,9.564387912260683e-05,1.9031130544654254e-05
16498,110,12,20,1411,0.0002822,1419,0.0002838,0.000283,4.027536794565501e-05,0.0002735391749973335,8.43540615400556e-07,0.0002456468121763181,2.7540696567459667e-06,0.0002889465411027353,2.6174383679873683e-05,0.0002893670748576635,2.6545581434808605e-05
16498,110,13,20,3782,0.0007564,3803,0.0007606,0.000762,8.192422686463645e-05,0.0007732677290024496,3.362560900899395e-06,0.0006961023960501175,1.2178929785086266e-05,0.0007769978109102222,7.587297339580224e-05,0.000777977114649673,7.533466938745125e-05
16498,110,14,20,9320,0.001864,9337,0.0018674,0.0018195,0.00012613589163237694,0.002113724953741813,8.22091171315062e-06,0.0018610233857775716,2.4243806741035335e-05,0.0018571016130085286,0.0001051300425415068,0.0018590585508348376,0.00010569706940743964
16498,110,15,20,22774,0.0045548,22474,0.0044948,0.0045545,0.00018164380992538812,0.00583175063575568,2.0229294033630183e-05,0.0049211330474174635,5.215243287537517e-05,0.004607371109488936,0.0001907170901827411,0.004611515083484376,0.00018805460512690195
16498,110,16,20,57744,0.0115488,58358,0.0116716,0.011585000000000002,0.0002741973933616362,0.017015998079436823,6.659843579095675e-05,0.01319077611592609,0.0001342684730510167,0.01161247880776885,0.00028887057315894564,0.011623004778416993,0.00028415603081267043
16498,110,17,20,162231,0.0324462,162161,0.0324322,0.0325245,0.0005675290393683082,0.054557582033428385,0.00015103646911607312,0.03771185052326289,0.0003376003758263212,0.032439367203362254,0.0004984119187092159,0.03247438886389517,0.0004889634197328332
16498,110,18,20,566823,0.1133646,567656,0.1135312,0.1137775,0.0008474970889563401,0.18604506317795344,0.0004379017908981798,0.12493440733678082,0.0007228065830672574,0.11357507733276731,0.0008824390887413275,0.11377328498424528,0.0008139849905873605
16498,110,19,20,3347930,0.669586,3346052,0.6692104,0.6695,0.001802285099241333,0.45175091961647756,0.0005000921712865963,0.6100950104909947,0.0011658963920920923,0.669466134474223,0.0014831485225662022,0.6692722414950042,0.0013819420819282825
16498,110,20,20,827215,0.165443,827959,0.1655918,0.16504449999999998,0.00122129558041321,0.2815141442817034,0.0005613728630326774,0.20623622707499925,0.0009631346596990445,0.16523338627886366,0.0012392190374002079,0.16519624398944652,0.0010360768430863697
16498,225,1,20,0,0,0,0,0.0,0.0,3.970475177053835e-09,2.1389993087335147e-09,1.0203181902730098e-09,2.480081665408301e-09,3.175938046647437e-09,1.3028149292721543e-09,1.017864057024204e-09,2.47404885378269e-09
16498,225,2,20,18,3.6e-06,15,3e-06,4.000000000000001e-06,5.9824304161611886e-06,4.381178359989486e-06,1.8506701505725543e-07,1.5042014355596344e-06,3.848631839327177e-07,4.937818236538707e-06,4.859018269907614e-06,1.4961317009865513e-06,3.789709202453013e-07
16498,225,3,20,10931,0.0021862,10918,0.0021836,0.0021704999999999997,0.00015048955200663562,0.002145181419007008,1.3654527453166986e-05,0.0019003477024156792,2.806717144190359e-05,0.002150105158814231,0.00015232873052015944,0.002150680224771861,0.00015161095511308914
16498,225,4,20,38524,0.0077048,38253,0.0076506,0.0076485,0.000255678148830661,0.008480361524856839,3.282999356949185e-05,0.0072641743252936635,5.312109527110009e-05,0.007611141321362055,0.0002222754307329413,0.007609472231555054,0.0002226904807298405
16498,225,5,20,97542,0.0195084,98117,0.0196234,0.019651,0.00041785038873790845,0.022338788456827057,5.283522916382028e-05,0.01932222609881123,0.0001044271380115675,0.01960054038031898,0.00040139215621788366,0.019594339359395467,0.0003973394335325672
16498,225,6,20,219200,0.04384,219359,0.0438718,0.043991,0.0005869717109654294,0.047415101907093735,9.37102215566187e-05,0.04395124001997049,0.0001877062020755375,0.04401032090887143,0.0004810835650676679,0.044004264090515395,0.000486795910583705
16498,225,7,20,419392,0.0838784,418613,0.0837226,0.08371150000000001,0.0009107618268587879,0.08087459268735366,0.00014156089599761157,0.08102303993801163,0.0002464263594075699,0.08385012142150797,0.0007239967680503572,0.08381380560268802,0.0007375752617316155
16498,225,8,20,604562,0.1209124,604620,0.120924,0.12079599999999999,0.000964629189732619,0.10941206721967696,0.00013912451731970798,0.11486967005108598,0.00028224611619677745,0.12087830492499366,0.000801038684587466,0.12079140372206162,0.0007845608613983344
16498,225,9,20,695177,0.1390354,697493,0.1394986,0.13927499999999998,0.0010832674743813872,0.12418729813901692,9.47291168118148e-05,0.13044862059047774,0.00019905901193016318,0.13924600886050592,0.0010357379833530287,0.13920321333936453,0.0010124422180845289
16498,225,10,20,690723,0.1381446,690903,0.1381806,0.1380345,0.0009950745806484211,0.12570542331266749,0.00012522433075216278,0.13057491647210576,0.00018919722827273836,0.13800937396219115,0.0009438421963774687,0.1380292977595205,0.0009464587211909996
16498,225,11,20,612962,0.1225924,611946,0.1223892,0.1226815,0.0011145651736510472,0.117629608071354,0.00017458103021081062,0.11987906401927892,0.00039563147634975686,0.12264005534210953,0.0011259168094041798,0.1226902542272414,0.0011058775284904171
16498,225,12,20,503492,0.1006984,502939,0.1005878,0.100539,0.0008284284424200599,0.10347738994360867,0.00015190593942850222,0.10286363007306498,0.00019149759115547196,0.1004651993776871,0.0007374044202782664,0.10051693339845418,0.0007473639031669366
16498,225,13,20,395476,0.0790952,395409,0.0790818,0.079254,0.0009730765102173854,0.086224708263365,0.00011412205093469716,0.08436877512027911,0.00017510518900986066,0.07923834105953217,0.0009103557723444468,0.07927692751630533,0.000925946193590205
16498,225,14,20,295960,0.059192,295165,0.059033,0.059028000000000004,0.0008010953028264032,0.06769993884357059,9.079787662908416e-05,0.0653787297954611,0.00016843281762294107,0.05906525113601482,0.0007029415336641279,0.059077678954520166,0.0007042838100554662
16498,225,15,20,206636,0.0413272,206490,0.041298,0.041163,0.0009105585330473062,0.049258965540668304,8.035400500209151e-05,0.047129505120962936,0.00014836465436298183,0.041186432648373225,0.0007732020262039704,0.04118998506296628,0.0007496305603418376
16498,225,16,20,126965,0.025393,127229,0.0254458,0.025577499999999996,0.0005867293377610104,0.031979347963643705,7.059595460141517e-05,0.03026921212439067,0.00012591059008623535,0.025564056082871732,0.0005006061120672486,0.025566244463205424,0.0004958489826883851
16498,225,17,20,62526,0.0125052,62792,0.0125584,0.012556500000000002,0.00032002096970766086,0.016968653777971614,5.3442518016837495e-05,0.015601979570483737,9.03823599266611e-05,0.012521387892111827,0.0003437709379352919,0.012524828488622899,0.0003521983678786409
16498,225,18,20,18887,0.0037774,18667,0.0037334,0.0037240000000000003,0.00017138445547641525,0.0057728096558180295,2.0547341820333914e-05,0.00491341698681671,2.3343569813860555e-05,0.0037414014910328907,0.0001342484110288435,0.003744799189654558,0.00013297283863092298
16498,225,19,20,1020,0.000204,1064,0.0002128,0.000193,4.3298231396966595e-05,0.0004222434457284184,5.1841535076502006e-06,0.00023903951935658224,5.353147270684356e-06,0.00021492658111324682,4.060808180831534e-05,0.00021464192802627828,4.0305186609452935e-05
16498,225,20,20,7,1.4e-06,8,1.6e-06,1.5000000000000002e-06,4.89360484929593e-06,3.1346789370451655e-06,2.3181213342478648e-07,9.072499795386245e-07,1.6254431481554863e-07,2.0904564136914757e-06,4.180547652268246e-06,9.064432950468737e-07,1.6285180151057325e-07
16498,318,1,20,0,0,0,0,0.0,0.0,0.0,0.0,0.0,0.0,0.0,0.0,0.0,0.0
16498,318,2,20,0,0,0,0,0.0,0.0,0.0,0.0,0.0,0.0,0.0,0.0,0.0,0.0
16498,318,3,20,0,0,0,0,0.0,0.0,0.0,0.0,0.0,0.0,0.0,0.0,0.0,0.0
16498,318,4,20,0,0,0,0,0.0,0.0,0.0,0.0,0.0,0.0,0.0,0.0,0.0,0.0
16498,318,5,20,0,0,0,0,0.0,0.0,0.0,0.0,0.0,0.0,0.0,0.0,0.0,0.0
16498,318,6,20,0,0,0,0,0.0,0.0,1.88858992788536e-12,8.799848732709746e-13,1.4215241585716435e-12,1.6352521934418552e-12,1.88858992788536e-12,8.799848732709746e-13,1.424883411212563e-12,1.6386360722199622e-12
16498,318,7,20,0,0,0,0,0.0,0.0,2.1391638722672412e-10,1.68806944422603e-11,1.5547763594126317e-10,3.717469803214184e-11,2.1391638722672412e-10,1.68806944422603e-11,1.5552301178438682e-10,3.6894893241893346e-11
16498,318,8,20,0,0,0,0,0.0,0.0,4.223693265183214e-09,1.5933467602379108e-10,3.2113146766221165e-09,1.242446979651739e-10,4.2061429644398825e-09,1.6565021458860146e-10,3.2122203747214465e-09,1.228548821026406e-10
16498,318,9,20,0,0,0,0,0.0,0.0,3.721994986148485e-08,6.478306140774512e-10,2.9795048282600173e-08,9.995577639576146e-10,3.6805086454008494e-08,9.941829944413267e-10,2.9815839586868715e-08,9.88876193952282e-10
16498,318,10,20,1,2e-07,1,2e-07,0.0,0.0,2.2576729963291912e-07,2.6206007887490045e-09,1.8575981962843004e-07,6.52743036979064e-09,2.172504754429511e-07,5.981431835634125e-09,1.8597480725218197e-07,6.514073972462282e-09
16498,318,11,20,4,8e-07,2,4e-07,1.0000000000000002e-06,3.0779350562554625e-06,1.067077082997938e-06,7.513055076333663e-09,9.076826145376544e-07,3.2576684792968826e-08,1.1494585522054414e-06,6.104842111280143e-07,9.090233330445488e-07,3.3995094678271404e-08
16498,318,12,20,20,4e-06,27,5.4e-06,3.0000000000000005e-06,5.712405705774794e-06,4.452048153066945e-06,2.8380906981751064e-08,3.845955358418428e-06,8.006185841287368e-08,3.885164105145042e-06,1.1305709390119594e-06,3.851887028170211e-06,8.212433420428804e-08
16498,318,13,20,67,1.34e-05,77,1.54e-05,1.65e-05,1.1367080817685316e-05,1.7071663963095804e-05,1.2595332751027113e-07,1.492521601169844e-05,4.3717663994119436e-07,1.5846438041450488e-05,5.03625219019082e-06,1.4947559615546981e-05,4.347156373471867e-07
16498,318,14,20,216,4.32e-05,214,4.28e-05,4.9e-05,1.6827296120792614e-05,6.402520453792411e-05,3.965048342086254e-07,5.3520566197982734e-05,1.3629656731824187e-06,5.097010177202199e-05,1.2087688533424262e-05,5.358791783508347e-05,1.430762523314046e-06
16498,318,15,20,698,0.0001396,738,0.0001476,0.000142,3.503381824826737e-05,0.00024942781304794373,1.583925477964925e-06,0.00019191768898008717,3.610340767140434e-06,0.0001542376327701373,2.670816161019875e-05,0.00016280459557602468,2.204988149741283e-05
16498,318,16,20,2601,0.0005202,2555,0.000511,0.0005135,5.132712425424325e-05,0.001083640876594277,7.582083554766767e-06,0.0007161686374345816,1.4982922837601778e-05,0.0005420224674776086,4.913585516658527e-05,0.0005426374283390723,4.923482017971709e-05
16498,318,17,20,10834,0.0021668,10682,0.0021364,0.002172,0.0001867900594672786,0.005683738385829574,2.4436214817035756e-05,0.0029906692768061982,6.481523201593956e-05,0.0022207060240138103,0.00016832199534862698,0.0022236226542925327,0.00017033698170365895
16498,318,18,20,65928,0.0131856,65615,0.013123,0.013087499999999998,0.00034291129741485153,0.03710611714102667,0.0001635722276744884,0.016962447055205217,0.00019091494884447004,0.013154182469583994,0.00031583499115092725,0.013179516022200622,0.00030781738538235813
16498,318,19,20,783297,0.1566594,784281,0.1568562,0.156499,0.0011915664170812272,0.2627131918253386,0.0006502101590793753,0.19510701233353203,0.0006024453508190743,0.15669825274620414,0.0009611937290838977,0.15668314735263278,0.0010396800056128883
16498,318,20,20,4136334,0.8272668,4135808,0.8271616,0.8275165,0.0012266611722798419,0.6930770005376783,0.0006650720677607083,0.7839583666647776,0.000588027806999895,0.8271584890199698,0.0009361731413849547,0.8271363384633148,0.0010160353933758937
16498,584,1,20,0,0,0,0,0.0,0.0,0.0,0.0,0.0,0.0,0.0,0.0,0.0,0.0
16498,584,2,20,0,0,0,0,0.0,0.0,1.0479907018123672e-09,1.199573924938932e-09,2.9401141094313394e-10,8.58024142253715e-10,5.39345705750373e-10,5.943205190099269e-10,2.918838363604422e-10,8.537860829767443e-10
16498,584,3,20,207,4.14e-05,193,3.86e-05,3.9000000000000006e-05,2.2687812633774618e-05,3.2749486623302696e-05,6.568419742733062e-07,2.7031328768982097e-05,1.2194776821434356e-06,3.966733544704408e-05,2.051879449732651e-05,2.7033071758924324e-05,1.2151996107364088e-06
16498,584,4,20,1408,0.0002816,1415,0.000283,0.0002795,6.402918742343419e-05,0.00029527210072245654,2.3524444196364017e-06,0.00023548378881204325,4.108760239013598e-06,0.0002843448673383236,5.154020818203646e-05,0.00028421638428388526,5.153690932391193e-05
16498,584,5,20,6140,0.001228,6070,0.001214,0.001278,9.929223216556799e-05,0.00148222250480374,6.767294392674274e-06,0.0011827221654613497,1.4139970664999844e-05,0.0012765179988854936,8.554498244285638e-05,0.0012758388002029498,8.556789677665962e-05
16498,584,6,20,22558,0.0045116,22414,0.0044828,0.0044985,0.00021049503057017014,0.005506304854159307,1.9549119211846604e-05,0.004701602658033271,3.56293576120888e-05,0.004482580071105169,0.00019207878102757198,0.004480947557466104,0.00019178590975624902
16498,584,7,20,62964,0.0125928,63315,0.012663,0.0126045,0.0003349701479236619,0.01542274179928379,4.995888858062213e-05,0.014095519711773266,7.908752549552185e-05,0.01259232058223329,0.00027945400213083733,0.012583978390899678,0.00027585210161782417
16498,584,8,20,131620,0.026324,131836,0.0263672,0.026181,0.0006220077846864348,0.03173877608200424,7.280509609541195e-05,0.030061628040328532,0.00012135532149395748,0.026240195192234212,0.0005004802645688021,0.026215632330341455,0.000505699114722269
16498,584,9,20,221773,0.0443546,221112,0.0442224,0.0441365,0.0004540840984014448,0.051490308591371256,7.419634000443023e-05,0.04915020912322198,0.00014362341533505273,0.044289995129398525,0.0003101606821515118,0.04426671511445598,0.0003282679999892864
16498,584,10,20,324644,0.0649288,325682,0.0651364,0.0648555,0.0007612280590563748,0.0716474485227952,9.550557543327518e-05,0.06935929558392888,0.00018712298062039328,0.0649920023451649,0.0006554057593584336,0.06498689122970527,0.0006514392211951364
16498,584,11,20,432662,0.0865324,433423,0.0866846,0.086775,0.0008435108335497472,0.0900495759284832,0.0001211090381403808,0.08895902994999776,0.00019384323167552042,0.08680616686985936,0.0007700151437063919,0.0868224427946713,0.0007617251088611887
16498,584,12,20,536423,0.1072846,535256,0.1070512,0.1072795,0.0008127825824387419,0.10521124449170441,0.0001433915293447312,0.10648839552731204,0.00028284218356712445,0.10718401789036629,0.0007550044722621234,0.10721509801453055,0.0007256825595012023
16498,584,13,20,610456,0.1220912,611388,0.1222776,0.12280500000000001,0.0008426243465944285,0.11599522200609821,0.0001409382134296802,0.11907320148389429,0.0002310426182866674,0.12260952773984639,0.0006893786417566965,0.12264175191169746,0.0006991360923520877
16498,584,14,20,654751,0.1309502,653678,0.1307356,0.13071950000000002,0.0011455335461099181,0.121569030099234,0.0001548891832229506,0.12584735043602083,0.0002489900049618217,0.130570610840061,0.0011104860145295368,0.13056883617352133,0.0010879425591933459
16498,584,15,20,647559,0.1295118,647522,0.1295044,0.1294815,0.0011318093339520816,0.12072508640797357,0.00013349430556403526,0.12527359919927222,0.00022334955438547608,0.12942432610305893,0.001025536338907605,0.1294081023031211,0.0010333930680315928
16498,584,16,20,586644,0.1173288,586303,0.1172606,0.1168605,0.0010488614127509381,0.1116704166313233,0.00013285117126577675,0.11514243899125964,0.00017883925801287747,0.11688163483848373,0.0007898632587640661,0.1168660374068469,0.0007875635588270713
16498,584,17,20,464882,0.0929764,465046,0.0930092,0.093082,0.0010545969546903236,0.0912244499705767,0.0001611748877132796,0.09181591825683713,0.00023554302293845791,0.09317612552329121,0.000793689926984426,0.09317916378088686,0.0007692398304706646
16498,584,18,20,266407,0.0532814,266377,0.0532754,0.053351499999999996,0.0006399611419124557,0.05506984742226671,9.876177422918658e-05,0.052409898734541535,0.00017086906835656846,0.05330976313736008,0.0005298111950324096,0.053346773521591874,0.000500932733602759
16498,584,19,20,28286,0.0056572,28384,0.0056768,0.005662,0.0001973402085099152,0.010531440018809088,6.278930697895876e-05,0.006073448968738256,5.55464160990108e-05,0.00571390749328293,0.0001599462779684135,0.005706332527073833,0.0001622146181366714
16498,584,20,20,616,0.0001232,586,0.0001172,0.00011100000000000001,2.971797258792803e-05,0.00033786203377658534,7.63099932272978e-06,0.00010322575778635397,6.5646042969662335e-06,0.00012629550323716573,2.639871024492712e-05,0.00012547181551759117,2.675206438871846e-05
16653,9,1,20,0,0,0,0,0.0,0.0,0.0,0.0,0.0,0.0,0.0,0.0,0.0,0.0
16653,9,2,20,0,0,0,0,0.0,0.0,0.0,0.0,0.0,0.0,0.0,0.0,0.0,0.0
16653,9,3,20,0,0,0,0,0.0,0.0,0.0,0.0,0.0,0.0,0.0,0.0,0.0,0.0
16653,9,4,20,0,0,0,0,0.0,0.0,0.0,0.0,0.0,0.0,0.0,0.0,0.0,0.0
16653,9,5,20,0,0,0,0,0.0,0.0,0.0,0.0,0.0,0.0,0.0,0.0,0.0,0.0
16653,9,6,20,0,0,0,0,0.0,0.0,0.0,0.0,0.0,0.0,0.0,0.0,0.0,0.0
16653,9,7,20,0,0,0,0,0.0,0.0,0.0,0.0,0.0,0.0,0.0,0.0,0.0,0.0
16653,9,8,20,0,0,0,0,0.0,0.0,0.0,0.0,0.0,0.0,0.0,0.0,0.0,0.0
16653,9,9,20,0,0,0,0,0.0,0.0,0.0,0.0,0.0,0.0,0.0,0.0,0.0,0.0
16653,9,10,20,0,0,0,0,0.0,0.0,0.0,0.0,0.0,0.0,0.0,0.0,0.0,0.0
16653,9,11,20,0,0,0,0,0.0,0.0,0.0,0.0,0.0,0.0,0.0,0.0,0.0,0.0
16653,9,12,20,0,0,0,0,0.0,0.0,0.0,0.0,0.0,0.0,0.0,0.0,0.0,0.0
16653,9,13,20,0,0,0,0,0.0,0.0,0.0,0.0,0.0,0.0,0.0,0.0,0.0,0.0
16653,9,14,20,0,0,0,0,0.0,0.0,0.0,0.0,0.0,0.0,0.0,0.0,0.0,0.0
16653,9,15,20,0,0,0,0,0.0,0.0,1.9550431408912286e-11,1.1644751864380547e-11,1.2440053045554766e-11,4.738197734056901e-12,1.955043140891229e-11,1.1644751864380549e-11,1.2508100771439536e-11,4.774941010600004e-12
16653,9,16,20,0,0,0,0,0.0,0.0,6.999788528133287e-09,7.706843132587909e-10,4.172845036540266e-09,1.364212601317363e-09,6.912742870513142e-09,7.553464784548462e-10,4.196891737386469e-09,1.3764416232199761e-09
16653,9,17,20,3,6e-07,0,0,0.0,0.0,9.984774233437463e-07,5.439109845162614e-08,2.711656613543909e-07,2.8409772861543867e-08,7.978489513310122e-07,6.050430397170996e-08,2.726025625137332e-07,2.83176179717918e-08
16653,9,18,20,123,2.46e-05,78,1.56e-05,2.5500000000000003e-05,1.1459310165698641e-05,0.00021327008776055004,3.591192081253294e-06,2.803370499930109e-05,1.2404552110322394e-06,7.23593072639583e-05,9.787472465224748e-06,2.819224348888099e-05,1.2029948009560249e-06
16653,9,19,20,297095,0.059419,297212,0.0594424,0.0592275,0.0008166869850676868,0.18482269549088154,0.0005829611880811942,0.08590139596435784,0.0005516196329554483,0.05939310287022244,0.0006667812609156426,0.059442605900149215,0.00067451224158969
16653,9,20,20,4702779,0.9405558,4702710,0.940542,0.940747,0.000820379244778408,0.8149630289245954,0.0005839575427327133,0.9140702949796962,0.0005521872756425155,0.9405337330412686,0.0006708905754613501,0.940505149360915,0.0006746497547565361
16653,11,1,20,3888,0.0007776,3898,0.0007796,0.000729,0.0001071103710148899,0.0007420812786478731,4.469783254138964e-06,0.0006043350074957726,6.753439470937335e-06,0.0007400417822289319,8.88314163914241e-05,0.0007399764789129838,8.780054801037515e-05
16653,11,2,20,16549,0.0033098,16353,0.0032706,0.0033244999999999998,0.00015802981064543355,0.0032705491245266878,1.5671892216874715e-05,0.0027008336703036213,2.1724435160797493e-05,0.0033655841367088773,0.00015941109835008102,0.0033682403678639795,0.00016141052983373227
16653,11,3,20,43326,0.0086652,43338,0.0086676,0.008662,0.0003572349956334949,0.008713975487051554,2.805293445062466e-05,0.007432027489148281,4.295552668909834e-05,0.008718801593595948,0.00026869355725497315,0.008724808135816615,0.00027404961099645705
16653,11,4,20,91943,0.0183886,92244,0.0184488,0.0183875,0.0003184150717141648,0.018169323651994466,4.339833365270818e-05,0.01648357608522612,7.906376772151983e-05,0.018441650575667694,0.0003109671198895375,0.018454984238036553,0.0002930631334781014
16653,11,5,20,163382,0.0326764,163096,0.0326192,0.0323445,0.0004279999385145058,0.03180318246331435,6.949970318750624e-05,0.030214899497548076,9.929229649138727e-05,0.03240426102529294,0.00043583295251702336,0.03242800574033489,0.00043326981684248895
16653,11,6,20,249774,0.0499548,249646,0.0499292,0.0498745,0.0006208862511298709,0.04903087919659352,8.074215965822638e-05,0.04759417020054007,0.00012573234977973814,0.04992124949249963,0.0005826058814968913,0.04995012657284966,0.0005684490278057256
16653,11,7,20,349450,0.06989,351066,0.0702132,0.0700745,0.0008035740885503169,0.06891238961907235,0.00010968720164757124,0.06790620387958768,0.00013713945117111324,0.0700450720936338,0.0006927613810872734,0.070079655921465,0.0007025368974278732
16653,11,8,20,464890,0.092978,464662,0.0929324,0.0929635,0.001109088174559339,0.08980026176966925,0.00010400296658271878,0.09035585630274179,0.00021354350043601843,0.09285953068201132,0.0009812801465383892,0.09290578311985634,0.0009615980323354154
16653,11,9,20,577544,0.1155088,576665,0.115333,0.115928,0.0005749745989812817,0.1095724863655072,0.00011190609219727788,0.11219925979741416,0.00015235138434827327,0.11581114920734537,0.0005262502449789003,0.11584796205935914,0.0005176157640384689
16653,11,10,20,662307,0.1324614,662807,0.1325614,0.1327305,0.0010521530557060501,0.12502696641337202,0.0001419304498459844,0.1289172963941051,0.00024759687734695615,0.13267815966105706,0.0010377250955242619,0.13265899787113314,0.0009696314210229053
16653,11,11,20,700710,0.140142,701265,0.140253,0.1401595,0.0008003517318884477,0.1326923882331013,0.000181718009476864,0.1370367145489426,0.00029914433263847855,0.14017849355467732,0.0007909737984352719,0.14010208611278327,0.0007529701155100563
16653,11,12,20,647860,0.129572,647238,0.1294476,0.129358,0.0011446746262584828,0.1287152856996629,0.00016386342207663535,0.13201904591775884,0.0002677755635573018,0.1294243194482131,0.0010480427245025134,0.1293443953740885,0.0010593498425770188
16653,11,13,20,510478,0.1020956,509313,0.1018626,0.10157400000000001,0.0010662299544607996,0.10953147302006498,0.0001493057949043908,0.11054067891894928,0.0002571964022910648,0.10162772805056015,0.0009749351881312693,0.10157942834831298,0.000997463623649244
16653,11,14,20,330783,0.0661566,331072,0.0662144,0.0663705,0.0004556831193528653,0.07593763734258438,0.0001204266012699645,0.07380434905741869,0.00018544837547562144,0.0663286253168224,0.00045015467774160467,0.06631930310781035,0.00045074664305295683
16653,11,15,20,154736,0.0309472,154893,0.0309786,0.0309595,0.0005522821075463062,0.03727438203741954,0.00013347905596740794,0.034025444113921985,0.0001620465742906618,0.030863869088066754,0.0004595582427074553,0.030879277781991465,0.000451594936092495
16653,11,16,20,29217,0.0058434,29211,0.0058422,0.0059105,0.00019637437393112706,0.009457349715840054,6.394903064102048e-05,0.007189524921748645,6.624853811716806e-05,0.005916403538487734,0.00021234056552504475,0.005920571083166808,0.00021960370577376017
16653,11,17,20,3059,0.0006118,3133,0.0006266,0.0006305,9.219401738781786e-05,0.0012845233208484358,1.712761037220403e-05,0.0009276925742499317,1.687875829147699e-05,0.0006506063803654418,7.473886061375104e-05,0.0006509051707805115,7.447683779761179e-05
16653,11,18,20,104,2.08e-05,100,2e-05,1.9e-05,1.3337718577107005e-05,6.486503808237595e-05,1.719537372414284e-06,4.809151990066643e-05,2.5628770940343758e-06,2.4454179721145796e-05,1.2182430972594525e-05,4.8134279347878166e-05,2.5887434316434193e-06
16653,11,19,20,0,0,0,0,0.0,0.0,2.226463741289962e-10,4.885530591414552e-10,1.0299835517092237e-10,2.7611185519647233e-10,1.9304407229735092e-10,4.1929350416445634e-10,1.0303979020100439e-10,2.765096650576443e-10
16653,11,20,20,0,0,0,0,0.0,0.0,0.0,0.0,0.0,0.0,0.0,0.0,0.0,0.0
16653,12,1,20,861293,0.1722586,861458,0.1722916,0.172532,0.0011098629597719207,0.18957408274094098,0.0003536823786682202,0.1913794654320217,0.0004499177384248007,0.1726323975648535,0.0010941604784044684,0.17254450109759745,0.0008708712772516665
16653,12,2,20,1043579,0.2087158,1043477,0.2086954,0.20862150000000002,0.0011249012822185072,0.19122942121126132,0.0002565790528123948,0.19878867006527423,0.00033414102448528715,0.2084129130343694,0.0009422340721826894,0.20845428927114446,0.0009143023075873713
16653,12,3,20,965307,0.1930614,966890,0.193378,0.1936055,0.0010596497683569568,0.17073955279191172,0.0002434214662016751,0.17845898189465503,0.000335912756718126,0.1934266066154383,0.001078702669662471,0.19344602611696038,0.0009714353765838868
16653,12,4,20,739025,0.147805,738694,0.1477388,0.14801899999999998,0.0010019554565159595,0.14033094911588115,0.00024759834789831755,0.14212213739638663,0.00024726005370947997,0.14798336482785007,0.0008497676258281367,0.14800879821898877,0.0009071053060307373
16653,12,5,20,520609,0.1041218,521947,0.1043894,0.104061,0.0012855631573668214,0.10784177355785338,0.00018010638944357865,0.1046195316818896,0.00039681254949405493,0.10413550081122909,0.0012088308798499938,0.10415212534197796,0.0011542572178730587
16653,12,6,20,355123,0.0710246,354267,0.0708534,0.070643,0.0008050701179008216,0.07798874927885577,0.00015606065319833816,0.07358117346033091,0.0002098837727084813,0.07076115611442654,0.0005665646774302388,0.07076197306919482,0.0005530802086367747
16653,12,7,20,230684,0.0461368,229717,0.0459434,0.0458745,0.0006360194882813617,0.052877709661714865,8.70325759909883e-05,0.049014946414340684,0.0001277583610319136,0.045961528148512946,0.000562366848746152,0.04595823029887469,0.0005796974817020986
16653,12,8,20,139805,0.027961,139204,0.0278408,0.0276175,0.0006553092881669655,0.033283098472049424,7.142122455636692e-05,0.03010394067371198,0.00013758316676838799,0.02763569706219301,0.000532407751511274,0.027633693593737397,0.0005257897358950284
16653,12,9,20,77623,0.0155246,77474,0.0154948,0.015614,0.0004127239424016723,0.019223513989882566,4.0573696790178554e-05,0.017050604494781168,7.045512180742378e-05,0.015604104184713719,0.0003680072469232663,0.015600202878403519,0.0003681750432070252
16653,12,10,20,39708,0.0079416,39661,0.0079322,0.008039000000000001,0.0003091056709112171,0.01002713288665546,2.3546357112337505e-05,0.008838319312637012,4.4570583294735634e-05,0.008034653473842784,0.00026071786064997565,0.008029179027326276,0.00026744893545326844
16653,12,11,20,18151,0.0036302,17925,0.003585,0.0035389999999999996,0.0001703834684345563,0.0045699162368401675,1.3924578504217836e-05,0.004014846808352577,1.9450111024338484e-05,0.003548896659768502,0.00016242926268167734,0.0035450114788478848,0.00016355477576934487
16653,12,12,20,6685,0.001337,6800,0.00136,0.001363,9.125441589891762e-05,0.0017213575656589996,8.307791429924133e-06,0.0015128870369476096,1.1858233135527389e-05,0.0013781736045313793,7.792066312710073e-05,0.0013764986471987788,7.716179016901819e-05
16653,12,13,20,1957,0.0003914,2050,0.00041,0.00039500000000000006,6.261830907633124e-05,0.0004922681361610071,3.3657701158071806e-06,0.00042983111344868766,4.7649964636158595e-06,0.0004039580002490377,5.266789398823977e-05,0.00040353557245998724,5.267289460408059e-05
16653,12,14,20,407,8.14e-05,395,7.9e-05,6.8e-05,2.76443579472519e-05,9.198994775142866e-05,7.735749030459057e-07,7.773063756661685e-05,1.2291684064790208e-06,7.254948596194766e-05,2.2954122586756234e-05,8.180042123067719e-05,1.3426637260220157e-05
16653,12,15,20,42,8.4e-06,41,8.2e-06,8.000000000000001e-06,8.335087534664906e-06,8.358656202437932e-06,1.761286713179014e-07,6.836243158161842e-06,2.561318735354439e-07,8.431297517583242e-06,6.143781919650907e-06,6.8355105799474245e-06,2.4791382765524035e-07
16653,12,16,20,2,4e-07,0,0,0.0,0.0,1.25572251588063e-07,1.5192890537690606e-08,9.721945920835665e-08,2.23908553438663e-08,6.894384628849697e-08,1.1096682813649104e-08,9.7220619352438e-08,2.237182600677204e-08
16653,12,17,20,0,0,0,0,0.0,0.0,1.7812778881750477e-10,1.6687382764720432e-10,1.1503829989088009e-10,1.5596388785634232e-10,1.7069605165301057e-10,1.648542597985982e-10,1.1480287205643472e-10,1.555119928289994e-10
16653,12,18,20,0,0,0,0,0.0,0.0,0.0,0.0,0.0,0.0,0.0,0.0,0.0,0.0
16653,12,19,20,0,0,0,0,0.0,0.0,0.0,0.0,0.0,0.0,0.0,0.0,0.0,0.0
16653,12,20,20,0,0,0,0,0.0,0.0,0.0,0.0,0.0,0.0,0.0,0.0,0.0,0.0
16653,22,1,20,1749403,0.3498806,1747017,0.3494034,0.349528,0.0016306782573356903,0.34593916568499095,0.0005333169800423976,0.352475906493304,0.0005705817156246498,0.34980780370032527,0.0010459271356167488,0.34967310452967315,0.0010500991152090065
16653,22,2,20,1180570,0.236114,1183240,0.236648,0.235918,0.0013887161810747875,0.23346302093209542,0.0003130918375459958,0.23883614272893147,0.00043801428038537174,0.23586081377923884,0.0012589190121803603,0.2359353552424904,0.0012495477352371582
16653,22,3,20,818424,0.1636848,819355,0.163871,0.1638615,0.0009271533967217248,0.16007245851905583,0.00023303358642758366,0.1634688539629666,0.0003334280961828584,0.16384138961326083,0.0007909743759043079,0.16387722269504018,0.0007299006743035854
16653,22,4,20,519754,0.1039508,518184,0.1036368,0.10415350000000001,0.000711116801420945,0.10577876233231813,0.00023841575771991742,0.10356080539712997,0.0002770461430340844,0.10405411586698658,0.000574500749122162,0.10408402569734232,0.0005867368049288227
16653,22,5,20,317735,0.063547,317950,0.06359,0.0636925,0.0006908185457541636,0.06732610733349628,0.0001371177942525447,0.0629647576566088,0.0002537779345404665,0.06353254117362961,0.0005923363898668888,0.06355042035151143,0.0005844876496615773
16653,22,6,20,191277,0.0382554,191686,0.0383372,0.0383465,0.0006067538736241367,0.040982095771663604,0.00011293327389059771,0.03741199724007579,0.00014746166037711239,0.038244528588093504,0.0005136777327406999,0.03824939030939316,0.0005048110855347598
16653,22,7,20,110969,0.0221938,110920,0.022184,0.0223715,0.00035505781589986035,0.02356931562601753,4.959162738308166e-05,0.02125972186641521,8.497960357731419e-05,0.022352658975466018,0.0003736859265214049,0.022353738493310953,0.00038395676457892233
16653,22,8,20,60739,0.0121478,60322,0.0120644,0.01191,0.0003891285811034429,0.012591165754220677,3.718576221182054e-05,0.01111722009445193,6.705394776756404e-05,0.011956711201057587,0.0003340550717632558,0.011957137716426935,0.0003279911624121545
16653,22,9,20,29758,0.0059516,29916,0.0059832,0.005948500000000001,0.00027532325498737324,0.006153351273677096,1.7542527733401777e-05,0.005344054152604397,3.24421476626352e-05,0.006015975749090031,0.0002670232184638113,0.006015178203198223,0.00026689816006474906
16653,22,10,20,13641,0.0027282,13736,0.0027472,0.0027225,0.00014245497903770011,0.0027031388424836192,8.170237011068759e-06,0.002336666991347482,1.7784255485784104e-05,0.0027713484379910227,0.00014826453781942715,0.0027695431196397406,0.00014495005078483066
16653,22,11,20,5359,0.0010718,5404,0.0010808,0.0010869999999999999,0.00012536683016357698,0.0010242491880841152,4.044146316397161e-06,0.0008825798881691692,7.297679195550799e-06,0.0011040191551526136,0.00011080065758062244,0.0011029187148493378,0.0001105921480953951
16653,22,12,20,1819,0.0003638,1719,0.0003438,0.0003555,6.125657859407944e-05,0.00031486319063800866,2.0657137888958123e-06,0.0002710268619521669,3.512936807740565e-06,0.00035591577299648686,5.2403719868676055e-05,0.00035555769993940006,5.2558221605469205e-05
16653,22,13,20,469,9.38e-05,466,9.32e-05,9.2e-05,2.3753116139062456e-05,7.156814048882454e-05,7.047786682497105e-07,6.134578766192027e-05,9.681739719214395e-07,8.850588444323398e-05,1.566727794660636e-05,7.030242898873854e-05,1.9962061061977157e-05
16653,22,14,20,79,1.58e-05,82,1.64e-05,1.25e-05,1.069923755276638e-05,1.0095944766006678e-05,1.347153897021694e-07,8.404062828525027e-06,2.3298952542346178e-07,1.318162425230404e-05,8.599878888369704e-06,8.399050249092646e-06,2.3151872014654315e-07
16653,22,15,20,4,8e-07,3,6e-07,5.000000000000001e-07,2.23606797749979e-06,6.366325599211683e-07,2.5266798208013583e-08,5.12843213646268e-07,3.705620961654687e-08,4.866449841443502e-07,5.118241933841387e-07,5.128455705168846e-07,3.669831347885595e-08
16653,22,16,20,0,0,0,0,0.0,0.0,4.833443849598182e-09,1.2130124855542174e-09,3.9723387246502084e-09,1.93020352445118e-09,3.833031702492163e-09,8.120416326824829e-10,3.972869493217463e-09,1.930528683427459e-09
16653,22,17,20,0,0,0,0,0.0,0.0,0.0,0.0,0.0,0.0,0.0,0.0,0.0,0.0
16653,22,18,20,0,0,0,0,0.0,0.0,0.0,0.0,0.0,0.0,0.0,0.0,0.0,0.0
16653,22,19,20,0,0,0,0,0.0,0.0,0.0,0.0,0.0,0.0,0.0,0.0,0.0,0.0
16653,22,20,20,0,0,0,0,0.0,0.0,0.0,0.0,0.0,0.0,0.0,0.0,0.0,0.0
16653,68,1,20,0,0,0,0,0.0,0.0,0.0,0.0,0.0,0.0,0.0,0.0,0.0,0.0
16653,68,2,20,0,0,0,0,0.0,0.0,0.0,0.0,0.0,0.0,0.0,0.0,0.0,0.0
16653,68,3,20,0,0,0,0,0.0,0.0,0.0,0.0,0.0,0.0,0.0,0.0,0.0,0.0
16653,68,4,20,0,0,0,0,0.0,0.0,4.775934494423123e-09,1.4964086848769733e-09,3.3632596546787653e-09,3.320954255966055e-09,2.1095838382935117e-09,7.807060492385508e-10,3.3680145635993477e-09,3.3327323649676233e-09
16653,68,5,20,3,6e-07,1,2e-07,5.000000000000001e-07,2.23606797749979e-06,1.474275147199055e-07,1.3249793988850576e-08,1.533916585128386e-07,7.230588358474942e-08,4.557473406318704e-07,1.7525556810738033e-06,1.534142736447213e-07,7.224819697032539e-08
16653,68,6,20,21,4.2e-06,18,3.6e-06,2.5e-06,4.442616583193193e-06,1.807514648360159e-06,5.137811858266022e-08,1.7075113532812638e-06,1.4182189580991337e-07,2.2871446265152616e-06,2.7981582288532623e-06,1.7077278707491679e-06,1.432810917733511e-07
16653,68,7,20,91,1.82e-05,101,2.02e-05,2.5e-05,1.4327007988227579e-05,1.1277697470412877e-05,1.4965444718833074e-07,1.0646631713301707e-05,5.176994771844822e-07,2.158490017465723e-05,1.0302458153362061e-05,1.0646318698873442e-05,5.207809771714862e-07
16653,68,8,20,417,8.34e-05,409,8.18e-05,7.85e-05,2.433861994963214e-05,5.153386046570506e-05,3.205284241136033e-07,4.8758964593980824e-05,1.0724947810046726e-06,7.831969835486182e-05,2.4644294235775403e-05,5.948999822456627e-05,2.7116307504149096e-05
16653,68,9,20,1471,0.0002942,1506,0.0003012,0.000285,5.165676192553671e-05,0.0002030390542723348,1.2664790669000974e-06,0.00019115592410050853,3.9670278096129705e-06,0.00028309369493901757,4.3669653182287085e-05,0.00028303838336420843,4.376408041248056e-05
16653,68,10,20,4449,0.0008898,4550,0.00091,0.0008579999999999999,9.528903399657277e-05,0.0007001593776542769,3.981375835958803e-06,0.0006460266145201077,1.328325115097066e-05,0.0008604723663506375,9.116581300818161e-05,0.000859825554983535,9.058370487837025e-05
16653,68,11,20,12915,0.002583,13078,0.0026156,0.002623,0.0001522843600498405,0.0022459882303564934,9.398902323941023e-06,0.0020419160993218476,2.9816644499975494e-05,0.002630500662645461,0.00011749540929310155,0.002627705941191009,0.00011839184440610617
16653,68,12,20,36025,0.007205,36358,0.0072716,0.007105,0.00027857721220138365,0.006941928870971848,3.9799868423631295e-05,0.006113042907531151,6.677290764867295e-05,0.007140140724266349,0.00023227532459330427,0.007131942957856481,0.00023268156412705802
16653,68,13,20,95680,0.019136,95978,0.0191956,0.0190565,0.0004910812452880727,0.020542310507244595,8.223213952467596e-05,0.017713561763667375,0.000118968195767731,0.01908709585014345,0.00039631585998191804,0.019067813585717172,0.00039550945044360076
16653,68,14,20,241538,0.0483076,241609,0.0483218,0.048546,0.0008803432344979514,0.0555303553997336,0.00017817480748249,0.04812020090791617,0.0003319687815855227,0.04849791143558478,0.0008652342603528009,0.048464490658719495,0.0008194183357300498
16653,68,15,20,561751,0.1123502,562456,0.1124912,0.1126895,0.0007913976643621665,0.12703941703654853,0.00032751529737871476,0.1160497536973076,0.00044803625281675426,0.11271714031351916,0.000773953083755268,0.11271343514618741,0.0007204739190834613
16653,68,16,20,1244821,0.2489642,1244692,0.2489384,0.24860600000000002,0.0016176148783739771,0.22903236155380888,0.0002933861314861504,0.24502546532557307,0.0005952445466375711,0.24873255246827625,0.0012311488191506061,0.24876419528142385,0.0011456838769858
16653,68,17,20,1577260,0.315452,1577609,0.3155218,0.316089,0.0010671846878093478,0.28855175656231835,0.0004839470138924526,0.3023375737134011,0.0006441019494958163,0.31601224139119266,0.0011107974348577414,0.3160090160461485,0.0009868524317684464
16653,68,18,20,1215981,0.2431962,1214310,0.242862,0.24248699999999998,0.0015066976786126795,0.2609351420826401,0.000537529513618104,0.2599821761442455,0.0005912083010824926,0.24226389216376498,0.0009016446027023627,0.24234355830683385,0.0007520565612391802
16653,68,19,20,7576,0.0015152,7325,0.001465,0.0015485,0.00011617930787772567,0.008211053733260419,0.00010086930486306761,0.0017176536255004364,4.577903816327016e-05,0.001672161718540232,0.00011630741476688233,0.001664637567073471,0.00011652466341738189
16653,68,20,20,1,2e-07,0,0,0.0,0.0,1.7163151567113327e-06,8.947516975569998e-07,2.0341433620037295e-07,4.135219216515902e-07,1.476106963190702e-07,4.468174525513164e-08,2.027755175171969e-07,4.120217421955646e-07
16653,69,1,20,1,2e-07,2,4e-07,0.0,0.0,6.922466841476194e-08,1.2361023413760581e-08,4.572423539702713e-08,1.465632041022923e-08,2.144143037353164e-08,5.930930823229742e-09,4.572488689796869e-08,1.4658804351452639e-08
16653,69,2,20,28,5.6e-06,9,1.8e-06,3.5000000000000004e-06,4.893604849295929e-06,2.0356569049076604e-06,6.559318869797371e-08,1.5483077735426654e-06,1.6555045980846758e-07,3.5511341821776756e-06,4.1963331147635684e-06,1.5491961925843431e-06,1.6515599114220973e-07
16653,69,3,20,134,2.68e-05,149,2.98e-05,2.25e-05,1.2926920095594881e-05,1.9471922685130974e-05,2.8445708756829623e-07,1.5687208218082703e-05,6.484874430451602e-07,2.3684527463522708e-05,1.0259760256759705e-05,1.5695654104659e-05,6.595793238988207e-07
16653,69,4,20,680,0.000136,731,0.0001462,0.000113,3.555573830362393e-05,0.00010389268111617813,7.1275670176512e-07,8.916653704567819e-05,1.3419189742053943e-06,0.00011707712774698274,2.9192966133912033e-05,0.00011610613531476208,2.893571174070396e-05
16653,69,5,20,2589,0.0005178,2468,0.0004936,0.000476,6.870225614927067e-05,0.0003880043681976005,2.3702956170090464e-06,0.000352377048051078,4.5176515823836685e-06,0.0004809959017792999,6.46555195826578e-05,0.00048135118780073306,6.52565729024167e-05
16653,69,6,20,6400,0.00128,6671,0.0013342,0.001325,0.0001340659696214006,0.0011228237081462099,5.037832629393259e-06,0.001046959126023986,9.416930876728452e-06,0.0013335665260698932,0.00011160205521108032,0.001334144048615398,0.00011190557134678544
16653,69,7,20,14739,0.0029478,14871,0.0029742,0.0029330000000000003,0.00010731655093816216,0.0027650296905361764,1.0574159837658075e-05,0.0026044232673269885,1.0945872950891834e-05,0.002970480116687699,0.00011758077973394429,0.002971463772905379,0.00011750623434860999
16653,69,8,20,30690,0.006138,30157,0.0060314,0.0060705,0.00022213023680999207,0.006150236032720996,1.6492571416637464e-05,0.005841034756139397,4.2209870622836975e-05,0.0061279400147084,0.00018650089034815936,0.006130020686378926,0.00018656800851353078
16653,69,9,20,58041,0.0116082,57844,0.0115688,0.0114485,0.0004235970652450399,0.012568290753500777,3.198939370884481e-05,0.011918300928765228,6.035537115757803e-05,0.01153052706318311,0.000352311057337207,0.01153235341217868,0.00035280358881263803
16653,69,10,20,105709,0.0211418,105893,0.0211786,0.020867,0.0005615026831261761,0.024178897283014124,4.8065804556172195e-05,0.02254325855332508,0.00012437159898080142,0.020952487575256237,0.0005442235688446037,0.020946085752734038,0.0005402659144416944
16653,69,11,20,186959,0.0373918,187200,0.03744,0.0371975,0.0005517233765307809,0.044143295318297526,8.217492348555948e-05,0.040739494877116186,0.00020173180295772635,0.037278263454144464,0.0005025222179626919,0.037251798663482216,0.00048567653799565957
16653,69,12,20,324382,0.0648764,324956,0.0649912,0.06506,0.0008792580604362459,0.07704517045659065,0.0002052139500838529,0.07131438915253988,0.00035989107566684,0.0651302378172265,0.0007803227612472479,0.0650802547539735,0.000843825913710316
16653,69,13,20,558423,0.1116846,558980,0.111796,0.11203250000000001,0.0009606405483623388,0.126348869983765,0.00023075367417642488,0.12069230550113086,0.0004736438567503392,0.11207681366763515,0.0008495114323688529,0.11200499805544388,0.000805604205776305
16653,69,14,20,925116,0.1850232,922548,0.1845096,0.1845635,0.0012539549013967145,0.1844962345467867,0.0003393346096278772,0.1902905418961019,0.0005107553155723417,0.18458301060353005,0.0010454984722462787,0.18452756480858418,0.001079615702097101
16653,69,15,20,1372896,0.2745792,1374026,0.2748052,0.274586,0.0014036358802091582,0.21836597185695222,0.00027954235950827046,0.24535683021226232,0.0005512175761338664,0.27445451397673415,0.0009251179703573966,0.27454852731247126,0.0009550460280396629
16653,69,16,20,878495,0.175699,878574,0.1757148,0.17616700000000002,0.000949365993425973,0.17858208149158833,0.00029519360186380095,0.17315203824170675,0.0004094219680427418,0.17598415925616842,0.0008249100093693395,0.1760722254481744,0.0008064947687047465
16653,69,17,20,424046,0.0848092,424400,0.08488,0.084965,0.0009218602474287931,0.0954756140428777,0.0002943053937009864,0.0889085398151731,0.0004187756149993288,0.08483812192567056,0.0007521540357820967,0.08486871853503045,0.0007273689053069632
16653,69,18,20,110545,0.022109,110406,0.0220812,0.0221465,0.00042234028435548675,0.028208740527014414,0.00013557322029014937,0.02512024022117858,0.00013113258630250365,0.022090787909064054,0.0003322229149794498,0.022106628842638462,0.00035365526885905186
16653,69,19,20,127,2.54e-05,115,2.3e-05,2.3e-05,1.341640786499874e-05,3.527045463699053e-05,1.8470721429278295e-06,1.281862588597042e-05,2.1278458453812914e-06,2.3759961318959553e-05,1.1947534027453993e-05,1.2763701903319177e-05,2.112785939242178e-06
16653,69,20,20,0,0,0,0,0.0,0.0,0.0,0.0,0.0,0.0,0.0,0.0,0.0,0.0
16653,70,1,20,594650,0.11893,594276,0.1188552,0.11872350000000001,0.0008514586555466221,0.11198823074548643,0.00023865871699676794,0.11270979633486192,0.0002806866292051799,0.11887891006765308,0.0005838104672789559,0.11881190783148907,0.0005673039752881816
16653,70,2,20,740225,0.148045,739644,0.1479288,0.148121,0.001119957236025695,0.14048964005404066,0.00023171403937428042,0.14386366653307386,0.00033421678802753366,0.148031787644983,0.0009465056909836905,0.14805199088826193,0.0009029992349061573
16653,70,3,20,808957,0.1617914,809853,0.1619706,0.1618625,0.0008696271130717337,0.14987784349078337,0.0002269838080867265,0.1550299810830628,0.00026218227101638833,0.16172874831317466,0.0009188711396888379,0.16173604642652992,0.0009989630205398047
16653,70,4,20,806022,0.1612044,805729,0.1611458,0.16103399999999998,0.0013076189691271104,0.14454412824007118,0.0002348175179210925,0.14947290014566886,0.00022205260119346695,0.16096700769546593,0.0009767309541916772,0.16098502040214258,0.0010598716836277208
16653,70,5,20,657896,0.1315792,660142,0.1320284,0.13215700000000002,0.0009678522070733955,0.12847652985259975,0.00018137459253291023,0.1294613609601924,0.0003571543353345666,0.1321531035136856,0.0009468356362849219,0.1321665039689047,0.0008857843291592812
16653,70,6,20,505997,0.1011994,504355,0.100871,0.1007635,0.0010840920285270024,0.10628643309857026,0.00016521863375388795,0.10468885287992953,0.0002490273697256131,0.10071306736979087,0.0009355502267232478,0.10070838069961219,0.0009507156370247388
16653,70,7,20,364321,0.0728642,364834,0.0729668,0.0730385,0.0009836092238603492,0.0820147090371974,0.00010762929783847157,0.07922560175428273,0.00024004510655063006,0.07297613092589386,0.0009871892407622607,0.07296592669604911,0.0009703621548601374
16653,70,8,20,241563,0.0483126,241301,0.0482602,0.048141,0.0007163643589241738,0.05846761686850134,9.502037087310644e-05,0.05490681227721882,0.00017825525104307532,0.048168294816402626,0.0006842380500284377,0.04816219944931397,0.00069333562207533
16653,70,9,20,145997,0.0291994,145481,0.0290962,0.0291095,0.0004504789848477655,0.03808135275048212,6.626404935340914e-05,0.03487710196372125,8.161851398513789e-05,0.02920169063637313,0.00034970272799560517,0.0291926361406927,0.0003525218545347327
16653,70,10,20,79245,0.015849,79335,0.015867,0.0159555,0.00035529787354749044,0.022282181290275437,4.50038585227911e-05,0.020157625025755917,7.436427780533114e-05,0.016035647368258608,0.00033905588881665455,0.016023288243100498,0.0003385022873996881
16653,70,11,20,36929,0.0073858,37123,0.0074246,0.007448499999999999,0.00030439370281888124,0.011242854044743853,3.021381733163053e-05,0.010079629604181867,4.578333951180539e-05,0.0074802289562995285,0.0002693714716943549,0.007471509510113166,0.00027045192725548935
16653,70,12,20,13936,0.0027872,13673,0.0027346,0.002778,0.00014192659333168276,0.004604218918858562,1.949924030693826e-05,0.004097860990495722,2.8108381286210778e-05,0.0027863279738908854,0.00012180795083109465,0.0027827168625216584,0.00011814630806648122
16653,70,13,20,3638,0.0007276,3701,0.0007402,0.0007525,8.097270495277047e-05,0.0013770613337250764,8.62822583834027e-06,0.0012049247370939666,1.1596063701465544e-05,0.0007571234711823804,6.591960816362209e-05,0.0007562766398142855,6.580074398048532e-05
16653,70,14,20,578,0.0001156,527,0.0001054,0.00010850000000000001,3.328900561351814e-05,0.00024773461155899165,2.1496093089161674e-06,0.00020810578359925025,3.134933118790065e-06,0.00011448014824755003,3.057168190074216e-05,0.00017260527848997613,3.953258028483508e-05
16653,70,15,20,46,9.2e-06,26,5.2e-06,6.5000000000000004e-06,7.451598203705947e-06,1.927952051982268e-05,4.772719368330096e-07,1.5630784664938247e-05,6.694475725358598e-07,7.411551202783942e-06,6.2225821892282856e-06,1.5628055097983346e-05,6.50222019372234e-07
16653,70,16,20,0,0,0,0,0.0,0.0,1.8614258585034819e-07,3.60980699305224e-08,1.4914219628489257e-07,5.7964356425697944e-08,3.954749562916134e-08,1.2022282932517123e-08,1.4912740605224804e-07,5.793076996093346e-08
16653,70,17,20,0,0,0,0,0.0,0.0,0.0,0.0,0.0,0.0,0.0,0.0,0.0,0.0
16653,70,18,20,0,0,0,0,0.0,0.0,0.0,0.0,0.0,0.0,0.0,0.0,0.0,0.0
16653,70,19,20,0,0,0,0,0.0,0.0,0.0,0.0,0.0,0.0,0.0,0.0,0.0,0.0
16653,70,20,20,0,0,0,0,0.0,0.0,0.0,0.0,0.0,0.0,0.0,0.0,0.0,0.0
16653,73,1,20,118285,0.023657,118108,0.0236216,0.0236095,0.0005157567255984161,0.03259563278473733,9.85544408459659e-05,0.02991060805064726,0.00014930139583258788,0.023560441264673757,0.0004861078060559239,0.02355158281944419,0.0004914923479573552
16653,73,2,20,259141,0.0518282,258741,0.0517482,0.052181500000000006,0.0007344906935743756,0.06423743774180674,0.0001497149812246514,0.059452003328601656,0.00019124151446353209,0.05209561589174112,0.0007793104479492865,0.05211154374132794,0.000721667036363328
16653,73,3,20,416633,0.0833266,416145,0.083229,0.083079,0.0009169623765455131,0.09258414855042499,0.00017700212713591692,0.08824794475278933,0.0002961250230204052,0.082996262590913,0.0007652611618788562,0.08301449421553968,0.0007134111896939042
16653,73,4,20,579999,0.1159998,577848,0.1155696,0.1156225,0.000990225253481034,0.11421215961055928,0.00018531219988795518,0.11489215973938738,0.0002512056181158137,0.1155788138491745,0.0009542390711133143,0.11561244694332959,0.0009478872678916558
16653,73,5,20,680379,0.1360758,681866,0.1363732,0.1362695,0.00119179861863002,0.12573572612131947,0.0001698546753403796,0.13104545301257317,0.0003368427177664278,0.136276249087827,0.0011543252657557096,0.13631522511772304,0.001136703505619631
16653,73,6,20,705368,0.1410736,705748,0.1411496,0.141305,0.0010409535102617795,0.12676620455440818,0.00014753266121831707,0.13313168499137695,0.00030151601915270345,0.14139263410691086,0.0010097998944301081,0.14141140734346708,0.0009681038876977829
16653,73,7,20,657256,0.1314512,657357,0.1314714,0.13118000000000002,0.0013011776042857238,0.11847371115566589,0.00012406319974930406,0.12317119451490703,0.00022975423850967597,0.1312760484065339,0.0011154553702373922,0.13128174765435313,0.0010802575507936998
16653,73,8,20,544778,0.1089556,544888,0.1089776,0.10866849999999999,0.0012908759775724708,0.10290250626586353,0.00010560145030006015,0.10452497763485617,0.00026943566500054654,0.1086989726186121,0.0011891157656726834,0.10870427451527793,0.0011408646674636858
16653,73,9,20,409431,0.0818862,409723,0.0819446,0.08211399999999999,0.0009315261953544713,0.08271520434940226,0.00010508594604347598,0.08169502448834695,0.00014742325422901532,0.08213584190099385,0.0008784926823637587,0.08212538294815586,0.0008884468228198704
16653,73,10,20,284664,0.0569328,285296,0.0570592,0.0570605,0.0007789566233447353,0.06099416336653205,9.364714024532693e-05,0.05924558467588784,0.00017622834157415078,0.05710206034120866,0.0006451440378182047,0.057068624028854896,0.0006535689641951514
16653,73,11,20,180294,0.0360588,180331,0.0360662,0.035908499999999996,0.0006612529972074153,0.04041546984714704,7.606518271017282e-05,0.038787044682674215,0.0001397196655303446,0.035933667821064205,0.0006029218207107,0.03589755847300408,0.0005681453942163224
16653,73,12,20,99694,0.0199388,99853,0.0199706,0.020052999999999998,0.0005141789571734729,0.02315562674636367,5.772899735789067e-05,0.02195879319416327,0.00010208855625156532,0.0200333015994,0.00039253391438196265,0.02001213302831504,0.0004006265715465272
16653,73,13,20,45285,0.009057,45561,0.0091122,0.009192500000000001,0.00020503850729481097,0.010773727748666346,3.166650033135767e-05,0.010012887670703945,4.83599563743554e-05,0.009166099712985432,0.00019022720247292526,0.009157700969648346,0.00019376981311403896
16653,73,14,20,15352,0.0030704,15100,0.00302,0.0030724999999999997,0.00014831953415017974,0.0036552135949383486,1.3381745560858057e-05,0.003268013261942136,2.3238478073118555e-05,0.003064896228603816,0.00013105979462267972,0.003062986312804704,0.00012826630895968074
16653,73,15,20,3231,0.0006462,3198,0.0006396,0.000634,6.991724431520153e-05,0.0007350338687241801,6.446935954576493e-06,0.0006208963067378557,8.5879167469889e-06,0.0006399401076320522,5.888578219235193e-05,0.000639905591345668,5.7973250142755713e-05
16653,73,16,20,203,4.06e-05,232,4.64e-05,4.85e-05,1.9808291724745764e-05,4.703145201237736e-05,1.3314644960937037e-06,3.5034723359666745e-05,1.6908152336803285e-06,4.809340707393466e-05,1.8805716147288122e-05,3.504081455280617e-05,1.6601733463201768e-06
16653,73,17,20,7,1.4e-06,5,1e-06,1.0000000000000002e-06,4.47213595499958e-06,9.971349379110815e-07,8.93532555893246e-08,6.911640447999117e-07,1.1456793942308508e-07,1.058563941974272e-06,3.2465433750939182e-06,6.911034594060758e-07,1.1360201800982802e-07
16653,73,18,20,0,0,0,0,0.0,0.0,5.106490299390728e-09,3.897623818169454e-09,3.807000256764347e-09,3.2818767301163065e-09,2.500709770020941e-09,1.0593413928978246e-09,3.804484169878137e-09,3.2707205983547905e-09
16653,73,19,20,0,0,0,0,0.0,0.0,0.0,0.0,0.0,0.0,0.0,0.0,0.0,0.0
16653,73,20,20,0,0,0,0,0.0,0.0,0.0,0.0,0.0,0.0,0.0,0.0,0.0,0.0
16653,77,1,20,7991,0.0015982,8063,0.0016126,0.0015994999999999998,0.00013092685784537548,0.002447290015699305,1.1841630058379905e-05,0.0020547643427595015,1.6935902091874954e-05,0.0016339152826227795,0.00010405735582085203,0.0016340408673597363,0.00010515522641043129
16653,77,2,20,28517,0.0057034,28487,0.0056974,0.005648,0.0002334546050768305,0.008129306421098796,3.0557287261928504e-05,0.0068348591839046445,4.070709226777311e-05,0.005644876016823086,0.000199672202352581,0.005648918811243204,0.00019628664092454068
16653,77,3,20,67174,0.0134348,67646,0.0135292,0.0135625,0.00032065516812006213,0.01768428808832627,4.978275409288583e-05,0.015286502894810514,7.101969668603935e-05,0.013510927277075462,0.00025077264121850566,0.01351956957317813,0.0002502853753107342
16653,77,4,20,132080,0.026416,131972,0.0263944,0.026601999999999997,0.0003707261721767726,0.03141147138446666,6.393874531143927e-05,0.02881651432445149,0.00011429757488409953,0.026543983800037828,0.00032280590312288427,0.02656250246034685,0.00030069041065817
16653,77,5,20,216225,0.043245,217701,0.0435402,0.043369000000000005,0.000689018371155279,0.04831466397808141,9.221110212715184e-05,0.04630563021838022,0.00011453327973178992,0.04331883934594157,0.0006286427306160993,0.04334928617931746,0.0006297333078657988
16653,77,6,20,308380,0.061676,308107,0.0616214,0.061733,0.0007657682760676229,0.06689634976392922,9.24335962930014e-05,0.0654260245655615,0.00013906071119659057,0.06167577136188347,0.0006405272570771956,0.061709822307521124,0.0006524806265137432
16653,77,7,20,408305,0.081661,408212,0.0816424,0.0818175,0.0006538459097403678,0.08551529972758938,0.0001156074630855878,0.08494246980635423,0.00015657301065024348,0.08169731418356714,0.0006113994085755632,0.08173478292294387,0.0005841594210696509
16653,77,8,20,514240,0.102848,513959,0.1027918,0.1026925,0.0010671056525406522,0.10251730754912261,9.272249714131681e-05,0.10396564258039809,0.00019393802680476015,0.10252470247060355,0.0009598543106623842,0.10257280092351304,0.0009642854907678798
16653,77,9,20,606149,0.1212298,606380,0.121276,0.1212285,0.0010202490665983171,0.11555899851693623,0.00011388391177001716,0.119100122846075,0.00020190536748270008,0.12108723830919846,0.0009576023196495265,0.12112201718309631,0.0009653577963585957
16653,77,10,20,649232,0.1298464,648274,0.1296548,0.1298495,0.0009860953033903066,0.12246768032240758,0.00013859724425849043,0.12698713989686444,0.00017943365319708887,0.12983062656760064,0.0008224309304342945,0.12980829696108498,0.0008259292721167261
16653,77,11,20,639490,0.127898,638836,0.1277672,0.12822450000000002,0.0010535877302166926,0.12100403660458425,0.00016665202060530895,0.12518997336852314,0.00029653833770575377,0.12834802261412548,0.0009348962410652426,0.12827382862278142,0.0008768748079345938
16653,77,12,20,569227,0.1138454,568743,0.1137486,0.113617,0.001251925254200609,0.1090019537522682,0.0001459032725386647,0.11146328173929632,0.00023331215308158612,0.11374820629398608,0.0011048623292191702,0.11367421370217819,0.0010937862769206275
16653,77,13,20,440672,0.0881344,440356,0.0880712,0.087888,0.0009234067359511724,0.08576067599886242,0.0001226827549149766,0.08591719148478241,0.00021209526775879076,0.08802257738432301,0.0007974480444687299,0.087977282500942,0.000734980841444836
16653,77,14,20,275436,0.0550872,276706,0.0553412,0.054990000000000004,0.0006635788137857205,0.05426006335568343,9.318176883299505e-05,0.052330737960936916,0.0001537096397243103,0.05514531471996812,0.000543953124337318,0.0551355431022603,0.0005124333380365596
16653,77,15,20,114031,0.0228062,113822,0.0227644,0.0227025,0.0004188188278078197,0.023638818055800894,9.786037484576484e-05,0.021349540028354506,0.00011927743287898136,0.02277325090346937,0.00039985041581316384,0.022784129308799854,0.0004089090983162188
16653,77,16,20,21041,0.0042082,20858,0.0041716,0.0041245,0.00021905238498683616,0.004899036362267355,4.1276118747641585e-05,0.0036871457203036585,4.4190057041213084e-05,0.004139493030214671,0.00019755291375141008,0.004142043506691257,0.0001962700564011352
16653,77,17,20,1777,0.0003554,1827,0.0003654,0.00034,5.5250625145308256e-05,0.0004790608289617162,9.120770506417296e-06,0.00033259524574991324,9.538499604313824e-06,0.0003435364646679371,5.147657524697255e-05,0.00034370684155826144,5.150320683230688e-05
16653,77,18,20,33,6.6e-06,51,1.02e-05,1.15e-05,1.2258187382102497e-05,1.3699273914115064e-05,7.324372450372936e-07,9.863792493313983e-06,1.356859523269599e-06,1.1403973891171745e-05,1.1015666721190525e-05,9.8719909981723e-06,1.3573684090334305e-06
16653,77,19,20,0,0,0,0,0.0,0.0,0.0,0.0,0.0,0.0,0.0,0.0,0.0,0.0
16653,77,20,20,0,0,0,0,0.0,0.0,0.0,0.0,0.0,0.0,0.0,0.0,0.0,0.0
16653,80,1,20,28743,0.0057486,29315,0.005863,0.0057215,0.0002324078764857844,0.00612352900465658,2.4183348812372726e-05,0.005318090265602997,3.5687640330488685e-05,0.005746308044205377,0.0002231521415378101,0.005745276562081418,0.00021763174040261542
16653,80,2,20,80228,0.0160456,80235,0.016047,0.0159615,0.000306306949592106,0.017440147304052855,5.706710752711912e-05,0.01516056736409777,7.961133099799028e-05,0.016047639353798177,0.00022774614265006602,0.01605660489104718,0.00023139258266929416
16653,80,3,20,159470,0.031894,158101,0.0316202,0.0317325,0.000510096740050871,0.03350074100069568,8.022867227532351e-05,0.029955151778150703,0.0001223446137957335,0.0318130112189118,0.0005032999893269539,0.031827524783396545,0.0004951115814582606
16653,80,4,20,269264,0.0538528,269535,0.053907,0.053905499999999995,0.0005088219107331213,0.05326846460556286,0.00010052992884856131,0.05051469348953238,0.00016513383972246756,0.05388456576084331,0.0004919265016745301,0.05391291490601764,0.0004898388994606017
16653,80,5,20,394774,0.0789548,393668,0.0787336,0.0791095,0.000866180210980796,0.07397467760392569,0.00011984270052044835,0.07334532026817572,0.00014950305008819465,0.07907109441015746,0.0008207971416075108,0.07911263419461889,0.0008471642045827445
16653,80,6,20,502713,0.1005426,502881,0.1005762,0.1004535,0.0009945232923101238,0.09287950596314995,0.00011465149459812133,0.09376301260063642,0.0001845308631706507,0.10046778919721921,0.0008511172053650438,0.10050503782039319,0.000865381529252537
16653,80,7,20,589342,0.1178684,588804,0.1177608,0.1175815,0.0008156706959371088,0.10793640790797931,0.00012227309961277517,0.11001334588597442,0.00019936962081962482,0.11761118806797591,0.0008427295489938784,0.11764411931515824,0.0008346336934491816
16653,80,8,20,636715,0.127343,636830,0.127366,0.127307,0.001078410623873955,0.1170599527313688,9.82277049956642e-05,0.12055195959486684,0.00022554302788807984,0.12731698611685285,0.0009368872598839832,0.1273536538307311,0.0009319237903628217
16653,80,9,20,619612,0.1239224,620319,0.1240638,0.12422150000000001,0.0011063371285938398,0.1189902147466835,0.00011891557696793431,0.1226670070811154,0.0002711217358052399,0.12420799246865824,0.000948106506597157,0.12422103208850979,0.0009255034832234883
16653,80,10,20,558904,0.1117808,558631,0.1117262,0.1118595,0.0009442985422217411,0.11284752203473178,0.00013882734233720966,0.1160062192839453,0.00022605775688355582,0.11178293100010395,0.0009047194579087028,0.1117435657642315,0.0009106985618989421
16653,80,11,20,461663,0.0923326,462379,0.0924758,0.0924075,0.000941666356155826,0.09858475764350083,0.0001445530050119663,0.100315571766903,0.00024387491803333638,0.09231457612037428,0.0007650783110788778,0.09224499655170044,0.0007840385537217478
16653,80,12,20,338244,0.0676488,338004,0.0676008,0.06773799999999999,0.0007381670043532085,0.0774104128488916,0.00011782141994956134,0.07728224232558084,0.00018667560565381976,0.06771732124613683,0.0006262422973426689,0.06766138691348403,0.0006560869471463554
16653,80,13,20,211792,0.0423584,211660,0.042332,0.0421425,0.000710662218971631,0.05188977991349146,8.623645010055736e-05,0.05040059541226427,0.00016460310747122247,0.0421586708339564,0.0006503304573743428,0.042129326293228304,0.0006300314922175923
16653,80,14,20,106024,0.0212048,106720,0.021344,0.0214235,0.0005285359620289755,0.02720580110999688,5.8432302916215974e-05,0.025380827822103554,8.775148861904887e-05,0.021429820512657342,0.0004363691584349526,0.021422021069203732,0.00042357222219511077
16653,80,15,20,36606,0.0073212,37164,0.0074328,0.0072569999999999996,0.00022459554290933033,0.009403571737766798,5.023573594390628e-05,0.008229580225403502,5.7971215521777214e-05,0.007253197643824034,0.00025441782042376663,0.007255236817714984,0.0002520069621353111
16653,80,16,20,5527,0.0011054,5366,0.0010732,0.0011034999999999999,0.00015037759491570403,0.001393753545886469,1.6825003825785923e-05,0.0010338866079832106,1.806101450293686e-05,0.0011029686917870905,0.00013375843941988784,0.0011035026957960752,0.00013411555956288152
16653,80,17,20,372,7.44e-05,382,7.64e-05,7.1e-05,2.6137289353275373e-05,8.928649807912743e-05,2.578302764951652e-06,6.076557303975284e-05,2.954122055135706e-06,7.023950735094064e-05,2.2838404018280498e-05,6.27045964215036e-05,9.638455534234742e-06
16653,80,18,20,7,1.4e-06,6,1.2e-06,3.5000000000000004e-06,5.871429486123998e-06,1.4737995797565692e-06,1.7114264787673368e-07,1.1626546238267583e-06,3.6890051951503415e-07,3.6998051867679994e-06,6.017553563579467e-06,1.1632123974813973e-06,3.6794110043590366e-07
16653,80,19,20,0,0,0,0,0.0,0.0,0.0,0.0,0.0,0.0,0.0,0.0,0.0,0.0
16653,80,20,20,0,0,0,0,0.0,0.0,0.0,0.0,0.0,0.0,0.0,0.0,0.0,0.0
16653,87,1,20,70,1.4e-05,67,1.34e-05,7.500000000000001e-06,7.863975156570492e-06,4.830137385090761e-06,9.813426037807067e-08,3.6963664108104418e-06,1.4645770009151505e-07,6.964814764231274e-06,5.206220138480911e-06,3.6967495430040064e-06,1.45143165426954e-07
16653,87,2,20,416,8.32e-05,482,9.64e-05,8e-05,2.5546654946340203e-05,4.565112139332773e-05,4.861082796740253e-07,3.608872348479915e-05,8.575238616061638e-07,7.382695877240672e-05,2.191909890058601e-05,4.332540680033514e-05,2.255663016910292e-05
16653,87,3,20,1576,0.0003152,1554,0.0003108,0.00032,6.0957275805962744e-05,0.0002201713101065506,1.3823708493985473e-06,0.00018231485766664098,3.0230069147916514e-06,0.0003168816627540841,5.2018562740678447e-05,0.0003171119157992045,5.2049797215545114e-05
16653,87,4,20,4407,0.0008814,4521,0.0009042,0.0008905,7.279929149452807e-05,0.0007548218255053319,3.047820152250595e-06,0.0006634012200660148,4.329198717288684e-06,0.0008894960979503738,7.414059930541445e-05,0.0008902542070957124,7.494373854701612e-05
16653,87,5,20,10866,0.0021732,10709,0.0021418,0.0021735,0.00012962598017697734,0.0020349258299858877,8.23695081404689e-06,0.001870893490588604,1.2611289070677456e-05,0.002171909995270729,0.00011436908556829277,0.002173645361904476,0.00011510830324201059
16653,87,6,20,22857,0.0045714,22927,0.0045854,0.004571,0.000209231677183074,0.00460298365871748,1.4174363764181805e-05,0.004309764154451867,2.1054192054933848e-05,0.004560711454662391,0.00016721761339928622,0.004563609751551639,0.0001678101654905391
16653,87,7,20,44419,0.0088838,44723,0.0089446,0.00892,0.00024107216652630018,0.009251927300189354,2.7171831171763826e-05,0.008743574443110096,3.457981798246787e-05,0.008907213512542029,0.00022768109847464896,0.008912142524339025,0.00023139152437625694
16653,87,8,20,80747,0.0161494,80939,0.0161878,0.0163265,0.0004321582921496292,0.017188182524757394,3.627145990577446e-05,0.01643409173932587,8.468904958021014e-05,0.016294934058730077,0.0004059562979917967,0.01630378797798032,0.00040093577056969166
16653,87,9,20,138055,0.027611,137813,0.0275626,0.027769,0.000387269795797248,0.029841532785363327,5.670187915387547e-05,0.028740392526845644,9.38195342556573e-05,0.027714904679177803,0.00034296853575795203,0.027725124424529263,0.00034220040505822386
16653,87,10,20,223145,0.044629,223590,0.044718,0.044413,0.0005944134658813279,0.04913085530505814,7.559007145246931e-05,0.04706788260194122,0.00018393056257772042,0.04441218049962498,0.0004514317575391798,0.044408253159723035,0.00045771477361878493
16653,87,11,20,349173,0.0698346,349644,0.0699288,0.069747,0.0007791635190854913,0.07696036086000099,0.00012211484806256992,0.07385349395290161,0.00023944878309567898,0.06987363656925671,0.0005599668912418728,0.06983970772679844,0.0006219696302813752
16653,87,12,20,538682,0.1077364,539194,0.1078388,0.10768249999999999,0.0011058165594518348,0.11454396811427645,0.00023816881133430145,0.1116836059864644,0.00043041094401261476,0.10788222098261872,0.001038977507718059,0.10782056413220084,0.0009880983281531342
16653,87,13,20,817128,0.1634256,817810,0.163562,0.1635585,0.0010316735254710622,0.15832975202045085,0.00023950371238902078,0.1603810807769854,0.0005334717564562025,0.1636611704530424,0.001308093311115109,0.16359069298007378,0.0012136582503917597
16653,87,14,20,1146135,0.229227,1146343,0.2292686,0.2293805,0.0013542349753351728,0.1915290910035323,0.00029927185534549277,0.20701918265241512,0.00035773155331620727,0.2293173824633396,0.0008903627422421526,0.2292971780022556,0.000984864713089755
16653,87,15,20,974837,0.1949674,973202,0.1946404,0.19459200000000001,0.0012069866785119306,0.18251488148690106,0.0002751113874292329,0.19512719875624093,0.00047723731992876787,0.1943923419957246,0.0011358283129914782,0.19449960122661333,0.0010546888996239407
16653,87,16,20,455310,0.091062,455573,0.0911146,0.0911165,0.000872499585281154,0.11241302476535223,0.0002667042383425423,0.10039250665015838,0.0003116140567340287,0.09102238694214596,0.0006559447941185606,0.09108721565651742,0.0006496180404985917
16653,87,17,20,160254,0.0320508,159248,0.0318496,0.0322065,0.0007530937943960863,0.04277710121691347,0.00018971777768578464,0.03682995783194016,0.00028247428884585983,0.03222944710840296,0.0006164815052654618,0.03224774817598355,0.000604052925486138
16653,87,18,20,31918,0.0063836,31656,0.0063312,0.006245499999999999,0.00022707464573756833,0.007854443323352656,5.7981884436156256e-05,0.00666013686301081,6.441263422391303e-05,0.006272263784464357,0.00022265918800880427,0.0062780331645389455,0.00022373514463904496
16653,87,19,20,5,1e-06,5,1e-06,0.0,0.0,1.4954107581152549e-06,3.2441911023018765e-07,7.364059915817507e-07,3.5226420802981537e-07,1.2596675553396765e-07,2.64904133890281e-08,7.337610988575835e-07,3.5163072801974563e-07
16653,87,20,20,0,0,0,0,0.0,0.0,0.0,0.0,0.0,0.0,0.0,0.0,0.0,0.0
16653,95,1,20,0,0,0,0,0.0,0.0,0.0,0.0,0.0,0.0,0.0,0.0,0.0,0.0
16653,95,2,20,0,0,0,0,0.0,0.0,0.0,0.0,0.0,0.0,0.0,0.0,0.0,0.0
16653,95,3,20,0,0,0,0,0.0,0.0,0.0,0.0,0.0,0.0,0.0,0.0,0.0,0.0
16653,95,4,20,0,0,0,0,0.0,0.0,0.0,0.0,0.0,0.0,0.0,0.0,0.0,0.0
16653,95,5,20,0,0,0,0,0.0,0.0,1.190408401165059e-10,2.4426688582521363e-10,1.4394552748413476e-09,6.133413031602414e-09,4.91620139685427e-11,1.0274887255369654e-10,1.4375658407826199e-09,6.124066881586604e-09
16653,95,6,20,0,0,0,0,0.0,0.0,1.0854906517370868e-08,2.4020717532366733e-09,1.1653631435948278e-08,8.348882287669569e-09,5.589791068826807e-09,2.133040142532362e-09,1.1647970929351654e-08,8.32990458766698e-09
16653,95,7,20,8,1.6e-06,4,8e-07,5.000000000000001e-07,2.23606797749979e-06,2.385830915589318e-07,1.7188659254352506e-08,2.3029901087295935e-07,5.345986263558627e-08,3.1531608419107494e-07,8.726392128300476e-07,2.3029336749608543e-07,5.363477348157555e-08
16653,95,8,20,31,6.2e-06,32,6.4e-06,9.5e-06,8.870412083230169e-06,2.4634941849410874e-06,4.8070949692163284e-08,2.357647911879572e-06,1.8414963108416496e-07,5.674888459472805e-06,4.5462731707279645e-06,2.3573061904452497e-06,1.8407594897214226e-07
16653,95,9,20,128,2.56e-05,129,2.58e-05,2.3500000000000002e-05,1.3869694338832114e-05,1.4762931782884834e-05,1.6633363962391512e-07,1.374475321128918e-05,5.521885422796382e-07,1.8632601502004266e-05,8.052868357218357e-06,1.3740687796400804e-05,5.611329078395137e-07
16653,95,10,20,505,0.000101,556,0.0001112,9.300000000000001e-05,2.273416163537063e-05,7.088599378274964e-05,6.943171091891857e-07,6.510630731547536e-05,1.8833271991612004e-06,8.958421539567536e-05,1.9841865691310163e-05,7.495510175181828e-05,2.286851649121704e-05
16653,95,11,20,1771,0.0003542,1830,0.000366,0.000353,6.14817045957576e-05,0.0003083272842821835,2.1475799577886576e-06,0.00027866068059802457,5.3020635075016784e-06,0.00034787040878032194,5.887216330147655e-05,0.00034738693228269975,5.831368157632363e-05
16653,95,12,20,6394,0.0012788,6541,0.0013082,0.0012994999999999999,9.029046694448219e-05,0.0012632970493633004,9.812087912362218e-06,0.0011023510336513735,1.6851789592359922e-05,0.0012970761371858166,6.595075993769623e-05,0.0012954284887982538,6.539115771062413e-05
16653,95,13,20,22563,0.0045126,22126,0.0044252,0.0044295,0.0002628482652145831,0.00498299733487653,2.8934801326485728e-05,0.004210595084350295,4.497757707346364e-05,0.004466390589281172,0.0002299285090348253,0.0044613124837563425,0.00022752688176969822
16653,95,14,20,74048,0.0148096,74502,0.0149004,0.014776000000000001,0.0004336066614364975,0.018040975045150183,7.530893709982358e-05,0.015089240357553924,0.00015146877452486247,0.014865984877048388,0.00041195084240361606,0.01485405502922168,0.0003968343984728017
16653,95,15,20,226093,0.0452186,225759,0.0451518,0.045231,0.0007033970204806472,0.056176137180021436,0.00021459123147224397,0.04846427287355596,0.0002841206258981748,0.045288047163400465,0.0007056599782013193,0.045281862306620534,0.0006982094405863691
16653,95,16,20,694256,0.1388512,693275,0.138655,0.138895,0.0010979286718275705,0.14736445881272428,0.000285990665776419,0.14728330251781793,0.00045272091547268815,0.1387495334245155,0.0007836921462354083,0.13875288974634953,0.0007778530654745749
16653,95,17,20,1305712,0.2611424,1304729,0.2609458,0.2606655,0.0013470688451909974,0.28015387879875925,0.0005027130676410959,0.27411035722015387,0.0006625246363836245,0.2606774941730776,0.0012224378446679509,0.26064810446089254,0.0012549837344077034
16653,95,18,20,2623063,0.5246126,2625669,0.5251338,0.5251979999999999,0.0020514708459003156,0.44568794516176863,0.00072430726281259,0.4985321529540439,0.0009280919424147783,0.5250147219120912,0.0014171261988182803,0.52513309312341,0.001188730881332402
16653,95,19,20,45408,0.0090816,44830,0.008966,0.0090195,0.0002601310398524883,0.045899170722338525,0.0003414794874350797,0.01084034020955275,0.00016662801437509456,0.00917139867760661,0.00021085057373391048,0.009128828199459775,0.00020707093809542535
16653,95,20,20,20,4e-06,18,3.6e-06,6.5000000000000004e-06,7.451598203705947e-06,3.4450633925953184e-05,6.238526142158906e-06,7.274968185478778e-06,5.297335717701264e-06,7.269976618216093e-06,7.195362585458971e-06,7.237646825848799e-06,5.280246271782367e-06
16653,96,1,20,8280,0.001656,8054,0.0016108,0.0016049999999999999,0.0001445683229480096,0.0031637258782916283,1.480648026008874e-05,0.0026505564151645777,2.0351603487556323e-05,0.0016213888589279829,0.00012711717458776406,0.0016213160859233212,0.00012643396340585315
16653,96,2,20,33350,0.00667,33514,0.0067028,0.0067975,0.00019888835799857275,0.010933335503992456,4.1812698102134706e-05,0.00920813791561954,5.329168799222809e-05,0.006799467774933114,0.00016888309011004195,0.006804238508378646,0.0001714475343226177
16653,96,3,20,81977,0.0163954,82505,0.016501,0.0162595,0.00033678784513633967,0.02382438999285167,6.514336925393481e-05,0.02067556943187711,9.489060575752458e-05,0.016302807844280964,0.00033749908395232925,0.0163124987526095,0.00033612287873993076
16653,96,4,20,158095,0.031619,158456,0.0316912,0.031577,0.0005398645054182829,0.041614678403840664,8.203701331445043e-05,0.03838053057773614,0.00014575309926247816,0.03163104147481626,0.0005217609102244124,0.03165172244711455,0.0005031001599149231
16653,96,5,20,254008,0.0508016,252529,0.0505058,0.050394499999999995,0.0008456045797316603,0.062071391358346474,0.00010862300040749878,0.05996305801441185,0.00013824017298928615,0.05037995978738966,0.0007621930979219255,0.050413103533932635,0.0007597018598045689
16653,96,6,20,359025,0.071805,359402,0.0718804,0.0719495,0.0009514115552001791,0.08274340632464128,0.00010458591488091952,0.08166999899589578,0.00016989805685393083,0.07181555769153172,0.0008138071112988842,0.07185180095652402,0.0008030831829737591
16653,96,7,20,471991,0.0943982,471615,0.094323,0.09468750000000001,0.0011027758039076718,0.10106213630766134,0.0001229278439734036,0.1013609579245921,0.00019996550791428084,0.09446217432200918,0.001001143470592855,0.09450166106314999,0.0010100389280909092
16653,96,8,20,581159,0.1162318,583296,0.1166592,0.1172315,0.0009541779322096007,0.11480616772198368,9.30478256029789e-05,0.11737925468538093,0.00021450339357677903,0.11696533802000256,0.0009499109211346974,0.11701482596967253,0.0009217098537955451
16653,96,9,20,661550,0.13231,662053,0.1324106,0.131968,0.0008292964678442482,0.12187944802600092,0.00012063286239302905,0.12603142410552962,0.00024954037118317645,0.13180545917665898,0.0008500614915249268,0.131837132661779,0.00079249244364097
16653,96,10,20,679383,0.1358766,679649,0.1359298,0.1362605,0.0011178008249283621,0.12044423389575735,0.0001439000743800917,0.1250990831115312,0.00020699127917978298,0.1363441657122698,0.0008639632210209175,0.136314887694268,0.0008920095236566709
16653,96,11,20,623233,0.1246466,621642,0.1243284,0.12406999999999999,0.0009994577477180733,0.10996942134445375,0.0001571668977704267,0.11347657694366878,0.0002645102380561433,0.12430625808363963,0.0007571028073875654,0.12422910348211139,0.0007169769660209322
16653,96,12,20,501054,0.1002108,500531,0.1001062,0.099893,0.0009855647592811156,0.09049621517702253,0.00012927762317112222,0.09185098693076742,0.0002053696891949076,0.10008818781096003,0.0007858767043077171,0.10001856857930622,0.0007564523556806565
16653,96,13,20,338079,0.0676158,336962,0.0673924,0.0675495,0.0007794564570398091,0.06416385856133995,0.00010070728924183762,0.06346160474391918,0.00017968578527573245,0.06766514120566573,0.0007212302402450965,0.06762767006997038,0.0007127282417027968
16653,96,14,20,175837,0.0351674,176359,0.0352718,0.035043000000000005,0.0004216521389911234,0.03616469186726486,7.127209057143309e-05,0.034335388262982096,0.00011004667345462049,0.03507837491630274,0.000347612554916138,0.03507089009528997,0.000356467312147459
16653,96,15,20,61464,0.0122928,61826,0.0123652,0.0124295,0.0004002693172300238,0.013898527724244603,6.578864810052297e-05,0.012386924381467174,7.961821800312192e-05,0.012443101453734931,0.00036595573657183326,0.012448176935839106,0.00035718901978086835
16653,96,16,20,10362,0.0020724,10467,0.0020934,0.0020480000000000003,0.00019969977466186586,0.002524359556394157,2.445024104635452e-05,0.001900684941724587,2.634048833518082e-05,0.0020579685122683153,0.00016220415434078917,0.0020590442790851702,0.00016082092594939373
16653,96,17,20,1097,0.0002194,1094,0.0002188,0.0002225,4.01149663631392e-05,0.00023270831637835638,4.591082910649883e-06,0.00016380550577595876,5.1410447954528335e-06,0.00022042747202098185,4.325305840100458e-05,0.00022057368299986777,4.3459577379264976e-05
16653,96,18,20,56,1.12e-05,46,9.2e-06,1.4000000000000001e-05,1.3138933706635728e-05,7.304039534318072e-06,3.4449122331863826e-07,5.457111955990982e-06,7.349286667719033e-07,1.3179882587473698e-05,1.1215884310228804e-05,5.461261911310692e-06,7.337728673296121e-07
16653,96,19,20,0,0,0,0,0.0,0.0,0.0,0.0,0.0,0.0,0.0,0.0,0.0,0.0
16653,96,20,20,0,0,0,0,0.0,0.0,0.0,0.0,0.0,0.0,0.0,0.0,0.0,0.0
16653,125,1,20,0,0,0,0,0.0,0.0,0.0,0.0,0.0,0.0,0.0,0.0,0.0,0.0
16653,125,2,20,0,0,0,0,0.0,0.0,0.0,0.0,0.0,0.0,0.0,0.0,0.0,0.0
16653,125,3,20,0,0,0,0,0.0,0.0,0.0,0.0,0.0,0.0,0.0,0.0,0.0,0.0
16653,125,4,20,0,0,0,0,0.0,0.0,0.0,0.0,0.0,0.0,0.0,0.0,0.0,0.0
16653,125,5,20,0,0,0,0,0.0,0.0,0.0,0.0,0.0,0.0,0.0,0.0,0.0,0.0
16653,125,6,20,0,0,0,0,0.0,0.0,0.0,0.0,0.0,0.0,0.0,0.0,0.0,0.0
16653,125,7,20,0,0,0,0,0.0,0.0,0.0,0.0,0.0,0.0,0.0,0.0,0.0,0.0
16653,125,8,20,0,0,0,0,0.0,0.0,0.0,0.0,0.0,0.0,0.0,0.0,0.0,0.0
16653,125,9,20,0,0,0,0,0.0,0.0,0.0,0.0,0.0,0.0,0.0,0.0,0.0,0.0
16653,125,10,20,0,0,0,0,0.0,0.0,0.0,0.0,0.0,0.0,0.0,0.0,0.0,0.0
16653,125,11,20,0,0,0,0,0.0,0.0,0.0,0.0,0.0,0.0,0.0,0.0,0.0,0.0
16653,125,12,20,0,0,0,0,0.0,0.0,0.0,0.0,0.0,0.0,0.0,0.0,0.0,0.0
16653,125,13,20,0,0,0,0,0.0,0.0,3.912833024579374e-10,2.289308336947397e-10,2.1818157998165923e-10,1.3059347872527756e-10,3.700228981953532e-10,1.7481359595340083e-10,2.1892691332619294e-10,1.312778923978025e-10
16653,125,14,20,0,0,0,0,0.0,0.0,5.42148812499117e-08,3.65155653383441e-09,3.739870895347162e-08,3.218332794691331e-09,4.811387609885362e-08,4.332617772918147e-09,3.753512017890948e-08,3.157661168667676e-09
16653,125,15,20,8,1.6e-06,15,3e-06,1.5000000000000002e-06,3.6634754853252323e-06,2.0906731754267e-06,8.244383502806349e-08,1.5743888292840232e-06,1.037040201047074e-07,2.0065019090086713e-06,1.6820057975651593e-06,1.5814287186329782e-06,1.0366096681840224e-07
16653,125,16,20,321,6.42e-05,285,5.7e-05,5.05e-05,3.332061160745308e-05,7.74068620078942e-05,1.5144482784257737e-06,6.245878774529765e-05,6.967376303303031e-06,5.540506718606672e-05,2.298850624695698e-05,6.538954004100416e-05,1.2865731525874989e-05
16653,125,17,20,3368,0.0006736,3308,0.0006616,0.00067,9.153659032551437e-05,0.001751406662341812,2.8279717332100578e-05,0.0009115273621081818,4.0417773045225255e-05,0.0006904335145095378,6.891936511393511e-05,0.000693649263851562,7.038646187030554e-05
16653,125,18,20,51864,0.0103728,51126,0.0102252,0.010373499999999999,0.0002727303468726267,0.055036396220251374,0.0003960964729710078,0.012698004123584888,0.00025615766834606,0.010499251122138313,0.0002593199551273276,0.010549383317055613,0.0002236197239567558
16653,125,19,20,4647239,0.9294478,4647994,0.9295988,0.9296580000000001,0.0008311032616822925,0.7578926497706557,0.0007305877333489337,0.901233860150924,0.000626213839540237,0.9292115874815533,0.0007533519044605252,0.9291810768315114,0.0006604012925993206
16653,125,20,20,297200,0.05944,297272,0.0594544,0.0592465,0.0008201750455013602,0.1852399952054034,0.0006452004931088982,0.08509253756991801,0.0006069750717852118,0.05954126782880505,0.0007278799316319461,0.059487398912575915,0.0006731664205896904
16653,279,1,20,70445,0.014089,70707,0.0141414,0.014100000000000001,0.0003976245253475882,0.018474108611940297,6.191411309793541e-05,0.016538519527060477,9.036246329889587e-05,0.014077603760386906,0.000280793027835006,0.014073323833284912,0.00028257438002588414
16653,279,2,20,162704,0.0325408,162828,0.0325656,0.032594,0.0005545448584199477,0.04223465193193489,0.00011294997331211446,0.03795259549112086,0.00014453116544119293,0.03263457637139627,0.0005003348610191602,0.03264733073190784,0.0004913713899466064
16653,279,3,20,283290,0.056658,283357,0.0566714,0.056645999999999995,0.0005672871731690276,0.0679256118970297,0.0001431503065242492,0.06290166257282942,0.00021924700521444367,0.05672218166487238,0.0004962101477205018,0.05673909350916999,0.0004913307260090951
16653,279,4,20,431787,0.0863574,432544,0.0865088,0.0863805,0.0006891144202601838,0.0920876986449793,0.00015604498889412093,0.09048292198010177,0.00023379332974822966,0.08639503454827414,0.000704506454992662,0.08642613321541667,0.0006427388412581101
16653,279,5,20,567424,0.1134848,564794,0.1129588,0.1129805,0.0009054133978755963,0.11025910113967816,0.0001505218187006655,0.11313016925436521,0.0002486701141861481,0.11289214344735632,0.0007927636357023953,0.11293288867344646,0.0007926347258869929
16653,279,6,20,640326,0.1280652,640696,0.1281392,0.12857449999999998,0.0010199663307136528,0.12038203798531326,0.00013290463923718493,0.1253257281695196,0.00022329999799117225,0.128467018850416,0.0008264865350803871,0.12849379797699997,0.0008239829132894286
16653,279,7,20,651473,0.1302946,652543,0.1305086,0.130385,0.0010730404416766765,0.12171503776936639,0.00012150205983022246,0.12640622787036845,0.0001716798542319942,0.13039748264923312,0.0009422051924612907,0.13041313971563523,0.0009554599893261807
16653,279,8,20,605891,0.1211782,605821,0.1211642,0.1212425,0.0009348282983352717,0.11459360281898393,9.633256911695827e-05,0.1177147665463506,0.00021735626662524774,0.12133017428884418,0.0008380539638676415,0.12134575890150959,0.0008611893881342663
16653,279,9,20,518192,0.1036384,518254,0.1036508,0.103525,0.0011171980929751773,0.10049025300100475,0.00011502966674494624,0.10146709789889204,0.00023888450352191988,0.1035705237408742,0.0011366232647871926,0.103564383643721,0.0010911806711946242
16653,279,10,20,414254,0.0828508,414774,0.0829548,0.08271300000000001,0.0009527859427130409,0.08136790493093542,0.00011443681360515185,0.0813244797897976,0.00021621176241655232,0.08272445513691315,0.0008275143867529281,0.08268232351002221,0.0008637572079030604
16653,279,11,20,304934,0.0609868,304987,0.0609974,0.0609475,0.0009049214853990596,0.05992495800106264,0.00010114552713704636,0.059315945794386905,0.00016814265481963374,0.06094970270127943,0.0007102819610643109,0.06089398121741071,0.0007215372724801078
16653,279,12,20,197411,0.0394822,197076,0.0394152,0.039394,0.0006912414461258133,0.0388308480085471,7.835169193182717e-05,0.03786810659893414,0.00013753085863534454,0.03938154627807712,0.0006139254582009337,0.0393423948623855,0.0006044697588411473
16653,279,13,20,103785,0.020757,103333,0.0206666,0.0208345,0.00036878855730621576,0.020894336714355595,4.795279970358487e-05,0.01987161539635865,7.920869822326374e-05,0.020792980641014928,0.00034735858230279347,0.020775369250337596,0.0003507928211066283
16653,279,14,20,38919,0.0077838,39061,0.0078122,0.0078365,0.00023658257710464157,0.008474687300229869,2.500592492854959e-05,0.007722208312752968,3.856699700164751e-05,0.007810160549594397,0.0002088711492943814,0.007806187815418637,0.00021008608452926047
16653,279,15,20,8585,0.001717,8617,0.0017234,0.0017094999999999999,0.00012093821824212126,0.0021394121400777942,1.545376773286013e-05,0.0018269045409303735,1.82262009485712e-05,0.0017126094746376045,0.00011915166232768895,0.0017127666667047594,0.00011808846202993746
16653,279,16,20,563,0.0001126,589,0.0001178,0.000135,4.6509761284453416e-05,0.0001986206588251589,3.8835396744787725e-06,0.0001462357222749408,4.469611061221205e-06,0.00013901252022620233,4.3373182593197824e-05,0.0001490422397123726,3.6766616989631044e-05
16653,279,17,20,17,3.4e-06,19,3.8e-06,2.0000000000000003e-06,4.1039134083406175e-06,7.0671754280284e-06,3.6346056980459506e-07,4.763576877375682e-06,4.295612002629e-07,2.772084536639977e-06,3.1962057344430125e-06,4.763865864499759e-06,4.2430260338116094e-07
16653,279,18,20,0,0,0,0,0.0,0.0,6.127030787402755e-08,1.8812105738265986e-08,5.095707882278486e-08,2.6866052623095155e-08,2.1292067163536083e-08,4.4170911174810776e-09,5.09518659045501e-08,2.6776590023057184e-08
16653,279,19,20,0,0,0,0,0.0,0.0,0.0,0.0,0.0,0.0,0.0,0.0,0.0,0.0
16653,279,20,20,0,0,0,0,0.0,0.0,0.0,0.0,0.0,0.0,0.0,0.0,0.0,0.0
16653,429,1,20,1061,0.0002122,1014,0.0002028,0.00021099999999999998,3.507885853030958e-05,0.0001479139907391404,1.2860923057385733e-06,0.00011871619925863847,2.0386100255140267e-06,0.00020703418913124196,3.618479465734585e-05,0.00020707941391466672,3.6215057699168914e-05
16653,429,2,20,5269,0.0010538,5232,0.0010464,0.0011115,9.669675877657292e-05,0.0008089040207938948,4.926508929276167e-06,0.0006620904311536336,7.424138948579776e-06,0.0011030867967846748,7.978768059638504e-05,0.0011040862563606653,7.983673015485764e-05
16653,429,3,20,15707,0.0031414,15890,0.003178,0.003098,0.00022336187301280733,0.0025898576006374123,1.0461324760841722e-05,0.0021904496912972696,1.90774834036105e-05,0.0030982565937523886,0.0001827172667826764,0.003100911328234211,0.00018550316171984862
16653,429,4,20,35930,0.007186,36361,0.0072722,0.007198499999999999,0.0002474772716836841,0.006363543680034706,1.7885656106049853e-05,0.005704777702129826,2.9157794849829438e-05,0.007195522976728176,0.00023892623331705538,0.007201900075678171,0.0002412861227647734
16653,429,5,20,69015,0.013803,68938,0.0137876,0.013727,0.0003234859469818384,0.012944903217390672,3.5856961640482044e-05,0.012086612442290258,6.220575138782765e-05,0.01373808631068937,0.00027981440574766537,0.013750078717542347,0.0002801242814692328
16653,429,6,20,117156,0.0234312,117483,0.0234966,0.02343,0.00038022154206808376,0.0229472840371684,4.7126555305056186e-05,0.021785641550762173,7.764738529292452e-05,0.023492701042656113,0.0003317254229405441,0.023509482068107178,0.0003210489320820017
16653,429,7,20,185789,0.0371578,184779,0.0369558,0.0369,0.0005331238623730693,0.03688398043583484,7.570247094969224e-05,0.03536796717402163,0.000125743532476553,0.03699879816228106,0.00048521132817003253,0.03702219940518066,0.0004889850681376711
16653,429,8,20,275237,0.0550474,275909,0.0551818,0.054764999999999994,0.0006793611550179842,0.055140136257455896,8.051922495621614e-05,0.0537064375492514,0.00015423645303486554,0.05485049326634299,0.0005660883438248865,0.05488563162165951,0.0005749109994076319
16653,429,9,20,389774,0.0779548,389765,0.077953,0.077684,0.0008955645088287525,0.0773048429747133,9.666133413480869e-05,0.076574447432865,0.0001874509915552182,0.07771745362048142,0.0006816983792296042,0.07775305445091793,0.0006918995687446958
16653,429,10,20,520470,0.104094,520661,0.1041322,0.104168,0.0009334068893321015,0.10218838555714885,0.00011957455228703973,0.10222762056868555,0.0002865211088160439,0.10411544803824438,0.0008654755239827613,0.1041151577468133,0.0008549160775092613
16653,429,11,20,664803,0.1329606,663862,0.1327724,0.133414,0.00136285845115872,0.12707655252995856,0.00017525765883076027,0.12906249631653766,0.00033515552409852105,0.1332723114688547,0.001345963896746722,0.13321777596538892,0.0012864096204461663
16653,429,12,20,807742,0.1615484,807365,0.161473,0.161626,0.0011311261272685176,0.14684324173932078,0.00020939392819634158,0.15268364859395794,0.00041219029213487727,0.16149107812100122,0.0009169153597330117,0.1614137185810654,0.0009329050677956698
16653,429,13,20,835500,0.1671,835543,0.1671086,0.1673635,0.0010825276221102065,0.15253593196500365,0.0001992203301260431,0.16067736189271506,0.0002786710369719146,0.16734412693751907,0.0009538043271395451,0.1672872183216375,0.0009083195011763594
16653,429,14,20,635740,0.127148,636594,0.1273188,0.12718849999999998,0.0010734855917940735,0.1328861389935426,0.0001834498345304928,0.13541040264897636,0.00034844148657852997,0.12720442802569962,0.0009677908540318269,0.1272038530589169,0.0009195967481319951
16653,429,15,20,333514,0.0667028,332671,0.0665342,0.0664595,0.0008031416929455032,0.08551774273349469,0.00021739488671073862,0.0818102776988427,0.00024169805620734609,0.06646008978837012,0.0006642544762210814,0.06650256729577084,0.0006444823598562931
16653,429,16,20,90736,0.0181472,91239,0.0182478,0.018283,0.0005291612031766581,0.03104209845863874,0.00013955015936548208,0.024711905296666177,0.00016494302873727398,0.018296679215609436,0.0004490980060467376,0.018311183193209558,0.0004435762080475386
16653,429,17,20,15514,0.0031028,15638,0.0031276,0.0031475,0.00016292959409382616,0.006276904531388128,5.544768655046581e-05,0.004826419934550825,6.211313100519648e-05,0.0031773446449601646,0.00014859662186626202,0.003179426614407043,0.00014803840921453777
16653,429,18,20,1043,0.0002086,1056,0.0002112,0.00022500000000000002,4.559547530644957e-05,0.0005016304722853487,8.222222347298395e-06,0.00039272377606983935,1.1482802624804612e-05,0.00023706004725648094,4.676229826233217e-05,0.0002372542111263021,4.653092273155477e-05
16653,429,19,20,0,0,0,0,0.0,0.0,6.8044507125269024e-09,1.2889225303410023e-08,3.099968327336274e-09,7.32164206925477e-09,7.536376367423091e-10,1.1053393637612246e-09,3.0986788526796362e-09,7.331678926589062e-09
16653,429,20,20,0,0,0,0,0.0,0.0,0.0,0.0,0.0,0.0,0.0,0.0,0.0,0.0
16653,457,1,20,0,0,0,0,0.0,0.0,0.0,0.0,0.0,0.0,0.0,0.0,0.0,0.0
16653,457,2,20,0,0,0,0,0.0,0.0,9.964676238826645e-11,1.6972745178954464e-10,2.4412740142944727e-11,5.904817831699508e-11,7.660485132896279e-11,1.3191385774622862e-10,2.443045167997914e-11,5.91045392266209e-11
16653,457,3,20,0,0,0,0,5.000000000000001e-07,2.23606797749979e-06,9.272683500615495e-09,1.8623358585120458e-09,8.433020618366371e-09,6.551418557375961e-09,1.1870886380055711e-07,4.985425400894086e-07,8.438054821206049e-09,6.563085491843352e-09
16653,457,4,20,0,0,3,6e-07,5.000000000000001e-07,2.23606797749979e-06,2.1917671672685415e-07,8.199640027769371e-09,1.719583090853008e-07,1.2289181570458348e-08,3.0325105392515043e-07,6.399060606845954e-07,1.7200788976142656e-07,1.2488344398347025e-08
16653,457,5,20,20,4e-06,21,4.2e-06,7.500000000000001e-06,9.66545666958261e-06,1.9150073390511882e-06,2.4790725911440587e-08,1.7321513313158061e-06,1.008319887007567e-07,4.438078291270859e-06,4.57251089349477e-06,1.732520189313756e-06,1.0065088986465175e-07
16653,457,6,20,89,1.78e-05,80,1.6e-05,1.7e-05,1.2607433062326869e-05,1.0011781171034806e-05,1.2726848964039013e-07,9.238072300935033e-06,2.780533226552089e-07,1.5270930491297726e-05,8.02999080025066e-06,9.239011176635026e-06,2.898831240070718e-07
16653,457,7,20,290,5.8e-05,305,6.1e-05,5.85e-05,2.058998223459779e-05,4.138648676725843e-05,3.2792682021699163e-07,3.85946009934024e-05,6.799993560942536e-07,5.648297675759963e-05,1.6676573334247883e-05,3.85933162642795e-05,6.643441169494125e-07
16653,457,8,20,924,0.0001848,900,0.00018,0.0001795,3.619755734707436e-05,0.0001473166163626374,8.538885422362599e-07,0.00013843100789788577,1.6866476567556262e-06,0.0001783868405731593,2.9549288449600347e-05,0.00017969663560308733,2.701854193828397e-05
16653,457,9,20,2491,0.0004982,2523,0.0005046,0.0005045,8.107663690997289e-05,0.0004670437629911862,2.5270806362537804e-06,0.00043929071409953764,5.508669913614877e-06,0.0005018190446060102,6.792792048241775e-05,0.0005017128743182284,6.789834566768717e-05
16653,457,10,20,6547,0.0013094,6528,0.0013056,0.0013425,9.452791289238052e-05,0.0013904624358943357,5.785172563013475e-06,0.0012756612097286491,1.6806253261361245e-05,0.0013390300132033698,6.641418384160901e-05,0.001338176560166784,6.704133474620403e-05
16653,457,11,20,16336,0.0032672,16417,0.0032834,0.0033185,0.00015543741336526484,0.003931970222503458,1.4128145154528318e-05,0.0035308157103953754,3.894731026285776e-05,0.003318785159737271,0.0001601964809545839,0.0033153282836038142,0.00016148210782849435
16653,457,12,20,41502,0.0083004,41832,0.0083664,0.0082965,0.0002470089493371274,0.010911523853053065,5.502695457831237e-05,0.00950539554874017,8.830383694315169e-05,0.008313320718709896,0.00022841039515299265,0.008303714013277423,0.00022266431086760436
16653,457,13,20,108381,0.0216762,107743,0.0215486,0.0217755,0.0004855650533683739,0.029379923881837865,0.00010454617191626147,0.025219234429426023,0.00014471558115681488,0.021811787490602846,0.0003902705589939326,0.0217902222605576,0.0003977746326542892
16653,457,14,20,282810,0.056562,281382,0.0562764,0.056357500000000005,0.0009348339283980921,0.07285317523243127,0.0002150180278546823,0.0635253424872532,0.0003616999324329989,0.05632840122738074,0.0008437050788308018,0.056290587953717365,0.0007947382202929821
16653,457,15,20,679853,0.1359706,679330,0.135866,0.1364345,0.0010230988787939686,0.15306959593279695,0.0003495985057798425,0.14233197129032302,0.0005208696929841554,0.13633308974356867,0.0011100717070868322,0.13633027586117735,0.0010224900557334784
16653,457,16,20,1420996,0.2841992,1421850,0.28437,0.2840635,0.0014279550155084633,0.24869625074742335,0.00029151856656967485,0.26869662892856205,0.0006190451946976203,0.28405228849505754,0.001292262086882623,0.2840923674688466,0.0011756991874199297
16653,457,17,20,1475523,0.2951046,1476529,0.2953058,0.2945725,0.0013710114399307725,0.2755995623222238,0.0004757193458509798,0.2888087166418062,0.0007475466249375218,0.2946729527295678,0.001483171397620497,0.29467352085487153,0.0012772183545356212
16653,457,18,20,961688,0.1923376,962038,0.1924076,0.1925475,0.0012779419103839502,0.2005463969140525,0.0004740073084042942,0.19582793182561695,0.0005593745841088133,0.1925013823459134,0.001007385137346097,0.1925672263122684,0.0008911675805245855
16653,457,19,20,2550,0.00051,2519,0.0005038,0.0005235,6.149668369321356e-05,0.0029530355551617275,5.3428341853571523e-05,0.0006508236412076072,2.4192954851779826e-05,0.0005721263118621193,5.9352594031681474e-05,0.0005693463571389226,5.708396966889559e-05
16653,457,20,20,0,0,0,0,0.0,0.0,2.0069894353277766e-07,2.606515297184988e-07,1.1324575208850481e-08,3.126396640346111e-08,1.5857154498291186e-08,1.2213030767144922e-08,1.1304165728100513e-08,3.122936225590304e-08
16653,550,1,20,514,0.0001028,534,0.0001068,0.000109,3.611385504644705e-05,0.0001671893708698901,1.3936966589639782e-06,0.00013468959767064533,2.2286300341272146e-06,0.00011775775009098255,3.134112773061631e-05,0.00013796620789286395,1.787519562288618e-05
16653,550,2,20,2925,0.000585,2924,0.0005848,0.000577,7.094104297899326e-05,0.0008840486837827507,5.207766084168911e-06,0.000725651475313474,7.888381308129582e-06,0.0005817379562121155,5.5615214036692824e-05,0.0005822628947003286,5.5857458915584425e-05
16653,550,3,20,9325,0.001865,9393,0.0018786,0.0019105,0.00017449098906005973,0.002752477817574235,1.0878200542974113e-05,0.0023336354984722038,2.0117380505168898e-05,0.001906330913472584,0.000150768935872287,0.0019078860768943985,0.0001516396518385365
16653,550,4,20,24494,0.0048988,24531,0.0049062,0.004882,0.0001932982424294536,0.006607555529471627,1.77861185368043e-05,0.005934770806064348,2.9953364069303584e-05,0.0048796490230172546,0.00015983948004556376,0.004883726689295867,0.00015849464909652866
16653,550,5,20,52065,0.010413,52172,0.0104344,0.010397,0.00024840755984766976,0.0131971993388918,3.613979282729977e-05,0.01233481698543737,6.270895234916072e-05,0.010400216959062097,0.00023633784123402313,0.010408861475064604,0.00023183711188955883
16653,550,6,20,93401,0.0186802,93000,0.0186,0.018746,0.0004432345226911627,0.023068240841564756,4.6275330023217996e-05,0.021906685128441968,7.818146885188512e-05,0.01871041775326686,0.0003776912618526215,0.018723237063716473,0.0003748740111261795
16653,550,7,20,152175,0.030435,152088,0.0304176,0.030559000000000003,0.0005611351277356883,0.03665546859129683,7.369215833127421e-05,0.03513997001629593,0.00012568056832574882,0.03046826793777722,0.0005498700555075541,0.03048639000844197,0.0005426474011531636
16653,550,8,20,234639,0.0469278,234535,0.046907,0.046976000000000004,0.0006210466547437644,0.054379087855846484,7.67430921088334e-05,0.05292709136401206,0.00015123003118366527,0.04685613143196002,0.0005848408299052666,0.04688448350914974,0.0005786313879461624
16653,550,9,20,341890,0.068378,339813,0.0679626,0.0682985,0.0010017893202192067,0.07580785661462705,9.559175121272644e-05,0.07501887511499801,0.00018657436888355785,0.06824858403316028,0.0007669610423355817,0.06827765215214003,0.0007747225400490285
16653,550,10,20,468636,0.0937272,468005,0.093601,0.09330000000000001,0.0008910726829590221,0.09997397126222589,0.00011665753276928551,0.09988251970520565,0.0002828960057130862,0.09336972136106104,0.000838726604209555,0.09336629383027353,0.0008117022136874165
16653,550,11,20,613815,0.122763,613923,0.1227846,0.122746,0.0009188574140574921,0.12448460152127298,0.00017121091215196042,0.1262851011423756,0.00032329311876390024,0.122878145760563,0.0007448612200322556,0.12282453572721348,0.0007645174368333766
16653,550,12,20,764568,0.1529136,765088,0.1530176,0.153382,0.0012910689165836309,0.14459560709894712,0.00020909491461616953,0.15027568984244208,0.00041278911537167976,0.15347136260709843,0.0012540114553036194,0.15339200504313266,0.0011463163966242125
16653,550,13,20,856510,0.171302,858979,0.1717958,0.171394,0.0014740077840257227,0.15186807981615524,0.00019810208272686886,0.16015537917173203,0.0002763079077931473,0.17139943257548443,0.001132995696056675,0.17133635529601116,0.0012101448392453017
16653,550,14,20,733557,0.1467114,733110,0.146622,0.1467575,0.001130169409750963,0.13470707391097075,0.00018551340690294558,0.1377816748563377,0.000352592835114241,0.1467753781885382,0.0010924155830199208,0.14676987596335717,0.0010207054752244895
16653,550,15,20,468106,0.0936212,468920,0.093784,0.0934685,0.0011808260935285493,0.08913491871143357,0.00021797439701648412,0.08586521212090029,0.00024641092676006595,0.09348815919811818,0.0008974983421167401,0.09354571856837456,0.0009578992549854902
16653,550,16,20,147823,0.0295646,147458,0.0294916,0.029378500000000002,0.0004904699679630593,0.03383879447081903,0.00014417852849267496,0.02716792580427117,0.00017339327975946,0.029365906888992044,0.0004150693455824686,0.029388142365981973,0.000390250400468377
16653,550,17,20,31982,0.0063964,32069,0.0064138,0.006415,0.0002787849576852721,0.007253797680165661,6.014106136654525e-05,0.005637150402456748,6.893245031508723e-05,0.0063915555638270685,0.00026369246858293645,0.0063952175568818504,0.00025416115609704207
16653,550,18,20,3575,0.000715,3458,0.0006916,0.0007034999999999999,8.014953130506161e-05,0.000624021041121958,9.452894398888265e-06,0.0004931564846414342,1.3411300388214368e-05,0.0006912433258325316,6.51759902128655e-05,0.0006919390618054955,6.549624059402104e-05
16653,550,19,20,0,0,0,0,0.0,0.0,9.842962251819873e-09,1.833288393484562e-08,4.482931161534069e-09,1.0440923880213894e-08,7.724655084770252e-10,1.175310448107948e-09,4.479946301228579e-09,1.0452975901200773e-08
16653,550,20,20,0,0,0,0,0.0,0.0,0.0,0.0,0.0,0.0,0.0,0.0,0.0,0.0
16653,588,1,20,142263,0.0284526,142702,0.0285404,0.028666000000000004,0.0005702391003596182,0.035729207924897206,0.00010587547151773944,0.03294792240861778,0.00016044651257999618,0.028604796666947825,0.0005570127268313133,0.028593591816988517,0.0005501776827484499
16653,588,2,20,296509,0.0593018,296024,0.0592048,0.059229,0.0008023708290861653,0.0683402743967847,0.00015419340831165983,0.06357678050481033,0.00019510928043214043,0.05910490771389596,0.0006005029705639071,0.059123748257297146,0.000630031729982133
16653,588,3,20,454040,0.090808,453490,0.090698,0.0907605,0.0009806468058861644,0.09601705318745395,0.00018070311313818756,0.09192853993772367,0.0003024895027911127,0.09075337051848838,0.0009674937925775541,0.09077254238013777,0.0009058656850814841
16653,588,4,20,607981,0.1215962,608950,0.12179,0.1212545,0.0008445832045889162,0.11587799785556223,0.00018642411845036681,0.1169016215034312,0.0002502873867306515,0.12129149130659514,0.0007392342130802063,0.12132564153291052,0.0006777019524401
16653,588,5,20,700193,0.1400386,699113,0.1398226,0.1401345,0.0009706561806595764,0.125292693917024,0.00016938635062292741,0.1307392446399566,0.00033334373933953355,0.1401023979715155,0.0008821878361189226,0.1401413986253788,0.000842586887922376
16653,588,6,20,689643,0.1379286,689998,0.1379996,0.13800300000000001,0.0010306313854291345,0.12459081106139955,0.00014713999675605745,0.13082122582388456,0.00029955528509101786,0.13794076717412734,0.0010242744990407507,0.13795801574376595,0.000971656246825173
16653,588,7,20,614231,0.1228462,613368,0.1226736,0.12275799999999999,0.0011322897155763632,0.11529864919170452,0.0001221867486152095,0.11975397383030158,0.00022521110751878002,0.12275210692321381,0.0008824946233014007,0.12275685139533654,0.0008856837039539606
16653,588,8,20,500216,0.1000432,500224,0.1000448,0.1003125,0.0010645724370301024,0.09961801180273346,0.00010328511470794832,0.10105156215562672,0.00026101256962893525,0.10036446510201862,0.000830814340621752,0.10036897576025475,0.0008131656257982849
16653,588,9,20,378147,0.0756294,379369,0.0758738,0.075365,0.0008382531962674705,0.08007955046899451,0.00010135808687982435,0.07898501340827958,0.0001413217695839166,0.07543635038978035,0.0007646718125799392,0.07542629128678706,0.0007825272403351496
16653,588,10,20,268544,0.0537088,267500,0.0535,0.053659,0.0007135817734278396,0.05942965894980858,9.028950431453146e-05,0.05768142494951508,0.0001711625702729606,0.0537286528186912,0.0006618559281026225,0.05369653946117756,0.0006456786655920998
16653,588,11,20,175219,0.0350438,175945,0.035189,0.0351545,0.0005281394851641694,0.039957308707341134,7.367142328922892e-05,0.03835512168511544,0.00013653387648047044,0.03519499231538181,0.0005474349698660165,0.03516009849412776,0.0005604277829228123
16653,588,12,20,101964,0.0203928,102337,0.0204674,0.020474,0.0006112058831350918,0.023462803625760538,5.624887002551821e-05,0.02228442985582792,0.0001032530158089862,0.020483093198397487,0.00050524967406968,0.020460948874864045,0.0004966084691790435
16653,588,13,20,48983,0.0097966,48820,0.009764,0.009844,0.0003402847105153658,0.011328330575430789,3.123637974061587e-05,0.010558769041993928,4.985924145778447e-05,0.009849621518076085,0.0003084209598901279,0.009840465783224502,0.00030851809739790114
16653,588,14,20,17538,0.0035076,17795,0.003559,0.003485,0.00018622284330452332,0.004045592123640179,1.386174013815732e-05,0.0036308324701293275,2.483124971834845e-05,0.003489919116035473,0.00016450897919984415,0.003487787112471006,0.0001629074141553105
16653,588,15,20,4193,0.0008386,4024,0.0008048,0.0008285,9.348655968696923e-05,0.0008694979509036594,7.2115321247695984e-06,0.000737062900952792,9.498968500968481e-06,0.0008319289797484228,8.614052358399301e-05,0.00083200129102283,8.649458081285506e-05
16653,588,16,20,327,6.54e-05,331,6.62e-05,7e-05,3.1622776601683795e-05,6.11300729404097e-05,1.5746238725459546e-06,4.548840746430623e-05,2.0071031347302626e-06,6.926589056978362e-05,3.1159755513586376e-05,5.6867342882305105e-05,3.210000398972636e-05
16653,588,17,20,9,1.8e-06,10,2e-06,2.0000000000000003e-06,4.1039134083406175e-06,1.4205032542767919e-06,1.1637953642448042e-07,9.805566417942219e-07,1.5027124886487864e-07,1.8689967626440558e-06,3.299793697707845e-06,9.80488624648375e-07,1.49014407229859e-07
16653,588,18,20,0,0,0,0,0.0,0.0,7.684366468513329e-09,5.273150408579909e-09,5.919727543846034e-09,4.8168319519594e-09,3.3997543309301535e-09,1.449457301804603e-09,5.915829082591399e-09,4.800186613510571e-09
16653,588,19,20,0,0,0,0,0.0,0.0,0.0,0.0,0.0,0.0,0.0,0.0,0.0,0.0
16653,588,20,20,0,0,0,0,0.0,0.0,0.0,0.0,0.0,0.0,0.0,0.0,0.0,0.0
16653,2064,1,20,1413113,0.2826226,1414785,0.282957,0.2828585,0.001310942910957406,0.25317671667773445,0.00043433003831792915,0.26011656824968116,0.00047325532943964197,0.2827907023091407,0.000748644349546618,0.28266258998100785,0.0007398541797853583
16653,2064,2,20,1149990,0.229998,1148810,0.229762,0.22983150000000002,0.00137696567629125,0.21827268250997509,0.0002710611026199505,0.22577720596971368,0.0003257047781621697,0.23000940622262495,0.0010536275789720091,0.23006651551055288,0.0010496441667453402
16653,2064,3,20,874660,0.174932,872334,0.1744668,0.174617,0.00102079483994736,0.17342109291311364,0.0002452594669470161,0.17858740362436537,0.0003515570371397728,0.1746617574331983,0.0010756787102036802,0.17468855999853397,0.001105031752167249
16653,2064,4,20,598539,0.1197078,599697,0.1199394,0.11997949999999999,0.0012812800959238102,0.12858459665252625,0.0002505876513222563,0.12712947370591382,0.0003161284533530681,0.11985866711605406,0.001149492694740239,0.1198836474550651,0.0009997367472807915
16653,2064,5,20,392817,0.0785634,392885,0.078577,0.078706,0.0007473067431925471,0.08991512543715219,0.00016729080252752445,0.08492110961365372,0.0003118868407618101,0.07860552992926684,0.0005184183025619236,0.07862258415851281,0.0005475755331635548
16653,2064,6,20,252450,0.05049,253035,0.050607,0.0502625,0.0008314405697658923,0.05941485334045168,0.00014077940544262978,0.05464279662354863,0.00018996224413446618,0.05025564563290328,0.0007000817673368156,0.05025881588126978,0.0007036318224715286
16653,2064,7,20,154467,0.0308934,154693,0.0309386,0.0308355,0.0005340261673068286,0.03680944209614647,7.003563365470458e-05,0.03336182528239857,0.00010712277840410576,0.030869508599990648,0.0004399584259605252,0.030868480884525547,0.00042557080461093507
16653,2064,8,20,87319,0.0174638,86612,0.0173224,0.017508000000000003,0.00034101396791889573,0.021107851853645148,5.47761764335237e-05,0.018710638240817885,9.218742121475957e-05,0.0175356379449984,0.000285402172108865,0.01753542848451987,0.0002934344562858092
16653,2064,9,20,44147,0.0088294,44973,0.0089946,0.008965,0.00032114105771042167,0.011057066046734261,2.768029377126876e-05,0.00962359129557192,5.162369851362115e-05,0.008962921708557576,0.0002997563274690615,0.008961104521052579,0.0002992877840800855
16653,2064,10,20,20657,0.0041314,20554,0.0041108,0.004109,0.00023872247705784141,0.005199564523700638,1.422172787178891e-05,0.004501766351774983,2.862313486581478e-05,0.004098748625347018,0.0002271448383217651,0.004096006612715154,0.00022624721673844458
16653,2064,11,20,8246,0.0016492,8209,0.0016418,0.0016545000000000002,8.388431884070121e-05,0.0021208738994350053,7.520028526497279e-06,0.0018326244818246359,1.0491040810867786e-05,0.0016564197728964915,8.345258886787707e-05,0.0016546681023099248,8.352644961357403e-05
16653,2064,12,20,2811,0.0005622,2692,0.0005384,0.000525,5.995612430857469e-05,0.000709114523684791,4.109908886765417e-06,0.0006136782978065313,6.157928151777106e-06,0.000534181034549673,4.8192255242175433e-05,0.0005335574854140573,4.7953624612208946e-05
16653,2064,13,20,677,0.0001354,619,0.0001238,0.00012550000000000001,2.6650762801367187e-05,0.00017897108077980758,1.5023593580809143e-06,0.0001544830590764634,1.9929816908711845e-06,0.00013525016481359185,2.0143759495492058e-05,0.00014402894094856297,1.8176959502580477e-05
16653,2064,14,20,103,2.06e-05,95,1.9e-05,2.0500000000000004e-05,1.316894273021107e-05,2.9609432616820735e-05,3.0709410338766934e-07,2.485021035425455e-05,4.998146449356952e-07,2.36876899803844e-05,1.061438184864481e-05,2.4833624879063608e-05,4.894917497240623e-07
16653,2064,15,20,4,8e-07,7,1.4e-06,2.0000000000000003e-06,4.1039134083406175e-06,2.4071465712989313e-06,6.303585593482124e-08,1.9601503487082663e-06,9.086946418751064e-08,1.9116627655955495e-06,1.4352934929216592e-06,1.960036890827067e-06,8.898382104775464e-08
16653,2064,16,20,0,0,0,0,0.0,0.0,3.182716022170118e-08,4.310359350646546e-09,2.4818240716065042e-08,6.5170790856676815e-09,2.411496321941612e-08,3.5693149947304313e-09,2.4819782141064632e-08,6.514430287695166e-09
16653,2064,17,20,0,0,0,0,0.0,0.0,3.857242512681842e-11,3.6135452336086296e-11,2.4909237881046194e-11,3.377315253800778e-11,3.79494464431827e-11,3.6389444930650127e-11,2.485881589611879e-11,3.367440683660768e-11
16653,2064,18,20,0,0,0,0,0.0,0.0,0.0,0.0,0.0,0.0,0.0,0.0,0.0,0.0
16653,2064,19,20,0,0,0,0,0.0,0.0,0.0,0.0,0.0,0.0,0.0,0.0,0.0,0.0
16653,2064,20,20,0,0,0,0,0.0,0.0,0.0,0.0,0.0,0.0,0.0,0.0,0.0,0.0
16982,26,1,20,2666899,0.5333798,2668186,0.5336372,0.534008,0.0015109864327650228,0.4924752043000142,0.0007350351664151886,0.5162151423755141,0.000845865241378132,0.5335046269161777,0.0013629539604792802,0.5336151657466806,0.000984514305328179
16982,26,2,20,1806422,0.3612844,1803526,0.3607052,0.360385,0.0014788348898977757,0.33619733369680727,0.0005545938510478543,0.3750263445640583,0.0008266340930907239,0.3606605767714536,0.0012804338173157683,0.3604987612686449,0.0010279221888646781
16982,26,3,20,380476,0.0760952,380749,0.0761498,0.07614,0.0007574611332742119,0.1211236102255527,0.0003587517136362045,0.0785853810310517,0.00041727870311120986,0.07629421854771243,0.0005551956430146307,0.07634455667871946,0.0005711320664148501
16982,26,4,20,97787,0.0195574,98846,0.0197692,0.0197045,0.0004063117159599458,0.03513893818183508,0.00011571429922423183,0.02026375434982104,0.00022411769160216,0.019745932278267823,0.00036010882596200744,0.019749920693066504,0.0003797082647161032
16982,26,5,20,30491,0.0060982,30788,0.0061576,0.006121,0.00028243117466216904,0.010125408042463646,6.136267435237543e-05,0.00628549995322944,0.0001086039310187897,0.006131453030890395,0.0002579449547354186,0.0061333873102823,0.00025051422728567706
16982,26,6,20,10877,0.0021754,10820,0.002164,0.002213,0.00017238573637416517,0.003191053966383897,1.2331714005798009e-05,0.002223181796322452,7.337324304005903e-05,0.002218838877266348,0.00016562794957089645,0.002219714898503441,0.00016401320196579892
16982,26,7,20,4206,0.0008412,4212,0.0008424,0.0008625000000000001,9.025548532681518e-05,0.0010999061972379325,6.7356945004133865e-06,0.0008509555108008535,3.3853285035151876e-05,0.0008670891245950713,6.915302221558498e-05,0.0008673671715248232,6.901563723017884e-05
16982,26,8,20,1711,0.0003422,1647,0.0003294,0.000332,4.007886961322243e-05,0.0004020001886615667,2.012426809207575e-06,0.00033038635845199693,1.8147472393438302e-05,0.0003383117059380491,3.533315852660613e-05,0.00033838114492335317,3.5676255429055384e-05
16982,26,9,20,697,0.0001394,691,0.0001382,0.00015000000000000001,4.8122650318578784e-05,0.0001522906816215194,9.512136750324519e-07,0.00013376708051639061,1.0343618565678077e-05,0.0001491424316973253,3.4458769719542554e-05,0.000151177118736967,3.200345371423084e-05
16982,26,10,20,271,5.42e-05,311,6.22e-05,5.1000000000000006e-05,2.1740091511936384e-05,5.76871943957656e-05,3.6496794547385186e-07,5.2051173524287394e-05,4.71943379794164e-06,5.294829405139412e-05,1.0431511924677549e-05,5.207819592360911e-05,4.8489304752828234e-06
16982,26,11,20,102,2.04e-05,139,2.78e-05,1.9e-05,1.5861240410775607e-05,2.14178058151388e-05,1.613423150018357e-07,1.9592381851080694e-05,2.227089372989263e-06,2.1309563727607277e-05,6.092941960842337e-06,1.9596485737914328e-05,2.219032553268646e-06
16982,26,12,20,39,7.8e-06,48,9.6e-06,6.5000000000000004e-06,7.451598203705947e-06,7.607470965844931e-06,6.869681185070483e-08,6.73063210332014e-06,7.17973351352798e-07,7.670395433645927e-06,2.2138449207805178e-06,6.73184840691053e-06,7.144337109369757e-07
16982,26,13,20,15,3e-06,27,5.4e-06,6.000000000000001e-06,6.805570473787207e-06,2.509333046870674e-06,1.8548973397061597e-08,2.331319403737738e-06,4.53096175501981e-07,2.7992700851977697e-06,8.790276783961129e-07,2.332705694126597e-06,4.5348398424375216e-07
16982,26,14,20,5,1e-06,7,1.4e-06,1.5000000000000002e-06,3.6634754853252323e-06,7.435535454455506e-07,7.526331239448272e-09,6.414910845330565e-07,1.0064324826255445e-07,7.969881581162691e-07,3.476945206758192e-07,6.421158073158334e-07,1.0057274356458267e-07
16982,26,15,20,1,2e-07,3,6e-07,0.0,0.0,1.8991215217115445e-07,1.9394638577593022e-09,1.5272516099286546e-07,1.0592873208882866e-08,1.8677303963064794e-07,3.209884569565481e-09,1.5290807119477708e-07,1.0487922533913164e-08
16982,26,16,20,1,2e-07,0,0,0.0,0.0,3.90028363933008e-08,4.708097288136878e-10,2.9138871614676003e-08,1.497766850224883e-09,3.8790189484558786e-08,5.677068382128139e-10,2.9169305133063558e-08,1.520365520629414e-09
16982,26,17,20,0,0,0,0,0.0,0.0,5.943194480881182e-09,8.670081404107173e-11,4.082814028867256e-09,2.669188000688917e-10,5.937846071236138e-09,8.805018727958762e-11,4.085021425302489e-09,2.7041627315123813e-10
16982,26,18,20,0,0,0,0,0.0,0.0,6.694137942165569e-10,1.505134579414813e-11,4.252561922923633e-10,4.9609617447535054e-11,6.694137942165569e-10,1.5051345794148127e-11,4.2549239873804513e-10,5.0346223786322327e-11
16982,26,19,20,0,0,0,0,0.0,0.0,5.133394740371076e-11,1.6126865078130206e-12,2.8377141074383713e-11,3.509884461594738e-12,5.133394740371076e-11,1.6126865078130206e-12,2.8398635246636896e-11,3.5281345290953833e-12
16982,26,20,20,0,0,0,0,0.0,0.0,1.8518724357170155e-12,9.967732751006028e-14,9.163180000018326e-13,3.345418117772547e-13,1.8518724357170155e-12,9.967732751006029e-14,9.16077607507461e-13,3.329708230911423e-13
16982,27,1,20,2340,0.000468,2281,0.0004562,0.00044,6.349471590115528e-05,0.0010485023699428832,9.817324028208988e-06,0.00048162292015365186,1.63146143697346e-05,0.00048450708623723845,4.793113729535675e-05,0.00048443899089421717,4.813338652516147e-05
16982,27,2,20,21754,0.0043508,21836,0.0043672,0.0043925,0.0001892054021705678,0.008024791061701087,4.643773013248251e-05,0.004516118529053498,6.215113018592668e-05,0.004458423733108762,0.00018859464000728007,0.004454725509262348,0.00018903952848880597
16982,27,3,20,143870,0.028774,143713,0.0287426,0.028752499999999997,0.0003332910060845356,0.03322254034916043,9.280107239282228e-05,0.029821314440516576,0.00010289670729804126,0.02867874234856279,0.00028662152346191843,0.028686778761042014,0.0003117313052593948
16982,27,4,20,274866,0.0549732,275910,0.055182,0.055340999999999994,0.0007622259645621045,0.05812283770551813,0.00011090212105762282,0.056637988494490046,0.00019385760002634978,0.05525911172095928,0.0006079290029668842,0.05524806587063473,0.0006224446870973045
16982,27,5,20,377961,0.0755922,378937,0.0757874,0.0758325,0.001003183747664879,0.07563572982824478,0.00010998454770279479,0.07660513070904372,0.00021716574612803093,0.075667688305656,0.0007940058632695761,0.07566609846974812,0.0008100733168386519
16982,27,6,20,440484,0.0880968,439522,0.0879044,0.088359,0.000722356523725245,0.08656232304480234,0.00011818092657063976,0.08848480520456416,0.00022752228112160806,0.08819721106089169,0.0006916770995452587,0.08820226063165651,0.0006626338075610514
16982,27,7,20,476240,0.095248,476646,0.0953292,0.095196,0.001133408459842305,0.09270265821553363,0.00014236205807468318,0.09522422162808156,0.0002180232139803445,0.09509210498814422,0.0010851533136933917,0.09508617668773754,0.0010796628814131982
16982,27,8,20,491185,0.098237,490326,0.0980652,0.0982255,0.0009274496723471523,0.0951541480420613,0.00012143581454899235,0.09778908528701344,0.0002472566196053352,0.09816207555881194,0.0008163578860686071,0.0981338764614517,0.0008096474005988022
16982,27,9,20,489421,0.0978842,489569,0.0979138,0.097858,0.0010041314654964254,0.09448866421707713,0.00011028976168740636,0.09727766989318248,0.00020042508424211223,0.09781465532332838,0.0010147922827576116,0.09779123402685938,0.0009870638074852692
16982,27,10,20,472757,0.0945514,472868,0.0945736,0.0945305,0.0009133885724107385,0.09103549023682081,0.00011902203470202913,0.09375085134743852,0.0002792263711248854,0.09454011754401785,0.0008169778384525729,0.0945333571078894,0.0008136972975777881
16982,27,11,20,439904,0.0879808,441251,0.0882502,0.087791,0.0008656418367163659,0.08498426522072733,0.00010807645098212977,0.08714264066745624,0.00024341377375942285,0.0878810751790297,0.0007844427388278675,0.08787030362550484,0.0007759386995086219
16982,27,12,20,393218,0.0786436,392125,0.078425,0.0785555,0.0007451843643301345,0.07639925739247913,0.00011115945839269874,0.07791425251280451,0.00023025984706606697,0.07870338977791766,0.0007076821328535604,0.07869085315137288,0.0006844682078162729
16982,27,13,20,331806,0.0663612,330530,0.066106,0.065947,0.0006733740651220148,0.06541198408921767,0.00010341926924432778,0.06572111429251438,0.00017906215646676642,0.06610918272248192,0.0005993163790946413,0.06612046057618477,0.0005967642265324583
16982,27,14,20,258099,0.0516198,258414,0.0516828,0.0516225,0.0005376153487000667,0.05244138190721982,8.783664340458538e-05,0.05156908327296709,0.00023132874431949573,0.05174767913621965,0.0005339004567048286,0.051779891618261076,0.0005282475920750931
16982,27,15,20,184230,0.036846,184019,0.0368038,0.0367625,0.0005039097141353797,0.03842076863308342,7.701631368497148e-05,0.03675801847707562,0.000154908083993249,0.03679260612407624,0.0005343315039552341,0.03682376134354772,0.0005054967378610444
16982,27,16,20,113979,0.0227958,113518,0.0227036,0.0226855,0.0005977895686786885,0.024760593300692205,6.347735037800904e-05,0.022770655851192777,0.00010413863732497507,0.022647952399688365,0.0004302152377715904,0.02266240159759995,0.0004502500045489619
16982,27,17,20,56654,0.0113308,56768,0.0113536,0.011315,0.00029550135808753737,0.013372928514468368,3.070142116152619e-05,0.011284617073171603,8.175544923962341e-05,0.011300518045575986,0.00024332711357553924,0.011301540982424467,0.00023401546280126732
16982,27,18,20,22790,0.004558,23189,0.0046378,0.0046505,0.0002581202290243423,0.005868263950459042,1.8354585442940475e-05,0.004565773844471448,6.226213382543592e-05,0.004667786463598905,0.00022541213846834153,0.004668080776506314,0.00022898446700128956
16982,27,19,20,7183,0.0014366,7331,0.0014662,0.001495,0.00013655536760249536,0.0019479804823919894,9.311028043139638e-06,0.001422239577445059,1.829586842711583e-05,0.0015164161303206501,0.0001029785402151731,0.0015169839518052858,0.00010462643940139096
16982,27,20,20,1259,0.0002518,1247,0.0002494,0.000248,5.277559244475363e-05,0.0003948914381725093,3.140107087385708e-06,0.00026279597713762214,6.7102030887746895e-06,0.0002787563511467813,3.51018364771062e-05,0.00027870985962106067,3.502620282528894e-05
16982,32,1,20,5995,0.001199,6108,0.0012216,0.0011875,8.340610857346374e-05,0.002657796587387359,2.0481202945094418e-05,0.0012995607978859285,3.48028435487989e-05,0.0012430930835523918,7.326730332006427e-05,0.0012428791653490091,7.259273119949478e-05
16982,32,2,20,45476,0.0090952,45625,0.009125,0.0091175,0.0002695586060678888,0.016445000670187677,7.995717849049199e-05,0.00963340302616403,9.0284098529081e-05,0.009151871430314637,0.00023078877169651352,0.009144277335037353,0.00021967929176511768
16982,32,3,20,246171,0.0492342,245749,0.0491498,0.049558000000000005,0.0007621548399111562,0.055267856295672456,0.00013044264483432543,0.052063532044036256,0.0001448213055609816,0.04943842805682221,0.0005369572865347598,0.04945325158692208,0.0005237848752859715
16982,32,4,20,414678,0.0829356,415224,0.0830448,0.082809,0.0007454345253467586,0.08412540717691079,0.00015487630691395188,0.08482706089316293,0.00023866406240393177,0.0827922397224779,0.0006432887070030782,0.08277763494067723,0.0005851553370266022
16982,32,5,20,507576,0.1015152,507108,0.1014216,0.10144349999999999,0.0007971678486663676,0.09804999789353797,0.00012545718079959295,0.10159468060372825,0.00023767682901829429,0.10149329190909813,0.0007528835240594298,0.10149421440852835,0.0007677800598981919
16982,32,6,20,534876,0.1069752,534328,0.1068656,0.1068405,0.0009890956794759004,0.10246842825410003,0.00013694378936273855,0.10610693103698716,0.00025845856494971216,0.10690213272295115,0.0009415021055016027,0.10691165381777823,0.0009179155346489382
16982,32,7,20,526692,0.1053384,527617,0.1055234,0.10496849999999999,0.0011665120072926341,0.10146687179156844,0.0001539677614050476,0.10462925476959065,0.00022833676606928295,0.10503582625148555,0.0009881162563694491,0.10503277394218487,0.0010058431315258416
16982,32,8,20,501379,0.1002758,500893,0.1001786,0.1006135,0.0010625355721599452,0.09709047687142384,0.0001251720997672517,0.0996935019131823,0.00022529607107120515,0.10069141671576953,0.0008669831745363402,0.10066558186563954,0.0008542818822128682
16982,32,9,20,462689,0.0925378,464150,0.09283,0.09267600000000001,0.0009491957814797465,0.09033956846405655,0.00010566700496833556,0.09231606462631414,0.00020853519716314568,0.09271231027542223,0.0009533160910389696,0.09269297754229085,0.0009246888311435525
16982,32,10,20,416987,0.0833974,417070,0.083414,0.08319950000000001,0.0004916724947617717,0.0817875079552873,0.00011472169951184545,0.08317471234757581,0.00021287109659892697,0.0831642961613124,0.0004408944051669185,0.08316090861568759,0.00042960462604344033
16982,32,11,20,364352,0.0728704,364251,0.0728502,0.07302800000000001,0.0006114056281269118,0.07185158400503364,9.76965690794965e-05,0.07270899252120386,0.00023290665265544586,0.07298768250249468,0.0005526273858402882,0.07298112266059889,0.0005594935718946713
16982,32,12,20,305555,0.061111,305560,0.061112,0.0611565,0.0009114377017715077,0.06079032390122531,0.00010191663170494056,0.06099221759004005,0.00018237138585896156,0.061135276155763654,0.000821644036469397,0.06112739066709716,0.0008059669594486012
16982,32,13,20,244033,0.0488066,243871,0.0487742,0.049027,0.0008721365175608454,0.04892659666368601,8.718928259983818e-05,0.04844072198494823,0.00018911777857528471,0.0489966062161596,0.0007933789064225233,0.049006344685534046,0.0007825058472376948
16982,32,14,20,179907,0.0359814,179850,0.03597,0.0359825,0.0005708062165412227,0.03678921999782287,6.888086080114616e-05,0.0356362778179574,0.00018342681265010586,0.03594196791536388,0.0006032430659751221,0.03596554952071685,0.0006064732445721415
16982,32,15,20,122182,0.0244364,121447,0.0242894,0.024204,0.0003529932159777522,0.02519671769434643,5.527591795231242e-05,0.023759832306305604,0.00010723587918845611,0.024158171178717255,0.00037993938114445674,0.024179914347297694,0.00039805725989979553
16982,32,16,20,71307,0.0142614,71007,0.0142014,0.014202500000000002,0.0005569075799731756,0.015101309774742448,4.2360875584757206e-05,0.013711509121487797,0.0001035557436612785,0.014153689530370828,0.00045765900227593326,0.014162536622740288,0.0004451442643689083
16982,32,17,20,33136,0.0066272,33198,0.0066396,0.0066489999999999995,0.00023624028802092707,0.007533248120391328,1.9105028974643673e-05,0.006299718001379037,4.355663112259862e-05,0.00663359755633756,0.00018298487671224547,0.006634510993053404,0.00018281120237650142
16982,32,18,20,12710,0.002542,12721,0.0025442,0.0024975,0.00015481313013810514,0.003033579279061912,1.0679360772637776e-05,0.002341326100953586,3.2039192742137784e-05,0.0024988723494001547,0.00013497288232677332,0.002498956717624164,0.00013363559007086836
16982,32,19,20,3727,0.0007454,3619,0.0007238,0.0007235,9.87967078079235e-05,0.0009141607980848946,4.928872287517595e-06,0.0006632116516076092,1.2411410450319912e-05,0.0007424737173273722,8.297599585134018e-05,0.0007427113990752948,8.290475190541044e-05
16982,32,20,20,572,0.0001144,604,0.0001208,0.000116,3.408966504907161e-05,0.00016434780545486046,1.47921600309385e-06,0.00010749084547152718,3.399530289824764e-06,0.00012675654884100745,2.183348878566197e-05,0.00012480916616587574,2.1756202599015143e-05
16982,33,1,20,24,4.8e-06,18,3.6e-06,5e-06,6.06976978666884e-06,1.0556061369644879e-05,1.9639075640649219e-07,4.3247567007968265e-06,4.4844615860113214e-07,8.631029440308047e-06,2.770610678475112e-06,4.322615634491343e-06,4.4529530781159427e-07
16982,33,2,20,402,8.04e-05,399,7.98e-05,8.25e-05,3.024026594146497e-05,0.00015701531410265688,1.6132135618172092e-06,8.31844183063494e-05,3.4027526618211645e-06,0.00010733117750408776,2.1982338641114134e-05,9.43264556792091e-05,2.3949233820294358e-05
16982,33,3,20,5617,0.0011234,5736,0.0011472,0.0011684999999999998,6.937882279652473e-05,0.0013651067687464084,7.057663874066091e-06,0.00111374701825038,1.1129970625154203e-05,0.0011575055648882224,6.237852833366907e-05,0.0011575333671202752,6.251601051978866e-05
16982,33,4,20,17707,0.0035414,17618,0.0035236,0.0035965,0.00021401610859195173,0.004023500964513575,1.0127205499142007e-05,0.003611427238863472,4.9992996108062786e-05,0.003576350134196093,0.0001755423551599895,0.003574661848820411,0.0001743348785472568
16982,33,5,20,36460,0.007292,36628,0.0073256,0.0072735,0.0002452555058666262,0.008145242559723705,2.2373875399369547e-05,0.007514264541685798,5.698564108667328e-05,0.007271003532868867,0.00021680999642275856,0.007269048950510368,0.00021903225918274303
16982,33,6,20,61329,0.0122658,61449,0.0122898,0.012369,0.00031323271994174764,0.013724488732420612,2.906690820386663e-05,0.012856601235035995,0.00010946186867156282,0.012367969709807402,0.0003166310305235246,0.012365261154927004,0.00030408863684811856
16982,33,7,20,92950,0.01859,93407,0.0186814,0.018681999999999997,0.0003080601445036002,0.020886155667760902,4.572190314579394e-05,0.019523509995306464,8.379702686566574e-05,0.018645696874469653,0.00029147114850722726,0.018639728171574388,0.00028690880866714675
16982,33,8,20,133224,0.0266448,133318,0.0266636,0.026451000000000002,0.0004653906112639485,0.029768305157783854,4.959752164855222e-05,0.02785462543984209,0.00014936819189525458,0.026413367831215107,0.0004698896167919842,0.026399092413283937,0.0004714019494428503
16982,33,9,20,184021,0.0368042,182506,0.0365012,0.03659,0.0005875282747955288,0.040536705114496537,7.09038273051166e-05,0.03812906686561506,0.00016806688535096732,0.03656839135557195,0.0005539957330148678,0.03654997015826178,0.0005219265149145672
16982,33,10,20,244257,0.0488514,244666,0.0489332,0.0489955,0.0007077501417575937,0.0533353181168403,8.13375112192238e-05,0.050534798639928415,0.00026040536181159903,0.0489973453951716,0.0005639893909873745,0.04898123886810061,0.000551388386486421
16982,33,11,20,319816,0.0639632,320459,0.0640918,0.064145,0.0007637683583804427,0.06806117440392344,0.00011224258070607318,0.06569993349780176,0.00030947412219535264,0.06415916568091021,0.0006235163332074718,0.06413504434918761,0.0006280133596262814
16982,33,12,20,411371,0.0822742,411035,0.082207,0.0822345,0.0008399340512958839,0.08426216538887968,0.00011515666723905689,0.08336850095630866,0.00026989941284653304,0.08224398807318056,0.0007486627705883947,0.0822098110717163,0.0007099294579689528
16982,33,13,20,515538,0.1031076,515064,0.1030128,0.10312999999999999,0.0008172353909434693,0.10064104248350125,0.0001128452546718098,0.10328643566811466,0.00039272307010458434,0.10316700695459476,0.0006754521924409511,0.10315836042455258,0.0006777874626326353
16982,33,14,20,618618,0.1237236,620403,0.1240806,0.12390799999999999,0.0011487182788702036,0.11459032715117005,0.00014854817938033334,0.122325429889353,0.0004326851509026732,0.12400425200110085,0.0009243378625877442,0.12404989935392745,0.0009156936829506512
16982,33,15,20,688717,0.1377434,687422,0.1374844,0.1370715,0.0011206308138957401,0.12188484183415019,0.0001646971761432597,0.13423168766810517,0.00047738727198304054,0.13715141090087052,0.0011668529621820791,0.1372340526784797,0.0011704319477806036
16982,33,16,20,664039,0.1328078,664113,0.1328226,0.1329225,0.0012581351069612617,0.11755544134318004,0.00019317581879668764,0.12916042220919738,0.0004221938630288018,0.13291270852653608,0.0011808741397728196,0.13296127492414117,0.0011633730801734231
16982,33,17,20,496063,0.0992126,495734,0.0991468,0.099162,0.0012486565412052825,0.09855750910076758,0.0001439894381994756,0.09749561976025516,0.000491800498026616,0.09911563388658338,0.001092279628725963,0.09910068196228343,0.0010607687734271877
16982,33,18,20,306313,0.0612626,305655,0.061131,0.061330499999999996,0.0008512126025481776,0.06923292039544578,0.00010846353383599572,0.06128970587636334,0.0002934985414751261,0.061286517051284815,0.0007801762596712613,0.06127241467472185,0.000765206606926732
16982,33,19,20,152338,0.0304676,152763,0.0305526,0.0305815,0.0005363941500524837,0.03864482846345185,9.815872771876543e-05,0.031230146578936097,0.00020314115390806625,0.03054005387565071,0.0003367676129401405,0.030541535869553382,0.00033021732311645454
16982,33,20,20,51196,0.0102392,51607,0.0103214,0.010301000000000001,0.00030204391454851325,0.014617354293706392,5.9920912541870616e-05,0.010686567061964332,8.049853716513018e-05,0.01030566976008926,0.00023319868223186182,0.010301740687552309,0.00023157490594978675
16982,34,1,20,1141,0.0002282,1091,0.0002182,0.0002245,4.817457289571138e-05,0.0004754238429652777,5.0147013384076e-06,0.00021371667504813956,8.698072416982933e-06,0.0002590558845329845,3.82628619761177e-05,0.00025898834932264506,3.818081966210306e-05
16982,34,2,20,11452,0.0022904,11141,0.0022282,0.0022325,0.00016647664606247488,0.004127325168580157,2.6872505807314696e-05,0.0022727654211366823,3.530102784011153e-05,0.002297673832816413,0.00011651241752635824,0.0022956509416844294,0.0001157959123440576
16982,34,3,20,84339,0.0168678,83536,0.0167072,0.0167415,0.0002477535915083032,0.0199103915475578,6.374330356988835e-05,0.017327695624772557,7.203318520612429e-05,0.016728608231379363,0.0001646914886509625,0.016732599476778326,0.00016361305006800354
16982,34,4,20,179070,0.035814,178716,0.0357432,0.0356765,0.0005006445845108089,0.0390480077989955,7.77683838840105e-05,0.03710579213011096,0.00015200937198107286,0.035678455474512996,0.0005304245191281451,0.035669924227754404,0.0005197470654229634
16982,34,5,20,268099,0.0536198,267640,0.053528,0.053632,0.0007113708041890896,0.05600656885904256,9.369576007083031e-05,0.05552786097950472,0.0001938411687599808,0.05354741112292538,0.0007083014162750534,0.05354415540746257,0.0006848193091875663
16982,34,6,20,341435,0.068287,341431,0.0682862,0.0683275,0.0008900495255291902,0.06972284280701502,0.00010072220870456882,0.07019739766281019,0.00020635370167791488,0.0681936621220147,0.0008075845546879593,0.06819552475208515,0.0008064250756125759
16982,34,7,20,402845,0.080569,402479,0.0804958,0.0809465,0.000899340547875294,0.08045716422852492,0.00012857279087418664,0.08184691333281706,0.00018053795979744208,0.08079536681543227,0.000671017003670192,0.0807880156878479,0.0007005188107549155
16982,34,8,20,449973,0.0899946,451085,0.090217,0.090415,0.0008760106944792985,0.08837672716721301,0.00011462323226649964,0.09036799363154237,0.00020846544413207727,0.09030671405045393,0.0007379067063309775,0.09027765359307861,0.000703621161212882
16982,34,9,20,484585,0.096917,484568,0.0969136,0.0969515,0.0008974424186190677,0.09345756598143146,0.00011331201219535345,0.09611405351439005,0.00023178103315456226,0.09689093373482532,0.0007697637374401722,0.09686494778785185,0.0007782097318341778
16982,34,10,20,502214,0.1004428,501755,0.100351,0.10038499999999999,0.0009514946690671249,0.09556667363088174,0.00012055742368047492,0.0987302462306444,0.00027690600968175095,0.10040111743450633,0.0008906798767366526,0.1003903973174941,0.0008497192751839497
16982,34,11,20,498316,0.0996632,499502,0.0999004,0.09960949999999999,0.0009447331842767477,0.094429706647629,0.00011716148093040639,0.09754635198524367,0.00024300615468642538,0.09973856044251005,0.0008400325080705294,0.0997233924865975,0.000862906822957987
16982,34,12,20,474049,0.0948098,473161,0.0946322,0.09433,0.0009238990603330068,0.08966228419982372,0.00011652288748123349,0.09241071925995563,0.0002821811125855546,0.09453813320841534,0.0008381710130852362,0.09452014070327494,0.0008224130747319356
16982,34,13,20,420184,0.0840368,420013,0.0840026,0.08372349999999999,0.0008057770032380973,0.08092226367543814,0.00011567734785905215,0.08238677238370637,0.00024659902469380247,0.0838697982908242,0.0008621467443126884,0.08388091965252653,0.000808040898070741
16982,34,14,20,343179,0.0686358,343143,0.0686286,0.068758,0.0008701881224316108,0.0682266207346334,0.00010582520900513838,0.06814873902197285,0.0002622624321592139,0.06878326838870115,0.0007460944582569054,0.06882406675258489,0.0007585731025498072
16982,34,15,20,252422,0.0504844,252886,0.0505772,0.050639500000000004,0.0005784778119749872,0.05238967352600018,9.900473195795664e-05,0.050930689815243235,0.00015632410498832573,0.05059327220576273,0.0004696522504491645,0.050635038736447965,0.0004717301236946556
16982,34,16,20,159754,0.0319508,160886,0.0321772,0.032129000000000005,0.0005184277851553224,0.03521858721009872,8.598800333367461e-05,0.032852542111008035,0.00012509190268508784,0.03208100246898064,0.0003891714518306642,0.03209980498639368,0.00037990939234331636
16982,34,17,20,80582,0.0161164,81023,0.0162046,0.016109000000000002,0.00037527393503384866,0.01968458678833485,4.34124996379087e-05,0.01671376974609112,0.00010536938721799343,0.016087367798702856,0.0003508210639325754,0.016088583936982526,0.000351139629031629
16982,34,18,20,33786,0.0067572,33517,0.0067034,0.006694500000000001,0.00032013936110124883,0.008818574091681972,2.6898342465443403e-05,0.006831055501024334,7.811411243924839e-05,0.006701390616740513,0.00029754408392851226,0.006701435599138894,0.0002993081627443726
16982,34,19,20,10497,0.0020994,10449,0.0020898,0.002085,0.0001490143052122672,0.0029273969474066324,1.4023601609325589e-05,0.0021001485675835566,2.4355033004615957e-05,0.0021008263824339323,0.00012853875483704534,0.0021014097917451202,0.00012870318608061113
16982,34,20,20,2078,0.0004156,1978,0.0003956,0.0003895,5.6426477547522425e-05,0.0005716151467450201,4.760145756993899e-06,0.0003747764053931822,8.364418279388222e-06,0.00040738149352796075,4.124802123061368e-05,0.000407349812956612,4.156434857575109e-05
16982,35,1,20,21,4.2e-06,29,5.8e-06,2.5e-06,4.442616583193193e-06,9.259585578830804e-06,1.7802629418127775e-07,3.7711929448814087e-06,4.3724554320268747e-07,7.108161011545308e-06,2.4442547286300444e-06,3.7693083270220964e-06,4.345135366629084e-07
16982,35,2,20,415,8.3e-05,421,8.42e-05,8.6e-05,3.101782170233582e-05,0.00014182494752300432,1.4875433524623503e-06,7.515853165248916e-05,3.295400975342217e-06,0.00010797508325230316,2.13603520542143e-05,9.560582106475501e-05,2.8918211692299808e-05
16982,35,3,20,5444,0.0010888,5238,0.0010476,0.001069,0.00011322543883774526,0.0012643313991984157,6.645177046306305e-06,0.00102973398845726,1.107171071877705e-05,0.001081472888200871,8.465617967517414e-05,0.0010814239180969363,8.37753359183017e-05
16982,35,4,20,17467,0.0034934,17454,0.0034908,0.0035354999999999996,0.00022827672495875424,0.0037778721392214077,9.59502694382186e-06,0.0033874200068936947,4.8559967614583185e-05,0.0034988397751775694,0.00014694389015458483,0.003497244707267239,0.00014706569411802607
16982,35,5,20,36179,0.0072358,36545,0.007309,0.0073015,0.00020924110997904596,0.007724141624905924,2.147547017962142e-05,0.007114332337033907,5.611173016093964e-05,0.007236388061817994,0.00022441665185015086,0.007234529474909134,0.00022940518552425982
16982,35,6,20,61978,0.0123956,62186,0.0124372,0.012406,0.00041677205684693074,0.0131152585048652,2.805877702740274e-05,0.012268101138041634,0.00010854057934873184,0.012357861146518042,0.0003694154838622181,0.012355438747817738,0.00036854482133446566
16982,35,7,20,94941,0.0189882,94822,0.0189644,0.018859,0.0004867496925092966,0.020085979119995257,4.433541601992363e-05,0.01874750487944472,8.277158908963993e-05,0.018869066567591943,0.00036276922094732666,0.018863037720928892,0.0003592794689450573
16982,35,8,20,135140,0.027028,136086,0.0272172,0.0272295,0.0005007412925905579,0.028785432088368552,4.830078636213377e-05,0.026902978336584504,0.00014516877653167627,0.02730681212729217,0.00046286967563334666,0.027291773139807473,0.00044560455672111376
16982,35,9,20,186779,0.0373558,187097,0.0374194,0.0373675,0.00046502829568691097,0.03939428076685294,6.94424957995877e-05,0.037009560901000896,0.00016018004795601655,0.03747730522139544,0.0004198855021400606,0.037458964075419446,0.00042502280173030275
16982,35,10,20,248260,0.049652,248800,0.04976,0.0495615,0.0008104987093726538,0.05207786048197417,7.993416459922197e-05,0.0492772507183307,0.0002590213493070953,0.04966179563220105,0.0007297300838710251,0.049645849219523024,0.0007449384516320073
16982,35,11,20,323413,0.0646826,324089,0.0648178,0.0649265,0.0006557621118732181,0.06676575896191844,0.00011094594747274772,0.0643809369133211,0.00031007176621328936,0.06500624970510852,0.0006585997010199392,0.06498188014284616,0.0006659886112853811
16982,35,12,20,414710,0.082942,414552,0.0829104,0.082797,0.0007901039238773072,0.0830522734663291,0.00011449207982630785,0.08209984007254688,0.00026623359405454476,0.08281019136109496,0.000780026860125541,0.08277631765641094,0.0007974234845861647
16982,35,13,20,517724,0.1035448,516142,0.1032284,0.1032345,0.0010941878747560494,0.09969970060252735,0.00011251776277276134,0.10226616515897742,0.00039952560781457923,0.10314196324744725,0.0010712458804925625,0.1031328510036518,0.0010179377189434699
16982,35,14,20,618788,0.1237576,617527,0.1235054,0.123306,0.0009668418474056346,0.11415841936484292,0.00014876240686990326,0.12185066848521522,0.0004415615962155825,0.1231007465165449,0.0009454154603637401,0.1231457752525316,0.0008860259667705379
16982,35,15,20,682360,0.136472,683397,0.1366794,0.137124,0.0010673449597753749,0.1222160492778818,0.00016472225787931408,0.1346594855833986,0.0004781888683917442,0.1368845751185445,0.0009434914230273557,0.13696723522965593,0.000961900399948922
16982,35,16,20,655690,0.131138,654837,0.1309674,0.13128599999999999,0.0012608910800657883,0.11880941785366952,0.00019385592411233542,0.13068410729364227,0.00042066224971679784,0.13119189762652267,0.0012228725595343607,0.13123989042746875,0.0012037053056790337
16982,35,17,20,488720,0.097744,488390,0.097678,0.0973665,0.0011143857170279005,0.10062039879889817,0.00014608039691904566,0.09975042231760246,0.0005039328168831986,0.09747105701205032,0.0010744874498867462,0.09745626408654048,0.0010302530015349962
16982,35,18,20,303888,0.0607776,304082,0.0608164,0.06064699999999999,0.0007531554672806511,0.07162568127308377,0.00010973013569045417,0.0636406362761959,0.0002963263167832503,0.060736141028820356,0.0005793627408427583,0.06072256735955735,0.0006008266821918236
16982,35,19,20,154139,0.0308278,154417,0.0308834,0.030973499999999998,0.00045125876576994003,0.04074801556133417,0.00010124220263997304,0.03311717339744831,0.00021261903893337312,0.031037015396048896,0.0004239825998905665,0.031038309433610356,0.0004006720378078932
16982,35,20,20,53944,0.0107888,53889,0.0107778,0.010921,0.0003307869404919123,0.015928041827488963,6.288990341491651e-05,0.011734750117725064,8.462050558234955e-05,0.011015535969816649,0.00022054268738548867,0.011011273274593177,0.0002145604580609899
16982,36,1,20,149064,0.0298128,149874,0.0299748,0.029891,0.00048259059689401964,0.050720637770832314,0.00021376716079180545,0.031844972572237805,0.00041628521323300657,0.02987346637540077,0.0005051964238951584,0.029870231765871797,0.00048044415888162396
16982,36,2,20,544524,0.1089048,546696,0.1093392,0.109816,0.0006975853088747612,0.14870637666609207,0.00033723476890628093,0.11070962347815563,0.000440282890814278,0.10972105196904261,0.0005610899909410414,0.10963877960669965,0.0005734168135748571
16982,36,3,20,1578042,0.3156084,1579285,0.315857,0.315216,0.0011445587520272195,0.22467287854585444,0.00032639139628314154,0.30193906360926026,0.0008114090431978392,0.31514708181619916,0.001037279604050429,0.3152581768708056,0.0008551737504653219
16982,36,4,20,997374,0.1994748,994048,0.1988096,0.199323,0.0009548606952683827,0.1879909543003683,0.00034077576783986746,0.20138734933548413,0.0007153106576050345,0.19939726484594517,0.0009335755283530172,0.19937268581670506,0.0007751259261892996
16982,36,5,20,610563,0.1221126,609549,0.1219098,0.1218745,0.0009611258475022081,0.13202751581787653,0.00024286013269159202,0.12471426247403321,0.0006572861311272177,0.12183813021462567,0.00102012373926628,0.12184500021489286,0.000970703839002504
16982,36,6,20,389768,0.0779536,390732,0.0781464,0.078391,0.000871694659239902,0.08906413391957867,0.00015909743223423796,0.08044440651165842,0.0004938050689965563,0.07831441902118187,0.000757890700751597,0.07832565903008695,0.0007673774477965965
16982,36,7,20,258885,0.051777,258551,0.0517102,0.051566,0.000589918816894593,0.05966793906229771,0.00012940890039209323,0.052980001301561365,0.00033968194713078297,0.05155192562201276,0.0005588170360568354,0.05155284069788376,0.0005427868695412212
16982,36,8,20,172279,0.0344558,172749,0.0345498,0.034383000000000004,0.000557372595779804,0.03980682044167043,7.731032473284409e-05,0.03539891591716234,0.00023660840463039467,0.03441127645594881,0.0005032968428610065,0.03440431411491913,0.0005071601365302024
16982,36,9,20,115532,0.0231064,114733,0.0229466,0.0227545,0.00045832044638980204,0.026298645250459513,5.407155205927943e-05,0.02342215155990985,0.00018844053190790239,0.022783577362950874,0.00046485927901329134,0.022779949307410275,0.0004581136454447589
16982,36,10,20,75191,0.0150382,74949,0.0149898,0.015145500000000001,0.0004085336422402753,0.017024921903800828,4.370753081631516e-05,0.015390315306767146,0.00014177531803433188,0.015170739157759816,0.0003911622187958,0.015171064247643215,0.00039717505618476235
16982,36,11,20,48440,0.009688,48574,0.0097148,0.009669,0.0002251759545917719,0.0107041692267538,2.8818671254203823e-05,0.00975104508769635,8.145320821674192e-05,0.009711699401595667,0.00023370199703248698,0.009711254358971305,0.00023061763804126462
16982,36,12,20,29224,0.0058448,29104,0.0058208,0.00574,0.0002176670562313485,0.0064423210812595095,2.3036860494731924e-05,0.00585955024544308,6.431889459334718e-05,0.005776397334299781,0.00018633329393413794,0.0057758417740847775,0.00018205895099378085
16982,36,13,20,16415,0.003283,16685,0.003337,0.0032939999999999996,0.00014992629768270175,0.003642047440174389,1.1764202928735438e-05,0.003308751657476268,3.6414743623343275e-05,0.0033186874532427123,0.00012737683598917503,0.0033195516835089305,0.00012804174729190128
16982,36,14,20,8573,0.0017146,8448,0.0016896,0.001729,0.0001473234893909175,0.0018880119871280618,6.8983499345416206e-06,0.0016974841306196553,2.565099264254311e-05,0.0017460566587735676,0.00012821797024282138,0.0017473611505244274,0.00012936104311266015
16982,36,15,20,4020,0.000804,3955,0.000791,0.000813,0.00012105240274577916,0.000869714610824987,3.2414066602211497e-06,0.0007664367590993276,1.681814037939808e-05,0.0008217181222013181,9.689363620785241e-05,0.00082248889343635,9.699768810518394e-05
16982,36,16,20,1531,0.0003062,1470,0.000294,0.0002795,5.7990471086568225e-05,0.0003382637382894411,1.6487856082058185e-06,0.0002832805059484453,7.3259216580345835e-06,0.0002909779561207086,5.298529699711306e-05,0.0002911824319553154,5.3020597694232795e-05
16982,36,17,20,448,8.96e-05,461,9.22e-05,9.2e-05,3.286335345030997e-05,0.0001047091823699195,4.891880138781333e-07,8.138549675581605e-05,2.332567752580657e-06,9.710602459547945e-05,1.7519747031538218e-05,9.261126025542265e-05,1.7945171912142293e-05
16982,36,18,20,113,2.26e-05,117,2.34e-05,1.9500000000000003e-05,1.316894273021107e-05,2.521743404204925e-05,1.8013814707646672e-07,1.7926850062644594e-05,6.22623302995027e-07,2.388270539107039e-05,5.711748685493711e-06,1.7928683147409886e-05,6.177609630865482e-07
16982,36,19,20,13,2.6e-06,19,3.8e-06,3.5000000000000004e-06,5.871429486123998e-06,4.322282382867036e-06,4.526390787438173e-08,2.8436385348518996e-06,1.3997873806417515e-07,4.164451857529908e-06,1.088708625297685e-06,2.8446640750145235e-06,1.3843699492945737e-07
16982,36,20,20,1,2e-07,1,2e-07,0.0,0.0,3.992177861051068e-07,6.925688194588215e-09,2.3344197537312796e-07,2.7226253574755215e-08,3.769306966226031e-07,1.1225353089145085e-08,2.3342707904346942e-07,2.718061666360855e-08
16982,37,1,20,2092242,0.4184484,2089653,0.4179306,0.4178505,0.0017386336892120688,0.4211287848881038,0.0006779355087929965,0.43458633395220714,0.0006786882204076178,0.4177330530700849,0.0010409182006354493,0.41783603926505625,0.001078334769392937
16982,37,2,20,2109039,0.4218078,2109903,0.4219806,0.421952,0.0009776319402138673,0.3419243573159957,0.0004490436196279929,0.4047089679657737,0.000595541730027287,0.42177612860493474,0.0007631163250724768,0.4216035621024027,0.0007073409702403829
16982,37,3,20,532447,0.1064894,532725,0.106545,0.1069305,0.0009705477292420205,0.15369867632177092,0.00038792040196122335,0.10658623990827587,0.0006173008822192729,0.10701692819501034,0.0008688431520893941,0.10709094253302598,0.0008062274932035625
16982,37,4,20,164071,0.0328142,164295,0.032859,0.032793499999999996,0.0006895862603955477,0.053668474094331675,0.0001483987459407273,0.03332790675416391,0.00038051953932754514,0.032868875984238086,0.000561700791146696,0.03287619353301054,0.0005627537894524219
16982,37,5,20,58981,0.0117962,59544,0.0119088,0.0118925,0.0002548658057632847,0.018301216714799798,9.206842382479125e-05,0.012136507108250705,0.00015902419670104186,0.011936684449291694,0.00024231909193746197,0.011941402212635186,0.00023873455997602464
16982,37,6,20,23916,0.0047832,24211,0.0048422,0.004769,0.00016776863768140244,0.006713691048302843,2.1541083929399925e-05,0.0048931513998249476,0.00011209957586100345,0.004803182338986909,0.0001420134183623201,0.004805469093990789,0.0001408423959752716
16982,37,7,20,10498,0.0020996,10667,0.0021334,0.0020989999999999997,0.00012012712564524911,0.0026537628809357823,1.3187474309881241e-05,0.0021145837007115692,7.08309487375349e-05,0.002121586836353925,0.0001067695057577413,0.0021221685154646755,0.00010285971671674196
16982,37,8,20,4842,0.0009684,5059,0.0010118,0.0009325,0.00010207711223435575,0.0011011592814210683,4.565472863046524e-06,0.0009239579518605051,4.267982391874607e-05,0.0009479676783438312,7.176897452452464e-05,0.0009481324841492696,7.22897034836253e-05
16982,37,9,20,2234,0.0004468,2176,0.0004352,0.0004255,7.380450706534048e-05,0.00046959485971608114,2.3549244656752142e-06,0.0004120439047978127,2.106203325613842e-05,0.0004377560851694994,4.851382949388053e-05,0.00043790264660689893,4.917065943665299e-05
16982,37,10,20,965,0.000193,1010,0.000202,0.0002065,5.193872908483002e-05,0.00019965518899636727,1.0452497500357236e-06,0.00018220241686700791,1.4652057985193617e-05,0.00020672418692249875,3.908761867867118e-05,0.00020684317799581978,3.933423817357233e-05
16982,37,11,20,476,9.52e-05,438,8.76e-05,9.7e-05,3.096687534158157e-05,8.312866546360926e-05,5.052282829462569e-07,7.635534936020546e-05,6.4768664902598875e-06,9.160363971322564e-05,1.939617770431755e-05,8.597900665957296e-05,1.9301821266174215e-05
16982,37,12,20,183,3.66e-05,193,3.86e-05,3.05e-05,1.5719582155957412e-05,3.313477870792448e-05,2.4689887944128016e-07,2.9361566660054196e-05,2.0426173803134785e-06,3.3674583898135446e-05,7.177044483209796e-06,2.9369209126626443e-05,2.0385111362439546e-06
16982,37,13,20,72,1.44e-05,84,1.68e-05,1.4000000000000001e-05,1.046296727561194e-05,1.2300273298316267e-05,7.509091361511065e-08,1.1182027765503676e-05,1.5248624473103417e-06,1.3716275945274034e-05,4.963143466050435e-06,1.1188943707191646e-05,1.5285639701285432e-06
16982,37,14,20,25,5e-06,31,6.2e-06,5.5e-06,7.591546545162483e-06,4.121157982530699e-06,3.338025960251923e-08,3.557580460008925e-06,3.206101804043268e-07,4.191375573992571e-06,1.0397411060818437e-06,3.5612634739375554e-06,3.207138018645253e-07
16982,37,15,20,9,1.8e-06,10,2e-06,1.5000000000000002e-06,3.6634754853252323e-06,1.1979656097829014e-06,9.526162254082929e-09,9.8761798344575e-07,6.474078475067806e-08,1.1882589767713008e-06,1.68694105564363e-07,9.888453819851723e-07,6.414790456753404e-08
16982,37,16,20,0,0,1,2e-07,0.0,0.0,2.8295767308122036e-07,2.7656357325018865e-09,2.166637064770591e-07,9.303588047824012e-09,2.770919332501254e-07,3.7555543779379765e-09,2.1689552188344943e-07,9.437589930906381e-09
16982,37,17,20,0,0,0,0,0.0,0.0,5.03897956420821e-08,5.496296586483351e-10,3.553564519463952e-08,1.8529821964844715e-09,5.013123420616595e-08,5.151918938985185e-10,3.5555344552750494e-08,1.8715559305716273e-09
16982,37,18,20,0,0,0,0,0.0,0.0,6.700182340502805e-09,1.1529239177819596e-10,4.350020454612669e-09,3.861852306205565e-10,6.696476052062615e-09,1.14893227180738e-10,4.35238868633467e-09,3.9208952016986104e-10
16982,37,19,20,0,0,0,0,0.0,0.0,6.082826946620965e-10,1.4252678692084324e-11,3.4998978297958785e-10,3.505239206269683e-11,6.082826946620965e-10,1.4252678692084324e-11,3.502562683359547e-10,3.5201587997075274e-11
16982,37,20,20,0,0,0,0,0.0,0.0,2.662199494411705e-11,1.0737873347352036e-12,1.3667779463810713e-11,4.127692018766267e-12,2.662199494411705e-11,1.0737873347352036e-12,1.3666518054474177e-11,4.1073916524384574e-12
16982,38,1,20,3064,0.0006128,3296,0.0006592,0.0006154999999999999,6.419337562150951e-05,0.001303212391036758,1.1602941479035598e-05,0.0006085199641270887,1.9174674285962047e-05,0.0006677411120672008,5.114579269505147e-05,0.0006675953004212736,5.0786153399571824e-05
16982,38,2,20,26985,0.005397,27043,0.0054086,0.0054399999999999995,0.00020953582786219333,0.009456004543843936,5.2473074926021344e-05,0.005375065065356303,6.707476954721996e-05,0.0054868868812447055,0.00015880943749558456,0.0054823753174890535,0.00015898252486578357
16982,38,3,20,172985,0.034597,173174,0.0346348,0.034466000000000004,0.0005092347199474911,0.037225431896516996,9.996347084188957e-05,0.03381476322415978,0.00011262188978381834,0.034441340923318874,0.0003751148910141764,0.03445086873312585,0.00036113875209835657
16982,38,4,20,315149,0.0630298,315422,0.0630844,0.06288550000000001,0.000833770604574563,0.06306565650533522,0.00011920760472704253,0.06196824124511903,0.00021047611403904456,0.06302732347089315,0.0006448294201790106,0.06301481697637543,0.0006108547260610647
16982,38,5,20,413375,0.082675,413695,0.082739,0.0827025,0.0008888956779711506,0.08007558831610052,0.00011288066389957391,0.08156317613064688,0.00021170358052115314,0.0829763127426105,0.0006638745959858391,0.08297543146792778,0.0006977377036665182
16982,38,6,20,468450,0.09369,467957,0.0935914,0.0928735,0.0008261978544736398,0.0898621894351629,0.00012175516737665137,0.09215669868669654,0.00022060073510385053,0.09316682349698677,0.0007870592118314022,0.0931736235523091,0.0008320156094433157
16982,38,7,20,492805,0.098561,491608,0.0983216,0.098469,0.0011963580699685802,0.09466832792724425,0.00014467256443111072,0.0973956537179855,0.00022130346499554663,0.09871400192887535,0.0010810529699947235,0.09870837998172384,0.0010370524722544013
16982,38,8,20,497285,0.099457,496786,0.0993572,0.0987315,0.000760770212212252,0.09579257166316911,0.0001222126822322315,0.09846694748920208,0.00024916143961161677,0.0989195856287626,0.0008538494700875972,0.09889181181244554,0.0008123347843997954
16982,38,9,20,483887,0.0967774,483609,0.0967218,0.0971085,0.0008461322218436717,0.09390605502873076,0.00010931801957283654,0.09659189115896669,0.00019084460573521087,0.0971562977333889,0.0008024606205742882,0.0971344368368586,0.0008313673766010737
16982,38,10,20,458381,0.0916762,457201,0.0914402,0.092049,0.0010961650855308446,0.08939883719085065,0.00011819774339591086,0.09188111908743629,0.0002740873717636011,0.09191857591504446,0.0010961156075428565,0.09191278610378377,0.001087173374461754
16982,38,11,20,418748,0.0837496,419556,0.0839112,0.0839675,0.0009451642853577292,0.08251648082599329,0.0001059491099733162,0.08440147911514059,0.0002424719743416715,0.08376295991838019,0.0008864692231286131,0.08375332738334167,0.000864784070499364
16982,38,12,20,366833,0.0733666,368669,0.0737338,0.073473,0.0008468150857617523,0.07337154947152592,0.0001094349439407379,0.0745725934524678,0.00021860488552293561,0.0732878417697852,0.0007926573687207109,0.07327692093445834,0.0007809937043087176
16982,38,13,20,304594,0.0609188,304589,0.0609178,0.061269,0.0007230702084277773,0.062143559187086625,0.00010033431539015418,0.06223682063915496,0.00017454371089325034,0.06107356486689911,0.0006212062902885451,0.06108449352736748,0.0006129975837075815
16982,38,14,20,234640,0.046928,235413,0.0470826,0.0471935,0.0007795698881603337,0.04928371282456679,8.405553536607224e-05,0.04829090544939078,0.00022256176363384404,0.04698093529218089,0.0006162056127179054,0.047010809369041937,0.0006269634002801438
16982,38,15,20,164814,0.0329628,164796,0.0329592,0.033049,0.0005220193583827292,0.03571205046998395,7.263770597024888e-05,0.034039712380608274,0.00014337906343202624,0.03289334400631007,0.00045312577590519087,0.03292178264587046,0.0004481046386350877
16982,38,16,20,101372,0.0202744,100629,0.0201258,0.020262,0.0004996798975344118,0.022753064874374875,5.9155094460463254e-05,0.02085442719632566,0.00010438278816242595,0.02017772966913533,0.00043811626614761843,0.020190287468762707,0.0004300121584222264
16982,38,17,20,49646,0.0099292,49616,0.0099232,0.010001,0.00023512370764075847,0.012140838297175126,2.8293431440609298e-05,0.010218373590228659,7.251715623946155e-05,0.009933973939172185,0.00020284013055861576,0.009935021078373121,0.00019713521992598452
16982,38,18,20,19916,0.0039832,19887,0.0039774,0.0040005,0.00019159922535828456,0.0052602417307370105,1.674385384842749e-05,0.004082566656043586,5.552830292775441e-05,0.0039627266086304114,0.0001819704659250467,0.003962868672839504,0.00018191371888146092
16982,38,19,20,6044,0.0012088,6073,0.0012146,0.0012415,0.00010454286454041611,0.0017217047462519662,8.375144417257142e-06,0.001254008582900497,1.7010492862895693e-05,0.0012251976747699967,8.265315808893559e-05,0.0012255554966906668,8.22461971026311e-05
16982,38,20,20,1027,0.0002054,981,0.0001962,0.000202,3.302311789927586e-05,0.00034292267420771197,2.7771716723927264e-06,0.0002270371679373754,5.590331882184129e-06,0.0002268364214384751,3.033489948524621e-05,0.00022680734079666255,3.0291016241834228e-05
16982,40,1,20,10875,0.002175,10808,0.0021616,0.0021455000000000003,0.0001719080231433444,0.004338166096251321,3.089089215833556e-05,0.0022023759775577343,5.816885900421592e-05,0.0022166801982652397,0.0001535734010029496,0.0022163078109821424,0.0001521828278234811
16982,40,2,20,70354,0.0140708,70011,0.0140022,0.01401,0.0003465013100909387,0.024464953166179155,0.00010919374125471421,0.014752864577354039,0.00011730955732097649,0.014097111658175426,0.0003032641838672538,0.01408604225081182,0.00029742930890238527
16982,40,3,20,342450,0.06849,343062,0.0686124,0.068438,0.0008498272270229268,0.07417816189600143,0.0001600428802958326,0.07241957286753194,0.0002375502544462789,0.06839579163968039,0.0007051789928126877,0.06841809857878405,0.0007004003593116606
16982,40,4,20,540034,0.1080068,540275,0.108055,0.1080665,0.0012089589910767313,0.10449748095829578,0.00018966004675063225,0.10785750060028876,0.0003017861831126575,0.1080065641274132,0.0010992189677815538,0.10799001302163762,0.001030016951540316
16982,40,5,20,605339,0.1210678,605729,0.1211458,0.1216455,0.001001464585389555,0.11392996620308984,0.00013818475913783123,0.11941348367697906,0.00029552198197995783,0.1215901868858174,0.0009235498356089351,0.12159422879552986,0.0009390756366374639
16982,40,6,20,592163,0.1184326,593296,0.1186592,0.1184435,0.0011355465876095002,0.11224646654432058,0.0001510347131873213,0.11670331453620922,0.00033610803225894123,0.11842707413779215,0.0010272222611019063,0.11844016962745277,0.0009601485564767427
16982,40,7,20,546970,0.109394,546073,0.1092146,0.10929249999999999,0.0008618088382490689,0.10531957067887934,0.00016140590733286234,0.10846918372066605,0.0002628156314919455,0.10928761132413793,0.0009788309663822069,0.1092869402687054,0.000981211424884358
16982,40,8,20,489630,0.097926,491014,0.0982028,0.0983345,0.0009296942055264589,0.09578792852194483,0.00012674139181022035,0.09784993675255656,0.0002171677248678158,0.0982640464034231,0.0008010731610932782,0.09824136873169236,0.0008076013905692572
16982,40,9,20,429410,0.085882,428463,0.0856926,0.085701,0.0011050929944198316,0.08484539099126505,0.00010229135529284685,0.08591426685545374,0.0002540487635079151,0.08556831997883456,0.0011256432314829062,0.08555254742381034,0.001103848467545498
16982,40,10,20,366085,0.073217,365692,0.0731384,0.073042,0.0009700276718787604,0.07313127131614887,0.00011041717947531725,0.07348058255925101,0.00024196624282986107,0.07293638138581954,0.000922459555357605,0.0729353214121761,0.00093003062829502
16982,40,11,20,304201,0.0608402,303429,0.0606858,0.060865499999999996,0.0008283304387679316,0.06112036148120786,9.002972910372207e-05,0.061053054977733,0.0002517327420618998,0.06084221238163058,0.0006946706990240227,0.0608379191351832,0.0006703899534843872
16982,40,12,20,241216,0.0482432,240787,0.0481574,0.048175499999999996,0.0009048609954311385,0.0491035383143591,9.326267094927346e-05,0.04852344660845394,0.00020760609713452754,0.04822273890683656,0.0008075200548258637,0.048217935933609915,0.0008124088426259349
16982,40,13,20,181631,0.0363262,182183,0.0364366,0.036348,0.0006130390216823582,0.037418235208035305,7.390199565310462e-05,0.03648115953008897,0.0001504376210007564,0.036411377418690036,0.0004695025106054684,0.03641966012955962,0.0004727771602308043
16982,40,14,20,127289,0.0254578,127045,0.025409,0.025395499999999998,0.0004714755672633689,0.02653303595154858,5.5229557532221687e-05,0.025320651050112147,0.0001320785580878221,0.02546127479855408,0.00042996251014275854,0.02547844555218971,0.00042278935058365246
16982,40,15,20,80294,0.0160588,80294,0.0160588,0.0159265,0.0004458259632117491,0.017050457250256393,4.0741207751879144e-05,0.015833747241511535,9.653873114995916e-05,0.015992727260403593,0.0003886974163585861,0.01600734168957318,0.000389894950196099
16982,40,16,20,44274,0.0088548,43818,0.0087636,0.008666,0.00023063756027699893,0.009520586539430345,2.9189689711359343e-05,0.008510184149963077,7.328444466400811e-05,0.008714536562988536,0.00021698660323343468,0.00872035236652998,0.00021362194716088205
16982,40,17,20,18974,0.0037948,19245,0.003849,0.0037740000000000004,0.0001982396210862527,0.004385776452349983,1.2306795131101014e-05,0.0036194302720170836,3.030744516812306e-05,0.0038088153058425,0.00017183843308415966,0.0038095262888503617,0.00017403884736316775
16982,40,18,20,6812,0.0013624,6751,0.0013502,0.00132,0.00012234549870196112,0.0016174516411215662,6.422413645397551e-06,0.0012336295840674261,1.863008008623977e-05,0.0013389702265075468,9.557729728939881e-05,0.0013391034729444812,9.600544369074846e-05
16982,40,19,20,1751,0.0003502,1765,0.000353,0.00036050000000000003,5.977809843606251e-05,0.00044107248439384354,2.690206573370426e-06,0.0003165546552876944,7.679449006897632e-06,0.0003634754545518319,3.738304398855739e-05,0.00036362074571013567,3.7542255773775214e-05
16982,40,20,20,248,4.96e-05,260,5.2e-05,4.95e-05,2.3725402775129134e-05,7.012830489191651e-05,7.153077683162832e-07,4.5059806888149216e-05,2.078620241818826e-06,5.410394460692977e-05,1.1927849746135872e-05,4.505676426116278e-05,2.078075253463527e-06
16982,44,1,20,21,4.2e-06,25,5e-06,3.0000000000000005e-06,5.712405705774794e-06,8.39923348086847e-06,1.6224862079363195e-07,3.4250217319074696e-06,4.397546499829581e-07,6.878389228338346e-06,3.3653576244597377e-06,3.4233330546538533e-06,4.3759217132428675e-07
16982,44,2,20,389,7.78e-05,396,7.92e-05,7e-05,2.2941573387056178e-05,0.00012920808578479438,1.3621659074892038e-06,6.855950252328479e-05,3.0905425997278596e-06,9.610675555736585e-05,1.5367415758832622e-05,7.318094742150961e-05,1.6263490671866385e-05
16982,44,3,20,4939,0.0009878,4948,0.0009896,0.0009419999999999999,8.930138208395916e-05,0.0011599111673317292,6.13685846347054e-06,0.0009440732698349988,1.0298177714624231e-05,0.0009604399389702357,6.940146676161929e-05,0.0009604729359468708,6.965543808212022e-05
16982,44,4,20,15424,0.0030848,15376,0.0030752,0.003104,0.00014463747785411636,0.0034863453880856913,8.896259222253125e-06,0.0031229170679211667,4.5812113489033486e-05,0.0030978632891444343,0.00011367223670124707,0.003096431579420339,0.00011297667548884034
16982,44,5,20,32264,0.0064528,31722,0.0063444,0.006314,0.00024024986992712404,0.0071697483273207045,2.0108482640234163e-05,0.006589249795038733,5.21022752184817e-05,0.006313390440718707,0.00015836413832199476,0.006311582709007564,0.00015515291298636179
16982,44,6,20,54615,0.010923,55196,0.0110392,0.011097,0.0003219529223512751,0.012244590805098201,2.643931672796797e-05,0.011429359983537432,0.00010396142704520148,0.011083964268500435,0.0002879982913836591,0.011081703213009485,0.00028292152535880176
16982,44,7,20,84867,0.0169734,84435,0.016887,0.016975499999999998,0.0003763603396522515,0.018862884211662996,4.2008346675193837e-05,0.017563504480313456,7.759108556721021e-05,0.016956227344631557,0.0003484592583938536,0.016950865276555503,0.00034607259203308
16982,44,8,20,122578,0.0245156,122557,0.0245114,0.024621499999999998,0.000552308790442448,0.027195993257547152,4.603946549356016e-05,0.025354888908854446,0.00013535667379996203,0.02463499983679889,0.00042267052154947574,0.024621865479542787,0.00043009765790889164
16982,44,9,20,170196,0.0340392,171105,0.034221,0.034103499999999995,0.00032975708762982735,0.037455474382229674,6.676706215582474e-05,0.03509705405526185,0.00015359777612190692,0.03417524129698048,0.00035039722892945977,0.034158389037949946,0.0003318145084564087
16982,44,10,20,230735,0.046147,230213,0.0460426,0.045781,0.0006715175273019192,0.049852112645107735,7.729475326085035e-05,0.04704381548283433,0.00025067185054342074,0.04587704167075526,0.0005512348258952259,0.045862520707144375,0.000575112013213498
16982,44,11,20,304087,0.0608174,303453,0.0606906,0.06084850000000001,0.0008334347131315283,0.06438568794452176,0.00010838118317933949,0.06193481565591794,0.0003117790136642436,0.06094539892302344,0.0007446916683073141,0.06092272670543525,0.0007506042998832299
16982,44,12,20,395027,0.0790054,394930,0.078986,0.07890549999999999,0.0004645368378118252,0.08075044460190342,0.00011309424505855294,0.07965290305126499,0.0002562600372036716,0.07897531538259431,0.0005151988360200246,0.07894306897398573,0.0005132496346566022
16982,44,13,20,499839,0.0999678,500865,0.100173,0.10031350000000001,0.0010154712413974417,0.09783693225912785,0.00011191979054949671,0.1001955864982402,0.00038953825523004444,0.10031372684813537,0.0009902424115355232,0.1003058027175614,0.0010067493730038532
16982,44,14,20,609165,0.121833,608421,0.1216842,0.12175549999999999,0.0011567990090626905,0.1132189584734756,0.00014911041052763886,0.12073085303087665,0.00045677291845978624,0.12168438052711734,0.0010612266567873922,0.12172970358169277,0.0010675156149832202
16982,44,15,20,684494,0.1368988,684969,0.1369938,0.13670100000000002,0.0010953149030493946,0.12270876231750152,0.00016476181368775262,0.13516020692790168,0.00047637970769727467,0.13664986856762823,0.0009900449404873805,0.13673202932766476,0.0008946694595867075
16982,44,16,20,682580,0.136516,682777,0.1365554,0.1362485,0.0008628732601940396,0.12103892891198416,0.00019509318874181793,0.13335864949842677,0.00041900820464291883,0.13634622353070852,0.0008840153730149694,0.1363970254611132,0.0009406532049009041
16982,44,17,20,526149,0.1052298,526150,0.10523,0.10526150000000001,0.0009614970509301462,0.1043272240214016,0.0001499534754382436,0.10394151191935923,0.0005191579164401664,0.1052959304416942,0.0008648655346547026,0.10528033337345391,0.0008100514100990319
16982,44,18,20,339409,0.0678818,339262,0.0678524,0.0680015,0.0006324578205199473,0.07584662602802122,0.00011224429661217746,0.0679561414560331,0.00030517498164723406,0.06780996916752312,0.0005428240092932142,0.06779474159155612,0.0005364824607320248
16982,44,19,20,179082,0.0358164,178463,0.0356926,0.0359255,0.0004490161760068218,0.04431584168380348,0.00010681114268939154,0.036425656166468846,0.00022525448769443045,0.03572445615097621,0.0003883057076019555,0.03572623322065167,0.0003726155430344586
16982,44,20,20,64140,0.012828,64737,0.0129474,0.013027500000000001,0.00029989252460804923,0.018005921998792338,6.807506306860634e-05,0.0134268239718415,9.059033638322208e-05,0.013052572973496096,0.00024972938526889775,0.01304789982786159,0.0002613985024062201
16982,173,1,20,1,2e-07,0,0,0.0,0.0,7.113236928111911e-08,2.442380609258352e-09,2.7797881612150744e-08,9.041396414684281e-09,6.977466720809488e-08,2.0419602996609634e-09,2.778705447998944e-08,9.04712915805436e-09
16982,173,2,20,2,4e-07,3,6e-07,1.5000000000000002e-06,3.6634754853252323e-06,1.8090601109165524e-06,3.0550699375453727e-08,9.557444015826312e-07,9.15038315122709e-08,1.6727480005671933e-06,1.707781760220849e-07,9.546768675788579e-07,9.112337975354165e-08
16982,173,3,20,132,2.64e-05,147,2.94e-05,2.25e-05,1.681947492765768e-05,2.8813579179273365e-05,2.3854112035444216e-07,2.2319118027303962e-05,7.601791492087957e-07,2.7258700692966145e-05,7.2007023291693784e-06,2.231887888466074e-05,7.406440944481326e-07
16982,173,4,20,622,0.0001244,617,0.0001234,0.000109,3.059067625411721e-05,0.0001269376006886493,4.546887401828022e-07,0.00010941014562106154,3.4832021467001586e-06,0.00011897524204277946,2.45604549212055e-05,0.00012405619461090264,1.820926597801927e-05
16982,173,5,20,1855,0.000371,1675,0.000335,0.0003705,6.202503738941152e-05,0.0003629263143561308,1.5719008415992334e-06,0.00032691121847010126,5.3757197666200975e-06,0.0003795539638006634,4.2816169870322505e-05,0.00037944990691318893,4.2789124975831936e-05
16982,173,6,20,3892,0.0007784,3837,0.0007674,0.0007805,8.357001476858223e-05,0.0008318366526662588,2.7980888505971336e-06,0.0007575447886104861,1.6082110523620725e-05,0.0007992134784643136,7.857426613891896e-05,0.000799080191903301,7.879551798381495e-05
16982,173,7,20,7778,0.0015556,7875,0.001575,0.0015800000000000002,0.0001509269603762729,0.0016836121858410141,5.63577199782148e-06,0.0015245235617989687,3.24573181972817e-05,0.001593393835416711,0.00014581268844774732,0.0015928298798275598,0.00014513236157022696
16982,173,8,20,14092,0.0028184,14105,0.002821,0.0027335,0.0001594818913990253,0.003144725973096353,8.00601771070053e-06,0.0027967879901691375,3.743643974015305e-05,0.002736259700293487,0.00015275345971815652,0.0027348209121414112,0.00015356346037156312
16982,173,9,20,24627,0.0049254,24669,0.0049338,0.004901,0.00022111916292019178,0.005576432960257364,1.5085032846099162e-05,0.004958333342623953,7.256339954507444e-05,0.004905279650259268,0.00023743091444802802,0.004903006805434572,0.00024024520548512158
16982,173,10,20,41032,0.0082064,41232,0.0082464,0.0082745,0.00024360181055415654,0.009552514506250186,2.1685848201396228e-05,0.008429105877407892,8.32121532573477e-05,0.008292768671477201,0.0002258543174757083,0.00828974937131691,0.00021337040050040064
16982,173,11,20,67543,0.0135086,67521,0.0135042,0.0132905,0.0003757445240697741,0.015929321935601096,4.0603022774121616e-05,0.013884648565576354,0.00010648564483697548,0.013322993303823694,0.0002977481721597851,0.013317988940843841,0.0002984519200158688
16982,173,12,20,109805,0.021961,109156,0.0218312,0.0218685,0.00043754428347311325,0.026014656844677325,6.023229512136808e-05,0.022680201894059348,0.0001900779523095,0.021887301407641658,0.00038805199344277096,0.02187834227901996,0.00039119674892352754
16982,173,13,20,176179,0.0352358,175988,0.0351976,0.0351745,0.0005011510435198681,0.041556182744642844,8.83290631661566e-05,0.0363663736250429,0.0002203637321897053,0.03513699878641869,0.0004605886839848987,0.035133779338335516,0.0004388674174933016
16982,173,14,20,281737,0.0563474,282394,0.0564788,0.0563925,0.0007451871894822275,0.06442673373025286,0.00013785006921626636,0.05749433634308514,0.0003371544574469842,0.05633155290887341,0.0005864460641069042,0.056352146830573616,0.0005704519740967611
16982,173,15,20,444075,0.088815,443872,0.0887744,0.0888765,0.0012761466464156458,0.09530359723956358,0.00015843557312156256,0.08835251532291996,0.0004941421066094042,0.08887839802779288,0.0010009649192608786,0.08893203386140347,0.0010133291139020153
16982,173,16,20,682150,0.13643,682044,0.1364088,0.13641350000000002,0.0008680363501969006,0.13147217087998858,0.0002028662617549742,0.13133195206368672,0.0006436833356143175,0.13648830425021644,0.001130689404821216,0.13653789069173694,0.0010783095384421166
16982,173,17,20,976831,0.1953662,976590,0.195318,0.195404,0.0011048143449657528,0.16316870014460283,0.0002349380772948197,0.18175450685301858,0.0004729347748427588,0.19550399265631194,0.0009626441070863522,0.1954755500241346,0.001059416037322419
16982,173,18,20,981508,0.1963016,981727,0.1963454,0.1964215,0.0012441199595232826,0.17497797554279002,0.00016720932119309835,0.19287732880042835,0.00047319275145180843,0.19644923712062595,0.0008724299551393542,0.1964047064013194,0.0009113043569133892
16982,173,19,20,760694,0.1521388,761683,0.1523366,0.15222249999999998,0.0011718984822208693,0.15729481670943754,0.0002453545500485665,0.1611020516458899,0.0006339474053392985,0.15209408943656388,0.001315501640603334,0.15210106836130635,0.001229987317953981
16982,173,20,20,425445,0.085089,424865,0.084973,0.085163,0.0008492479645328314,0.1085460208733943,0.00023023713165058754,0.09523002191104699,0.0003525699989544409,0.08505254294638266,0.0007265687389112947,0.08502019866641955,0.0007032879231884116
16982,632,1,20,0,0,0,0,0.0,0.0,2.5413740951551376e-11,2.058770879287362e-12,1.092043738815762e-11,1.1688963035805664e-11,2.5413740951551376e-11,2.058770879287362e-12,1.0922366470258245e-11,1.1707874204903716e-11
16982,632,2,20,0,0,0,0,0.0,0.0,1.2704027439923604e-09,4.38386837907117e-11,7.50746623684833e-10,4.305485975249434e-10,1.2696305507958868e-09,4.414501728836926e-11,7.500165283254541e-10,4.29789853957128e-10
16982,632,3,20,0,0,0,0,0.0,0.0,4.363761016107969e-08,6.480760453847603e-10,3.0891346543922365e-08,2.258305687739731e-09,4.327124810617259e-08,7.907985252363931e-10,3.089726105025099e-08,2.241214317147506e-09
16982,632,4,20,1,2e-07,2,4e-07,0.0,0.0,3.117814486458622e-07,2.1255721993376467e-09,2.6087001535566313e-07,3.0622337010382195e-08,3.0401740568570494e-07,5.029054647502267e-09,2.60808137750904e-07,3.066265107701611e-08
16982,632,5,20,9,1.8e-06,8,1.6e-06,5.000000000000001e-07,2.23606797749979e-06,1.3627834561387286e-06,1.061176050755093e-08,1.1871271926618554e-06,5.0916677784239514e-08,1.2801788599170384e-06,3.6771880038837534e-08,1.187058515864758e-06,5.125359652030721e-08
16982,632,6,20,28,5.6e-06,25,5e-06,5.5e-06,8.255779474818964e-06,4.591933967523585e-06,2.969524061064052e-08,4.044196863523429e-06,2.567030087444282e-07,4.587101523110979e-06,1.9881391515557e-06,4.044242442445123e-06,2.5630089952400954e-07
16982,632,7,20,56,1.12e-05,64,1.28e-05,1.5000000000000002e-05,1.3954814298487213e-05,1.3384846253010439e-05,7.77789473417904e-08,1.1554552261620596e-05,5.90173133424766e-07,1.3901150017126405e-05,4.119538450708495e-06,1.155259358521913e-05,5.749866476250177e-07
16982,632,8,20,168,3.36e-05,157,3.14e-05,3.6e-05,1.6026294183720636e-05,3.551709670100241e-05,1.7429311098084701e-07,3.0192054269741484e-05,1.4668465438937083e-06,3.609330767088562e-05,9.713869931095498e-06,3.01836954599041e-05,1.5027671939794502e-06
16982,632,9,20,420,8.4e-05,418,8.36e-05,7.500000000000001e-05,2.373094803704315e-05,8.916998043920659e-05,4.428426427355443e-07,7.388531472877364e-05,2.233412295431066e-06,7.953434264935027e-05,1.730072486841864e-05,7.825230070107088e-05,1.2450169040968324e-05
16982,632,10,20,945,0.000189,957,0.0001914,0.00017999999999999998,3.866182667833044e-05,0.00021724334221811956,8.776459370309842e-07,0.0001757031297214121,4.042840216999983e-06,0.00018888843332991499,2.792399640852734e-05,0.00018885128609874,2.7813187078523045e-05
16982,632,11,20,2264,0.0004528,2103,0.0004206,0.000419,5.8390698610399634e-05,0.0005196456167972283,2.2651713527002745e-06,0.00040646118582497205,7.133684925946612e-06,0.00043100052982323716,5.5360181537991974e-05,0.00043096526321418965,5.562892235473738e-05
16982,632,12,20,4993,0.0009986,4983,0.0009966,0.000992,9.202974347574009e-05,0.0012380248116805731,5.199283874886418e-06,0.0009451858051592741,1.627325479145347e-05,0.001001342693652334,7.75931208896832e-05,0.001001159097026633,7.778021315104704e-05
16982,632,13,20,11463,0.0022926,11400,0.00228,0.002256,0.00014748416507330003,0.002949839993885793,1.417351468523753e-05,0.002205607276128058,4.590487726660166e-05,0.0022611159342722136,0.0001501860970409351,0.00226146518343648,0.00015130878284145278
16982,632,14,20,26281,0.0052562,26200,0.00524,0.0052495,0.00019217522158039444,0.007004028919815042,3.0247758791410354e-05,0.005209536738102104,6.266767897221263e-05,0.005232817184842287,0.00016524167010259792,0.0052359026207043965,0.00016720035039291783
16982,632,15,20,59806,0.0119612,60333,0.0120666,0.012123499999999999,0.0003511076458116064,0.016359022110421437,5.64735788355556e-05,0.012355839932811804,0.00011776083050341216,0.012091040385426497,0.00028620357795519386,0.012100853476638983,0.00028595484591324754
16982,632,16,20,138257,0.0276514,138127,0.0276254,0.0277605,0.0005284682433321099,0.03705725177667233,0.00010595328696454793,0.029381245704555047,0.0002385906437289656,0.027724911949662277,0.0004874513631167115,0.02774088956308393,0.00048657419100115606
16982,632,17,20,313166,0.0626332,314621,0.0629242,0.062901,0.0006897055054228046,0.07928207874564389,0.00018563469495608384,0.06837533341103989,0.0003062316828600488,0.0629314270909644,0.0004919896376764835,0.06293530977954268,0.000484624560597659
16982,632,18,20,645306,0.1290612,644382,0.1288764,0.129147,0.0006380158387738615,0.15281530380110636,0.0003031613674283285,0.13823987597064666,0.0004936141596188681,0.12926573212518438,0.0007480161864596148,0.129263077992008,0.0006614829667847248
16982,632,19,20,1261173,0.2522346,1259576,0.2519152,0.2519095,0.001358840353118479,0.267200660180161,0.0003460902686974276,0.2577985039365594,0.0006983221836000271,0.2519494102088833,0.0011470897024331492,0.25201545004827886,0.0012138956371270885
16982,632,20,20,2535664,0.5071328,2536644,0.5073288,0.50693,0.0017751293503647401,0.4352114063120801,0.0004733352217923787,0.48478444010728017,0.000758591843700723,0.5067854577657147,0.0009863797620528378,0.5067005633329896,0.001019812210881849
16982,1252,1,20,0,0,0,0,0.0,0.0,1.5635699517785303e-08,6.111098009088206e-10,6.12010053660588e-09,2.4620688598085096e-09,1.5544448406539095e-08,5.355642673513944e-10,6.1184103225511776e-09,2.4651420656131514e-09
16982,1252,2,20,1,2e-07,2,4e-07,5.000000000000001e-07,2.23606797749979e-06,4.427077925286442e-07,8.39976598236439e-09,2.4394726271503343e-07,6.9940414016057e-08,5.745924744511277e-07,6.827697336389794e-07,2.436723359904269e-07,6.970890780258747e-08
16982,1252,3,20,38,7.6e-06,32,6.4e-06,3.5000000000000004e-06,5.871429486123998e-06,8.054307298216256e-06,7.419704510764861e-08,6.0971254059869376e-06,2.8573168858920775e-07,6.7111855352779004e-06,1.2909739569855865e-06,6.097383252600039e-06,2.818476627145445e-07
16982,1252,4,20,174,3.48e-05,177,3.54e-05,3.95e-05,1.7614288458371993e-05,3.885436613287083e-05,1.5436415216654583e-07,3.3526926067277744e-05,1.6401352591278565e-06,3.949092139037882e-05,9.3458168303757e-06,3.351278489863208e-05,1.6269028909924003e-06
16982,1252,5,20,575,0.000115,611,0.0001222,0.00011100000000000001,2.5110283068684698e-05,0.00012057249569719377,5.835001535036408e-07,0.0001079709747480245,2.572206671359383e-06,0.00010663976966489973,1.4858857448218694e-05,0.00011086127682199588,1.095631977960823e-05
16982,1252,6,20,1384,0.0002768,1390,0.000278,0.000282,5.386142062347546e-05,0.00029819233795744905,1.1350434193319084e-06,0.00027041942336166776,7.504688025320599e-06,0.0002775597439095324,3.5017143929685526e-05,0.00027752950373611526,3.5111475109896984e-05
16982,1252,7,20,2945,0.000589,2951,0.0005902,0.0005855,8.261992877979833e-05,0.0006493291637670902,2.4337087892586175e-06,0.0005818147756077772,1.6478442511971904e-05,0.0005897145792164276,7.292715875447443e-05,0.0005895141209007045,7.240116123613894e-05
16982,1252,8,20,5604,0.0011208,5715,0.001143,0.0011145,0.00011166090584773546,0.0013027471402477472,3.7757478297024443e-06,0.0011440301680179358,2.3909874829526553e-05,0.0011296678162173645,8.125891565562166e-05,0.0011291851119729236,8.224767663735068e-05
16982,1252,9,20,10590,0.002118,10497,0.0020994,0.0020945,0.00013933960784999174,0.0024821052128712632,7.5997429728189655e-06,0.0021666991048900526,3.987630404576417e-05,0.002116953594742053,0.00013972325015338877,0.0021159996063887946,0.00013921396119639403
16982,1252,10,20,18703,0.0037406,18759,0.0037518,0.003742,0.00016272676485446403,0.004576883729341655,1.1679534765019267e-05,0.003924444529859838,5.4249828566062646e-05,0.003770566431063864,0.00016317573396043276,0.003769556332577925,0.0001635032210537578
16982,1252,11,20,33267,0.0066534,33290,0.006658,0.006680500000000001,0.0002645447927448602,0.008238771668721818,2.3647060913545193e-05,0.006935232284570829,6.906929659384936e-05,0.006699643786778649,0.00022968803263295618,0.0066974252665803315,0.00022786436691340473
16982,1252,12,20,57481,0.0114962,57706,0.0115412,0.0115885,0.0003908731790558969,0.014591251641618164,3.877591408218733e-05,0.012133270595697345,0.00013884104342088522,0.011597043486948119,0.0003307510087281837,0.011592832027098116,0.0003286714149064424
16982,1252,13,20,100185,0.020037,100072,0.0200144,0.019944,0.00033622360980376404,0.02542745604090919,6.613993847868666e-05,0.02098136576596102,0.0001552062837430024,0.019959414571307836,0.0003116203352785416,0.01995868547033749,0.0003031948757798554
16982,1252,14,20,172780,0.034556,172596,0.0345192,0.034663,0.000549785604146122,0.04331943378838453,0.00011009675913597116,0.03620974456121588,0.00025681895863336406,0.03467039833413611,0.0005036046980109798,0.03468517423939018,0.0005129665104844295
16982,1252,15,20,295894,0.0591788,296293,0.0592586,0.0590045,0.0006462806543681521,0.07101481951876412,0.00013734002049061694,0.06137441454776269,0.0002978183758400486,0.05892232106385392,0.0005375437229832343,0.0589607882614391,0.0005156847514032031
16982,1252,16,20,500679,0.1001358,501464,0.1002928,0.100718,0.0010104381540489715,0.10974940847932946,0.00018633711889669784,0.10274293726940623,0.0004956184094749708,0.10051471149201693,0.0009593253671909077,0.10055665490427637,0.0009269371783258124
16982,1252,17,20,819673,0.1639346,819505,0.163901,0.164107,0.0008902991809380391,0.15465005492423448,0.0002406654385991356,0.16371066054664427,0.00046022409764122824,0.1639395315242293,0.0008544197849480367,0.1639240752127364,0.0008447613011338135
16982,1252,18,20,1100773,0.2201546,1102468,0.2204936,0.2200475,0.001026880175452251,0.1906778279453328,0.00019676247874833225,0.2110377427508186,0.0006053263714314083,0.2200747627975396,0.0010151329244886774,0.22003628075582915,0.0009522789620671269
16982,1252,19,20,1098664,0.2197328,1097808,0.2195616,0.21944249999999998,0.00142384902733105,0.2013461386820285,0.0002748753286972659,0.21667751416224373,0.0006248435635586682,0.21959064296055755,0.0013442671978390237,0.2196129027104497,0.001229668433892412
16982,1252,20,20,780590,0.156118,778664,0.1557328,0.15583149999999998,0.001147263448843654,0.17150732963149523,0.0002932077410541998,0.15996155383798139,0.00042414942609851137,0.15599332522159315,0.0006688154271223802,0.15594267524062064,0.0006492095805048314
16982,1260,1,20,2017,0.0004034,2097,0.0004194,0.000405,7.996709849747747e-05,0.0008415272776280882,8.01155596122545e-06,0.00038704193750852483,1.40986274634027e-05,0.00044830678275348593,7.566205667393433e-05,0.0004481515149400113,7.521637933201231e-05
16982,1260,2,20,18217,0.0036434,18196,0.0036392,0.003633,0.0002365786839176567,0.006570840184309092,3.91243884502755e-05,0.003681516335967495,5.44526540867436e-05,0.003702865959663221,0.00020626549214757735,0.0036997648817684243,0.00020625842639781088
16982,1260,3,20,119221,0.0238442,119877,0.0239754,0.0238715,0.0005605568190365904,0.028316509815134883,8.24919949896215e-05,0.02515742837220609,9.777436278982767e-05,0.023796303789373797,0.0004634959615095032,0.023802683270954673,0.00046625578660314373
16982,1260,4,20,238877,0.0477754,238091,0.0476182,0.0477275,0.0006241193796061772,0.051345135783150364,9.925301663855973e-05,0.049587119786898275,0.00017479732219800588,0.04772937442003744,0.0005067167541372621,0.047719399553014234,0.000501677733948414
16982,1260,5,20,339777,0.0679554,341210,0.068242,0.0682255,0.0008767432259279376,0.06904189882589049,0.00010527409526014027,0.06943840231591691,0.0002221148302922882,0.06828285019554003,0.000909607679226229,0.06828018170020703,0.0008504322765287541
16982,1260,6,20,413650,0.08273,412756,0.0825512,0.082591,0.000973273910707134,0.08135925563000296,0.00011287626859958247,0.08278994940629265,0.00022795366935782075,0.08260524935923602,0.0007939325969969895,0.08260986976945953,0.0008070952186509036
16982,1260,7,20,461982,0.0923964,460326,0.0920652,0.09242449999999999,0.0010420146225865595,0.08943853405515031,0.00013886588359537003,0.09165385689578218,0.00019644025293455268,0.09237310935286451,0.0008007444093533042,0.09236703595449547,0.0008151257759197183
16982,1260,8,20,488627,0.0977254,488603,0.0977206,0.09761,0.000993754179070989,0.09399162772207485,0.00012028192582187111,0.09651358020591443,0.00023492003519398467,0.09751668186359097,0.0009495781630663751,0.0974883230542225,0.0009612828264693058
16982,1260,9,20,498153,0.0996306,498499,0.0996998,0.099799,0.0006934118545280282,0.09535284935353454,0.00011215244415590774,0.09822619764920151,0.00019441307871374,0.09969501391229917,0.0006677791016830749,0.0996708135757306,0.0006544932640190216
16982,1260,10,20,488693,0.0977386,489914,0.0979828,0.0983425,0.0009661147093274939,0.09368020355383902,0.0001205465852206926,0.09665904315889784,0.00029293281068009877,0.09827182002631167,0.0009723529164433659,0.09826399538899637,0.0009387128866617385
16982,1260,11,20,462887,0.0925774,462142,0.0924284,0.092169,0.0009341018765581574,0.08900937948978621,0.00011171834348601974,0.09150284332939328,0.00024748382823569504,0.09215513767513951,0.0008868898093181909,0.092143423358127,0.0008854972106115295
16982,1260,12,20,418014,0.0836028,419508,0.0839016,0.0839555,0.0006187974330569704,0.0812770792182683,0.00011423653893244607,0.08317386349079493,0.00024392268688946763,0.08399005103064602,0.0007166782480752146,0.08397626012935318,0.0006936327495715946
16982,1260,13,20,355134,0.0710268,355670,0.071134,0.0706975,0.0007575783787833444,0.07051185543890126,0.00010888853689612857,0.07106890049321253,0.0001841127849214246,0.07076351397883522,0.0006110360286428709,0.07077535217650746,0.0006245681908158518
16982,1260,14,20,279399,0.0558798,278987,0.0557974,0.055710499999999996,0.0007080847035266476,0.05709700094929023,9.449249827287644e-05,0.056319866097227854,0.0002472355899672547,0.05577205348182194,0.00060900032154836,0.05580655616760137,0.0006101708130161598
16982,1260,15,20,199079,0.0398158,197779,0.0395558,0.039744,0.0007048209925782199,0.042063784818358416,8.393600748137444e-05,0.04032867524046574,0.000163931526391064,0.03977214832640782,0.0006522407869358643,0.03980536253159718,0.0006073420837455364
16982,1260,16,20,122245,0.024449,122292,0.0244584,0.024393,0.0005520974360992528,0.027085877753234684,6.965629830248577e-05,0.02490778903495431,0.00010407336027234251,0.024414492812099453,0.00042151634730993627,0.02442992168389429,0.0004438819818436332
16982,1260,17,20,60757,0.0121514,60491,0.0120982,0.011998,0.0003948164130326902,0.014478117214139552,3.373574364459571e-05,0.012165843490695284,8.578699577425825e-05,0.012018141458615423,0.00032253149526399077,0.012019377817293047,0.0003228278051598614
16982,1260,18,20,24333,0.0048666,24437,0.0048874,0.00488,0.000268602621768762,0.006202725789532424,2.0101178748302312e-05,0.0047823851543396575,6.384651846121623e-05,0.004875207915886225,0.0002474989547480755,0.004875441238389492,0.0002503058744909255
16982,1260,19,20,7589,0.0015178,7640,0.001528,0.001532,0.00010704647293779021,0.0019687342833797326,9.971704268591628e-06,0.0014153719612608787,1.799876754479485e-05,0.0015220612880847994,7.367906272507693e-05,0.001522515171552922,7.356186748922101e-05
16982,1260,20,20,1349,0.0002698,1485,0.000297,0.00029099999999999997,4.854731820876575e-05,0.00036706284439260855,3.200399151610419e-06,0.00024032564306762232,6.879989757842446e-06,0.0002956163707912242,4.3084752638715975e-05,0.0002955710619007949,4.3045560618431e-05
16982,1526,1,20,0,0,0,0,0.0,0.0,8.981071556436598e-09,3.62179757510048e-10,3.5091530044920152e-09,1.4650693813025046e-09,8.952617753218491e-09,3.541337014790754e-10,3.5083807137451333e-09,1.467214272335711e-09
16982,1526,2,20,1,2e-07,0,0,0.0,0.0,2.6093617094323925e-07,5.079690115064243e-09,1.434521026182218e-07,4.223517059657756e-08,2.530876835152408e-07,6.3537444014024125e-09,1.4329621941201166e-07,4.210569381431516e-08
16982,1526,3,20,29,5.8e-06,25,5e-06,3.5000000000000004e-06,4.893604849295929e-06,4.885709276331912e-06,4.602691244725096e-08,3.677733774628689e-06,1.9076816918609368e-07,4.430352313039978e-06,7.013484878592234e-07,3.6780241136313173e-06,1.8847451149743468e-07
16982,1526,4,20,105,2.1e-05,119,2.38e-05,1.85e-05,1.3088765773505317e-05,2.402362067494894e-05,9.770924990440307e-08,2.0731984175372954e-05,1.3224470948480604e-06,2.2999268565467643e-05,7.371188543372899e-06,2.0724409616234334e-05,1.3224921783131422e-06
16982,1526,5,20,373,7.46e-05,385,7.7e-05,8.25e-05,2.197486602557807e-05,7.587560751617878e-05,3.7656317192183776e-07,6.853981518139975e-05,1.9640386228387272e-06,7.936107527776392e-05,1.3901556069370102e-05,7.238337592125734e-05,9.907971451835297e-06
16982,1526,6,20,953,0.0001906,939,0.0001878,0.000197,4.7361987867242675e-05,0.00019086626813034015,7.484317900786568e-07,0.00017392976184472627,6.915766857036849e-06,0.00019048876438663778,3.207526386063851e-05,0.00019046371759072323,3.200731343729921e-05
16982,1526,7,20,2032,0.0004064,2045,0.000409,0.000384,6.847204577513058e-05,0.0004228027484188916,1.628629215792528e-06,0.0003779335250373141,1.2400177751154837e-05,0.0003813214941570865,4.479297839070192e-05,0.00038122488182699814,4.471217554041279e-05
16982,1526,8,20,3855,0.000771,3815,0.000763,0.000772,6.985699678629191e-05,0.0008633611705360742,2.591742360855708e-06,0.0007580946211420252,2.0491616580387585e-05,0.0007651889405283138,6.011550782407257e-05,0.0007649096605510601,6.10017770283451e-05
16982,1526,9,20,7312,0.0014624,7368,0.0014736,0.0015195,0.00011573449651772165,0.0016760437730070344,5.313473105491794e-06,0.0014620912382526886,3.1872881988758425e-05,0.0014976103992600887,9.700519596628226e-05,0.0014969969126340228,9.668097835334355e-05
16982,1526,10,20,13331,0.0026662,13348,0.0026696,0.002705,0.0001533657479086479,0.0031542265899960143,8.334163868016407e-06,0.0026926322710617706,4.53867752516112e-05,0.0026968143757957813,0.00013353640790186836,0.0026962648416394243,0.00013507866219634058
16982,1526,11,20,23874,0.0047748,23776,0.0047552,0.004804999999999999,0.00023209571528279356,0.0058074505113139135,1.7283605178870294e-05,0.004846371897755283,5.589600342737656e-05,0.004797970079668898,0.00017003219231148447,0.004796618264764104,0.0001704264015452713
16982,1526,12,20,42151,0.0084302,41915,0.008383,0.0084525,0.0003326429253561148,0.010552304534625747,2.9295714944167697e-05,0.008657366956062878,0.00010245943414011599,0.00844633520364842,0.0002536321697011359,0.008443434171413942,0.0002462410258926034
16982,1526,13,20,74525,0.014905,74108,0.0148216,0.014932500000000001,0.0004053572173826568,0.01894242658935923,5.2866536918396365e-05,0.015361682377025588,0.0001442848817151957,0.014911378453678837,0.00036254518926014074,0.014911692823766847,0.0003703129529919998
16982,1526,14,20,132394,0.0264788,132010,0.026402,0.0264345,0.0006556112053889702,0.03341560884199872,9.07047936614274e-05,0.02732358092462673,0.00025464193460404856,0.02641690425527753,0.0006017657880616691,0.026428631225093018,0.0005808938882182215
16982,1526,15,20,233171,0.0466342,233543,0.0467086,0.0466455,0.0006095077824294828,0.0571036586449856,0.00011850456712860972,0.04814486895365499,0.0002599126365678143,0.046641606944139616,0.0005149910433827815,0.04667406155157134,0.0005193277448609523
16982,1526,16,20,407496,0.0814992,408738,0.0817476,0.0817165,0.0006701317623776444,0.09285464340826918,0.00016764524544687128,0.08443694152489087,0.0003690428297393065,0.0817460658690496,0.0005200914067861536,0.08178356250191757,0.0005155325797613267
16982,1526,17,20,696237,0.1392474,694424,0.1388848,0.13877250000000002,0.001118856911974753,0.1394945739203906,0.00022870653984210265,0.14297557574271008,0.0004778007845487685,0.13887724857035005,0.0009480348256758251,0.13886914791044844,0.000878190372952667
16982,1526,18,20,1013843,0.2027686,1013703,0.2027406,0.20286149999999997,0.0010198001610222725,0.1864803962007257,0.0002145260817835893,0.2020271905392947,0.0005875871681474214,0.20291254880968118,0.0009757130196035231,0.20288490734271175,0.0009112650797888036
16982,1526,19,20,1283883,0.2567766,1284957,0.2569914,0.256891,0.0014099678981041375,0.22021797457924136,0.00028059363433276875,0.24038053859550365,0.0005568979573732278,0.25674246530722267,0.0011382719294997692,0.2567793300111524,0.0011650472287769787
16982,1526,20,20,1064435,0.212887,1064782,0.2129564,0.21280649999999998,0.0012406758557122666,0.2287130193625578,0.0003253513286621514,0.22028251657501588,0.0005499139888087586,0.21286341179496399,0.0010319684292379974,0.21280182156872335,0.0008291366918804146
16982,1528,1,20,168,3.36e-05,185,3.7e-05,3.85e-05,2.7003898354048613e-05,7.43819568325518e-05,1.0478993762095162e-06,3.174514230790033e-05,1.5091371981543653e-06,5.072141904529402e-05,1.2559282191401461e-05,3.360666226779739e-05,8.60758260483707e-06
16982,1528,2,20,2471,0.0004942,2393,0.0004786,0.00045799999999999997,4.560701700396552e-05,0.0008562969747345006,7.06227965552341e-06,0.00045444282771953516,8.642832864141646e-06,0.0004995595083758725,4.1281714290923976e-05,0.0004990452031300255,4.082274903676616e-05
16982,1528,3,20,22845,0.004569,22833,0.0045666,0.004655,0.00020969903245014347,0.005604597813637559,2.3084694873051143e-05,0.004670321658173852,3.1342914698277264e-05,0.004588362432624761,0.00010021681616889121,0.0045889079237705615,9.807278060672967e-05
16982,1528,4,20,61320,0.012264,60839,0.0121678,0.012177,0.0002615560722815825,0.013600083599283077,3.0135935025316544e-05,0.012471676717874988,7.439383348518738e-05,0.012147469123166776,0.00025957449455180076,0.012143241828962315,0.0002579642380318549
16982,1528,5,20,108600,0.02172,108763,0.0217526,0.021537999999999998,0.0004592740266757393,0.02335080638542727,5.094105094796793e-05,0.022312717064362657,0.00010494418622586604,0.02154865990698516,0.00038740215795679496,0.02154499454275452,0.0003817603730389572
16982,1528,6,20,160914,0.0321828,159784,0.0319568,0.0321305,0.0005084804503823643,0.03403978255657619,5.884722521333211e-05,0.033155109841497186,0.00012516017385097965,0.032158714755787514,0.0003476906882719659,0.03215609671680168,0.00035316115634819297
16982,1528,7,20,215993,0.0431986,215997,0.0431994,0.043217,0.0006116595200117899,0.04537473360441138,8.350057872213221e-05,0.04454796202857132,0.00018250386252821374,0.04326710479799047,0.0005614723535313055,0.04325817678252209,0.0005547161881919596
16982,1528,8,20,274938,0.0549876,275391,0.0550782,0.055164500000000005,0.0007869693700987887,0.05709776019194266,8.193081175002933e-05,0.056387294220035335,0.0002739776408640186,0.055209197960195945,0.0007816539022145606,0.055185000925116356,0.000744405259889762
16982,1528,9,20,338272,0.0676544,338757,0.0677514,0.067638,0.0009074579880082601,0.06891252371854434,9.938360843626236e-05,0.0685257721319497,0.00024303629521902929,0.06767896923706088,0.0006790663309347219,0.06765317889918439,0.0006675829647344795
16982,1528,10,20,404419,0.0808838,404039,0.0808078,0.0806375,0.0008226201719921651,0.08042084469107688,0.00010637119276994117,0.08067980461731522,0.00020785302879601422,0.08067355049430948,0.0006259793119619998,0.08065633030461046,0.0006325073198887102
16982,1528,11,20,469252,0.0938504,468315,0.093663,0.09363550000000001,0.0008397209749610121,0.09090679432626114,0.0001245992870807565,0.09228144254014992,0.0002887319293471235,0.09366466697706236,0.0007003995706268391,0.09363976282290334,0.0006827719654462272
16982,1528,12,20,523681,0.1047362,524730,0.104946,0.1050195,0.000970325365941483,0.09930007775739838,0.00011580162665089319,0.10215743493405302,0.0002979144774176616,0.10503003287350347,0.0007326493034586943,0.10499853264267316,0.0007276864807281028
16982,1528,13,20,560544,0.1121088,561334,0.1122668,0.11238650000000001,0.0010015896575470743,0.10399020776989445,0.00011589906340636018,0.10847297760931159,0.000336772739342039,0.11239323691693501,0.0008847161477535261,0.11239655471840193,0.0009058345509833506
16982,1528,14,20,554556,0.1109112,554920,0.110984,0.1106495,0.0008888104113749015,0.10293417693815839,0.00013099393885999489,0.10805960015763119,0.0003332391083090949,0.11059656162622458,0.0009650564631672065,0.11064948963029915,0.0009362952422290804
16982,1528,15,20,494668,0.0989336,494640,0.098928,0.0993035,0.0012490344692053772,0.09418627801421717,0.00014279835561527475,0.09884757007321736,0.00035779898740049014,0.09917822965153063,0.001113631178039224,0.09924937624854122,0.0011408253033219546
16982,1528,16,20,383554,0.0767108,383737,0.0767474,0.0764835,0.0007863591987595025,0.07702490905175338,0.000149145418694397,0.07866226288208188,0.00024275440490904407,0.07636964594672359,0.0006076563789828518,0.07640586869977833,0.0005627122857252157
16982,1528,17,20,238027,0.0476054,237899,0.0475798,0.047916,0.0005360322064165451,0.053776702666862033,9.161894727266027e-05,0.04960388350263349,0.00022420701464630338,0.047866459334881636,0.00044887336876371246,0.04786495210044746,0.0004702435463876663
16982,1528,18,20,123197,0.0246394,122641,0.0245282,0.0243945,0.0005298905050747945,0.030919607517393984,6.597098776573849e-05,0.025569856152233044,0.00014226876840758225,0.024410559514960233,0.000364679265427625,0.02440781974950651,0.0003695834295286637
16982,1528,19,20,49780,0.009956,49902,0.0099804,0.0099325,0.0003880026451347709,0.013734624338692636,4.5712161413009985e-05,0.010411929937151034,9.857729946070451e-05,0.009983575507288978,0.00036610429457905886,0.009985030922732039,0.00036135995600659264
16982,1528,20,20,12801,0.0025602,12901,0.0025802,0.0026249999999999997,0.0001432884466639527,0.0038948101172121843,2.1836683690719228e-05,0.002696195952039943,3.098984977285128e-05,0.0026847220056575535,9.950440760083737e-05,0.0026840326756153035,0.00010014924453026274
16982,1553,1,20,55716,0.0111432,55782,0.0111564,0.0110705,0.00019887777256660094,0.020010615938512197,0.00010566981193727071,0.011393428895473592,0.00014069782770370138,0.011123126779067818,0.0001675382866259112,0.01112177915956079,0.00015815869368744439
16982,1553,2,20,268074,0.0536148,268456,0.0536912,0.053604,0.00080997335888612,0.0781163281816992,0.00024432545301372873,0.053905261707709616,0.0003833786641665852,0.053523973223464485,0.0006655985415791129,0.053482578652965865,0.0006222997642164261
16982,1553,3,20,966613,0.1933226,965747,0.1931494,0.1933765,0.0011777555594836852,0.16020024570648816,0.0002586676611134487,0.1929737131850922,0.0005778102190607884,0.19324590545170645,0.0009344530193701508,0.19331185984137358,0.0009819408618471552
16982,1553,4,20,1004246,0.2008492,1005510,0.201102,0.2006345,0.0012500546303851566,0.16887183689795335,0.00030092570874411413,0.18968528465449505,0.0006798682060001507,0.2006756196711031,0.0011525774965623456,0.20064887165860834,0.0011796141773454288
16982,1553,5,20,752756,0.1505512,751963,0.1503926,0.1505665,0.001105675668634578,0.14412532563273608,0.0001953379553607726,0.14683344924619712,0.0005501719944337195,0.1505095204096623,0.0010337334854696057,0.15051618377094558,0.0010036810731451605
16982,1553,6,20,554580,0.110916,554270,0.110854,0.11131850000000001,0.0010377722851326655,0.11488966034945847,0.00017628417627911657,0.11154114314520883,0.0005174154073503293,0.1112434089057561,0.0009399464261752983,0.11125751961128619,0.0009186610751952675
16982,1553,7,20,411081,0.0822162,411538,0.0823076,0.0821105,0.0007822805729000574,0.0891752336609461,0.00015867172546459954,0.08437127256981347,0.00032655007036866293,0.08212905463891021,0.0006883834582892415,0.08212978129092097,0.0007082385633555957
16982,1553,8,20,304898,0.0609796,305129,0.0610258,0.061263500000000005,0.0006091519126060256,0.06803631847512841,0.0001082199871526153,0.06391300696611965,0.000246794547417029,0.06133448663237876,0.0005699219375807363,0.06132157291730209,0.000620097095784915
16982,1553,9,20,223889,0.0447778,224241,0.0448482,0.044782,0.0006416721576433999,0.05096580948723286,8.013338027159737e-05,0.047514079976797366,0.00024069929766539494,0.04483878476186191,0.0005022209020027484,0.04483133074369787,0.0005095521731283884
16982,1553,10,20,162491,0.0324982,162198,0.0324396,0.032379000000000005,0.0004953988292275222,0.03725355626573227,7.608889415977195e-05,0.03473700137855892,0.00018011733579987522,0.03241268215594476,0.00040192394904675784,0.03241236444276006,0.00038169340789479515
16982,1553,11,20,114277,0.0228554,114670,0.022934,0.022706499999999998,0.000326646034078094,0.02639435802830744,5.48179085591715e-05,0.024619353039042367,0.00011769224518531613,0.02274261507635441,0.00031616549128457593,0.022741259696197804,0.00030466914110617696
16982,1553,12,20,77358,0.0154716,76837,0.0153674,0.015543000000000001,0.0004689416976442525,0.017906384156847067,5.0093655584277345e-05,0.016702417703473853,0.00011170001509294629,0.01557440648854452,0.0003599141488963315,0.015573044722461857,0.0003604789183808962
16982,1553,13,20,49524,0.0099048,49677,0.0099354,0.0098175,0.0003313270764349744,0.011438503950968218,3.055596848090004e-05,0.010582990687554096,7.124452697115711e-05,0.009835892498714173,0.00030119269391712183,0.00983811200786518,0.0002961849879430582
16982,1553,14,20,29121,0.0058242,28720,0.005744,0.0057480000000000005,0.0002942179643161099,0.006727890435272388,1.9599348605909733e-05,0.0061255221410719506,5.470296622248039e-05,0.0057471201936086,0.0002506658461792291,0.005751201426270357,0.00025321779076380125
16982,1553,15,20,15415,0.003083,15345,0.003069,0.0030765000000000002,0.00015062239296717437,0.0035367632831888917,1.1015943405986734e-05,0.0031517796159872594,3.215327279910592e-05,0.003057879121715627,0.0001368844014022912,0.003060670817100176,0.0001361281415310589
16982,1553,16,20,6795,0.001359,6780,0.001356,0.001367,0.0001436772699306917,0.0015836340752745956,6.427822678704149e-06,0.0013578518775925474,2.0104033220018014e-05,0.001356354089336698,0.00014330841824455794,0.0013572964005861639,0.00014348823822202812
16982,1553,17,20,2378,0.0004756,2363,0.0004726,0.000492,7.777159541009545e-05,0.0005704742105370812,2.1892575877153802e-06,0.0004516030763030616,7.841307703667637e-06,0.0004893942637665195,5.9571776902099236e-05,0.0004894737263474191,5.950500865543451e-05
16982,1553,18,20,652,0.0001304,635,0.000127,0.00012099999999999999,3.007009355349247e-05,0.0001609077795936069,9.223070966668195e-07,0.00011667611020004056,2.2749797846147348e-06,0.0001303341181339033,2.208058801475126e-05,0.00013092738603420937,2.0514883073458772e-05
16982,1553,19,20,126,2.52e-05,126,2.52e-05,1.9e-05,1.2937094768634556e-05,3.254084358729196e-05,2.828881372060966e-07,2.1970890446246104e-05,8.632836799705975e-07,2.6087796591197044e-05,6.213361817387296e-06,2.197875668920978e-05,8.550236856524371e-07
16982,1553,20,20,10,2e-06,13,2.6e-06,4.000000000000001e-06,5.9824304161611886e-06,3.6126306467150952e-06,5.257897880784334e-08,2.1931229731843987e-06,1.965237110091602e-07,3.353713488862363e-06,1.6765807970628412e-06,2.192971000682949e-06,1.9615906308252054e-07
16982,1554,1,20,681,0.0001362,719,0.0001438,0.00012800000000000002,3.5481648332920676e-05,0.00029619045879870063,3.4077528119816085e-06,0.00013002182558353325,5.981832643750183e-06,0.00015674866264717849,2.2928111301256624e-05,0.00015510027733470615,2.4400111917724017e-05
16982,1554,2,20,7609,0.0015218,7683,0.0015366,0.0015325,0.00011317778283000505,0.002802169313771206,1.9450906995540696e-05,0.001525048267722292,2.5521759606074267e-05,0.0015897545766334902,9.878252322333718e-05,0.0015884002876468393,9.997658424222771e-05
16982,1554,3,20,61726,0.0123452,62124,0.0124248,0.012397,0.0003503697295264262,0.014634850061082855,4.9828367230275565e-05,0.012577970102111865,6.455773297856204e-05,0.012355531702303562,0.00032755205202630427,0.012357845537479326,0.0003171955156877431
16982,1554,4,20,141956,0.0283912,141429,0.0282858,0.0284425,0.00043171475719385285,0.03021567995990481,6.148813921202651e-05,0.028484449935777905,0.00012757773335898799,0.028460909842614325,0.0004101781865498922,0.02845314330672143,0.0003961486050179354
16982,1554,5,20,221730,0.044346,221079,0.0442158,0.043956,0.0006062169144525923,0.04520374096438744,8.050484381361368e-05,0.0444466391307608,0.00014499409553605245,0.043981227967335695,0.0005024985338289366,0.04397752340191141,0.0005127567055727944
16982,1554,6,20,292857,0.0585714,292979,0.0585958,0.058550500000000005,0.0006101205661696372,0.05839729764575411,8.747728887557991e-05,0.058458888538794204,0.00018376889985048368,0.05857172417977028,0.0005582407765105437,0.05857153598803153,0.0005625173557574388
16982,1554,7,20,353692,0.0707384,354590,0.070918,0.07089100000000001,0.000847528294823432,0.0697590279070287,0.00011466075386157863,0.0705855881976716,0.00020773385290739153,0.07095961645358911,0.0007301086231981775,0.07095014849897216,0.0006699712310177477
16982,1554,8,20,407672,0.0815344,406655,0.081331,0.081096,0.0008226939061144764,0.07925720671983705,0.0001046247377313692,0.08066191739546072,0.00021544844150693775,0.08131264038321555,0.0008290618913311842,0.0812840274310502,0.0008154173596884038
16982,1554,9,20,448746,0.0897492,448935,0.089787,0.08953,0.0008719427793876819,0.08674131051191457,0.00010949298550673227,0.08884893484688086,0.0002589286977537169,0.08980811316695106,0.000808327817884177,0.0897810612836212,0.0007977782296944592
16982,1554,10,20,480182,0.0960364,479979,0.0959958,0.095858,0.0007646643570530592,0.09196369844470079,0.00011580301234407088,0.09474524041150983,0.00018203549794835284,0.09601157557668343,0.0005990512589083213,0.09599886042464398,0.0006359352111856517
16982,1554,11,20,495155,0.099031,494543,0.0989086,0.099225,0.0008994003850519403,0.09448348234580102,0.00011868880487488381,0.09761875795709542,0.00025389013084437006,0.09920162204601099,0.0007810550694873563,0.09918295280373648,0.0007421127597196886
16982,1554,12,20,489455,0.097891,489450,0.09789,0.098092,0.0012020316135609745,0.09368062105425999,0.00011396443884575724,0.09683841896121606,0.00029815281339779377,0.09793072832932338,0.000957003760379906,0.09790941226360375,0.0009847172623243979
16982,1554,13,20,457227,0.0914454,457159,0.0914318,0.091672,0.0008385049351767647,0.08881227706886685,0.0001151343536293273,0.09118107237073754,0.0003129976061649809,0.09141127009272723,0.0009593274472032431,0.09142087623259638,0.0009380586609248319
16982,1554,14,20,397511,0.0795022,396996,0.0793992,0.079866,0.0008004038454364616,0.07928464944510086,0.00011204713461300689,0.08035162648748198,0.0002469855843688164,0.07958699240227422,0.0006258990737064817,0.07963161425990448,0.000632906286613815
16982,1554,15,20,313986,0.0627972,315047,0.0630094,0.06292299999999999,0.0007692381740534291,0.0651439045665301,0.00011217834519739277,0.06471491779395702,0.00020485381007397105,0.06274038396073844,0.0006039686090531283,0.06279034654319668,0.0006212414935011042
16982,1554,16,20,220937,0.0441874,220567,0.0441134,0.043888500000000004,0.0006069880342183114,0.047557953751446766,0.00010478292303840987,0.04566953478440544,0.00017594283505219685,0.043823419468079605,0.0005606514374041951,0.043847846067755825,0.0005582923331679295
16982,1554,17,20,124003,0.0248006,124788,0.0249576,0.024945500000000002,0.000456675342471052,0.029458205989007964,5.72547554730535e-05,0.0258332013284433,0.00014399850766921954,0.024978784938087712,0.0004086549393149947,0.024979936822946656,0.00041265390344229506
16982,1554,18,20,58265,0.011653,58450,0.01169,0.011653,0.000304874434895141,0.014987766434148966,3.809660285802091e-05,0.011979141860915756,9.71533114779129e-05,0.011706422620697769,0.0002736753297161421,0.011706180660518982,0.0002814153899667219
16982,1554,19,20,21635,0.004327,21721,0.0043442,0.004313,0.0001509653149428354,0.005867270634702047,2.281669039058119e-05,0.004353915883059846,4.490826192657116e-05,0.004347940121548552,0.00015010543424905494,0.004348825752803701,0.0001449482118503833
16982,1554,20,20,4975,0.000995,5107,0.0010214,0.0010405,7.104298180086401e-05,0.0014526967161446161,9.375707066689418e-06,0.000994713913603425,1.534547333739829e-05,0.0010645935019578687,5.5706329451429386e-05,0.001064362155535834,5.5061166121875635e-05
16982,1558,1,20,9731,0.0019462,9848,0.0019696,0.001985,0.00014975418454745657,0.0037392899283824324,2.7385800801703106e-05,0.0018822075985530581,5.1106424514395704e-05,0.00203856003525204,0.0001334655882822898,0.00203816330953474,0.0001310440983086033
16982,1558,2,20,66413,0.0132826,66270,0.013254,0.0131865,0.000263983153369979,0.021806150551433978,0.0001004429721865988,0.013048087834401345,0.00010573620354105216,0.013271995348832385,0.00024392954082662273,0.013261581022851684,0.00023772446030299716
16982,1558,3,20,332616,0.0665232,331300,0.06626,0.0662485,0.000819141238383866,0.06862032420128544,0.0001527634249744419,0.06632983336147331,0.00021068885772583163,0.06625042179162777,0.00042500313119382205,0.06627187480254247,0.00037607361448647786
16982,1558,4,20,519072,0.1038144,520032,0.1040064,0.104016,0.0011641414274725793,0.09929467919573637,0.00018101760906680177,0.10194948484127289,0.00027457573243163134,0.10400425984017028,0.0009241260804049428,0.10398919624006067,0.0009392162733423457
16982,1558,5,20,597037,0.1194074,596421,0.1192842,0.1191165,0.0007234222396651257,0.11063142710066276,0.00013590755544497427,0.11576866139413544,0.0002681303513103103,0.11910439054484101,0.0005756287641976997,0.11910815554457506,0.000525208155084273
16982,1558,6,20,591851,0.1183702,592892,0.1185784,0.11805550000000001,0.0010997773698153159,0.11094938559502658,0.00014865848268500478,0.11536094184821073,0.00031823447024113745,0.1180436192642915,0.0009250754611960662,0.11805738173913131,0.000929701260978959
16982,1558,7,20,552542,0.1105084,554097,0.1108194,0.110876,0.0011778946427731473,0.10566405067003341,0.00016118405709096372,0.10893860664804042,0.00026052867608270506,0.11082207171914646,0.001127572444001269,0.11082144187481724,0.0011214512212060334
16982,1558,8,20,500920,0.100184,498910,0.099782,0.0999405,0.0009494512265403359,0.09733502264049136,0.00012783902890395682,0.09955864524655761,0.00022347664637315646,0.0998711175922072,0.0008253974086609742,0.09984812505124982,0.0008246907667784001
16982,1558,9,20,438540,0.087708,437949,0.0875898,0.087975,0.000811992351532554,0.08717819620573361,0.00010393876045390104,0.08843345346307278,0.00023326142752085722,0.08791255765086517,0.0007182666724419059,0.08789686391055111,0.000736070141772297
16982,1558,10,20,374101,0.0748202,375039,0.0750078,0.0749345,0.0006924363926706446,0.07587980351653163,0.00011276175979503563,0.07637981339614608,0.00023747233084232144,0.0748730702935798,0.0007043600005472589,0.07487166263399453,0.0006685192489270579
16982,1558,11,20,309626,0.0619252,308499,0.0616998,0.06210249999999999,0.0007815091675389141,0.0639608552291619,9.274566596078575e-05,0.06398347205433283,0.00025515343290133006,0.06203116360269897,0.0006790147467190204,0.06202705724356901,0.0006732508525435665
16982,1558,12,20,245637,0.0491274,245551,0.0491102,0.049084,0.0007511492948528238,0.05176250146535503,9.660275992933755e-05,0.051219449082855195,0.0001993009526807788,0.049057532266892794,0.0006417098666985565,0.04905260074380495,0.0006399857730009803
16982,1558,13,20,183368,0.0366736,184539,0.0369078,0.036813,0.0005112533618471378,0.03968042147502326,7.759055003393556e-05,0.03872124444029819,0.000152857449549606,0.0368529108353416,0.0004453231800458484,0.03686151599890426,0.0004638873905170548
16982,1558,14,20,127933,0.0255866,128475,0.025695,0.025629000000000002,0.0004782192846493402,0.028259358642601717,5.846394689495074e-05,0.026976474994226347,0.00013876763598326346,0.02570610347085519,0.00039612282809973554,0.025723578069411508,0.00039539408637382354
16982,1558,15,20,80363,0.0160726,79950,0.01599,0.0160105,0.00037545025600849196,0.018200320275609277,4.340047387958622e-05,0.016894644547004945,9.737154946000014e-05,0.01608699366875873,0.00034244102285420813,0.01610172006308489,0.0003438463318291579
16982,1558,16,20,43360,0.008672,43195,0.008639,0.008577999999999999,0.00024697325659610243,0.010156304903685165,3.117986633798626e-05,0.009064249623610753,7.704968960142371e-05,0.008609502376912595,0.00023664639352358551,0.008615067135438513,0.00022582036957941119
16982,1558,17,20,18556,0.0037112,18734,0.0037468,0.003734,0.000183199632268075,0.004656733013176376,1.3156911738385015e-05,0.0038310442621405172,3.0950522232133473e-05,0.00374250233916502,0.00017137010870710637,0.003743063003520273,0.00017018348325159772
16982,1558,18,20,6386,0.0012772,6376,0.0012752,0.0013124999999999999,0.00011990676202344627,0.0016999027556039502,6.847596847431261e-06,0.0012904204814223432,1.9678127581693023e-05,0.0013124020965330396,9.931457772058871e-05,0.0013125561477653465,9.994620867827228e-05
16982,1558,19,20,1682,0.0003364,1688,0.0003376,0.0003485,5.018649430400888e-05,0.0004551859583483248,2.841916682749441e-06,0.00032455994632057456,7.847480577165544e-06,0.00035359816864155997,4.005314818496433e-05,0.00035369331346309443,3.9736285779719625e-05
16982,1558,20,20,266,5.32e-05,235,4.7e-05,5.4e-05,1.9574419397183716e-05,7.008667603281035e-05,7.400284216778474e-07,4.470493584003062e-05,2.0640210994324735e-06,5.52270933022934e-05,1.4700920226006813e-05,4.470215172415935e-05,2.0679422596838192e-06
16983,290,1,20,4199219,0.8398438,4201230,0.840246,0.839791,0.0013032465533993679,0.7171350162607204,0.0005986426327967173,0.8295043827510222,0.0007544523641415272,0.8394869200910395,0.0008200067127272048,0.8395008498116396,0.0008444399373298738
16983,290,2,20,690750,0.13815,688234,0.1376468,0.1380845,0.0011224291092372645,0.23804157615055882,0.0006043298623133363,0.14694367245691833,0.0007630892334210269,0.13825962600687264,0.0007983711993073319,0.13825492793461205,0.0008074450070827167
16983,290,3,20,104906,0.0209812,105473,0.0210946,0.0210935,0.00039951648408123505,0.04247507476647627,0.00022445166473989268,0.02257710636582837,0.0002618449500894244,0.021151331178357886,0.00033495862795789657,0.02116640286978564,0.0003549483054786681
16983,290,4,20,4919,0.0009838,4880,0.000976,0.0009935,8.51793772916278e-05,0.002260910882903362,2.2684940970448134e-05,0.0009417976013412502,5.4563879465852004e-05,0.0010472334698964718,8.639403040864164e-05,0.0010502836383609218,8.574062604012924e-05
16983,290,5,20,184,3.68e-05,166,3.32e-05,3.4e-05,1.6982963599783727e-05,8.067140792260395e-05,1.1131570368797456e-06,2.926259916659404e-05,4.387455158672113e-06,4.8605201737993775e-05,1.1591831947786045e-05,2.936272942239112e-05,4.438490027412766e-06
16983,290,6,20,19,3.8e-06,16,3.2e-06,3.5000000000000004e-06,4.893604849295929e-06,4.667528487543073e-06,1.1336560901938078e-07,1.9199130605152e-06,6.602193175134583e-07,4.230088852753781e-06,2.116315587160207e-06,1.9254617014163827e-06,6.607399901260893e-07
16983,290,7,20,3,6e-07,1,2e-07,0.0,0.0,3.9809130732753236e-07,1.0511492687187517e-08,1.9084716305521477e-07,2.6532271112883445e-08,3.6954878478315693e-07,1.2240230283835402e-08,1.9142396221340003e-07,2.67142041268428e-08
16983,290,8,20,0,0,0,0,0.0,0.0,4.657707417056668e-08,1.548194428545703e-09,3.054884327299077e-08,6.003671985690642e-09,4.609105905204487e-08,1.6731910980178584e-09,3.0645885570839255e-08,6.006285952801816e-09
16983,290,9,20,0,0,0,0,0.0,0.0,6.8234461845163974e-09,1.663024104066264e-10,5.552953926391295e-09,9.15668793103253e-10,6.812295471311053e-09,1.5916252829620555e-10,5.5715640152717e-09,9.157851905343572e-10
16983,290,10,20,0,0,0,0,0.0,0.0,1.1828501180769722e-09,2.564993594827436e-11,1.0547215491123487e-09,4.406642285209401e-10,1.1828501180769722e-09,2.564993594827433e-11,1.0588789803138846e-09,4.454679081554688e-10
16983,290,11,20,0,0,0,0,0.0,0.0,2.2983592115890638e-10,4.630118926419569e-12,2.0172536575936187e-10,3.4120269270167936e-11,2.2983592115890638e-10,4.630118926419561e-12,2.0236970583159096e-10,3.416766112109639e-11
16983,290,12,20,0,0,0,0,0.0,0.0,4.6809015503296374e-11,9.548925837101877e-13,5.381845811886053e-11,2.803992652924502e-11,4.6809015503296374e-11,9.548925837101877e-13,5.3969113059478927e-11,2.805122391039575e-11
16983,290,13,20,0,0,0,0,0.0,0.0,9.617562978020403e-12,1.6886055066705958e-13,1.1226049474960109e-11,6.381500107145675e-12,9.617562978020403e-12,1.688605506670596e-13,1.1264057506212207e-11,6.413014504830269e-12
16983,290,14,20,0,0,0,0,0.0,0.0,1.9226251440758826e-12,3.405291043241207e-14,2.113343156231457e-12,5.487756056572925e-13,1.9226251440758826e-12,3.4052910432412064e-14,2.1195854860553897e-12,5.466561953374436e-13
16983,290,15,20,0,0,0,0,0.0,0.0,3.560713613546994e-13,7.660554977306002e-15,3.7640560432231036e-13,1.0712112337744092e-13,3.560713613546994e-13,7.660554977306005e-15,3.777595233035474e-13,1.0800859651465355e-13
16983,290,16,20,0,0,0,0,0.0,0.0,5.595224516116733e-14,1.0504293718294537e-15,6.59160482634904e-14,5.324728969305685e-14,5.595224516116733e-14,1.0504293718294541e-15,6.610773531769307e-14,5.3242640290992884e-14
16983,290,17,20,0,0,0,0,0.0,0.0,6.845279552770828e-15,1.8664427728091977e-16,6.1232589524648884e-15,5.787081571082995e-16,6.845279552770828e-15,1.8664427728091975e-16,6.1447067852483636e-15,5.768037644453988e-16
16983,290,18,20,0,0,0,0,0.0,0.0,4.591835702315431e-16,2.897378952175348e-17,3.902278275068159e-16,4.958271955883438e-17,4.591835702315431e-16,2.8973789521753484e-17,3.9178356659118005e-16,4.9071505040281625e-17
16983,290,19,20,0,0,0,0,0.0,0.0,5.627305025055333e-20,2.93183034175613e-20,2.5363761770859517e-20,1.991422147294181e-20,5.627305025055333e-20,2.93183034175613e-20,2.492909547332209e-20,1.949746015724212e-20
16983,290,20,20,0,0,0,0,0.0,0.0,9.818802591136346e-25,1.6335649904835347e-24,7.708811515426847e-26,1.0799730859789334e-25,9.818802591136346e-25,1.6335649904835345e-24,7.568102355854552e-26,1.0591322428511189e-25
16983,369,1,20,122,2.44e-05,117,2.34e-05,2.75e-05,1.332784974957958e-05,4.445841632996811e-05,1.0548207193752027e-06,1.80764867248252e-05,2.389254421745664e-06,3.2164678219786524e-05,8.11391810853266e-06,1.802677072307179e-05,2.4277597516914754e-06
16983,369,2,20,6883,0.0013766,6753,0.0013506,0.0013735000000000002,8.683165806378028e-05,0.0030493970742783184,2.3267397455199204e-05,0.0012969014691527681,4.745584064749052e-05,0.0014387910762446074,8.713043948747182e-05,0.00143424480885641,8.55760079674775e-05
16983,369,3,20,82690,0.016538,81591,0.0163182,0.016352,0.0004209963120228512,0.032299085946401185,0.0001653104773787201,0.016904090947476098,0.00018242742902980396,0.016465469856794847,0.0003168619509563128,0.016426472733437385,0.00032028816659381503
16983,369,4,20,541212,0.1082424,541498,0.1082996,0.108299,0.000843257468330245,0.12037860524951564,0.0002135893964335638,0.11064402489347995,0.0003020378377516592,0.10828642705551865,0.0007311618676758956,0.10827668398433747,0.0007417750806197283
16983,369,5,20,981312,0.1962624,979602,0.1959204,0.195673,0.001298854150881907,0.15987349982094876,0.00025422598605872156,0.18333333522045075,0.00046838323258489314,0.1958422045503328,0.0011491657182677183,0.1958821126167553,0.0010350202053686153
16983,369,6,20,806916,0.1613832,806451,0.1612902,0.161342,0.0010121503944832675,0.14890653097173126,0.00018112269179300895,0.15902660363523505,0.00041723373185222236,0.16163525631545,0.0010126042051476689,0.16160165175003416,0.0009944156628703777
16983,369,7,20,634577,0.1269154,635351,0.1270702,0.126357,0.0015216165226841043,0.12534123406796266,0.00017108927065315248,0.12832272627630947,0.00044551511355588947,0.1265587667305666,0.0012957192146243485,0.1265469386970182,0.0013135769521842315
16983,369,8,20,495440,0.099088,494933,0.0989866,0.09925500000000001,0.0008628807321378415,0.10167350139654023,0.0001313395926906336,0.10157916810605623,0.00044680091481064517,0.09928323644032312,0.0009279022666220813,0.09929942883767143,0.0009170884128178953
16983,369,9,20,384009,0.0768018,384918,0.0769836,0.07691200000000001,0.0006324438814297242,0.080975633510654,9.826361591797774e-05,0.0794066671439986,0.00026884352512910004,0.07679140548425041,0.0006116091146134069,0.07682030104831136,0.0006276157926162554
16983,369,10,20,296159,0.0592318,296855,0.059371,0.059713499999999996,0.0005513263910549585,0.06360932541996567,8.66462232176369e-05,0.06168986870515274,0.0002552093538736096,0.05955370804893715,0.0005129501325662532,0.05957819073676405,0.0005328392380586289
16983,369,11,20,228484,0.0456968,227916,0.0455832,0.0456065,0.0005852689440266805,0.04927999345903937,8.494533900405384e-05,0.04739724487623566,0.00018606443116259236,0.04545258813386853,0.0005664886784877922,0.04545821463001908,0.0005646835663537006
16983,369,12,20,173901,0.0347802,174528,0.0349056,0.0349595,0.0005814543924731455,0.037508878486621086,5.9689000267315186e-05,0.03602561088689932,0.00014074954360901036,0.03480372021774034,0.0004771141127385789,0.03480159819579583,0.0004853693911635978
16983,369,13,20,130412,0.0260824,130692,0.0261384,0.026307000000000004,0.00046420390256642075,0.027864923116413746,4.279440811843707e-05,0.02683724654433444,0.0001469621602008131,0.02616570105149103,0.00039609192973718367,0.02616580101312031,0.00037851797758879196
16983,369,14,20,94681,0.0189362,95217,0.0190434,0.0192245,0.00034442133010540864,0.02003149536955662,3.143250442789289e-05,0.019310488426884053,0.00011732700203392682,0.019133010997404606,0.0003437157862753333,0.019136446092484237,0.00033851223525546286
16983,369,15,20,66729,0.0133458,66461,0.0132922,0.013382,0.00035202571676392887,0.013725483052258574,2.5369360187091965e-05,0.013330109164164786,7.669249747592553e-05,0.01334596404581884,0.0003154694541628192,0.013350195002153804,0.00032137330803740154
16983,369,16,20,42868,0.0085736,43142,0.0086284,0.008552500000000001,0.00031684090312763716,0.008701553962027087,2.2629139803155177e-05,0.008467340846952394,5.68580106750988e-05,0.00854797740065737,0.0002431569091139923,0.00855146561156663,0.00023964306179899894
16983,369,17,20,24080,0.004816,24360,0.004872,0.004791999999999999,0.00019726018084592853,0.004803229091601457,1.6413973954691087e-05,0.004630356459765208,3.4223656315425375e-05,0.004784620207130428,0.00017197291402295365,0.0047868371849639196,0.00017116337059293105
16983,369,18,20,9475,0.001895,9578,0.0019156,0.001863,0.000173329622092523,0.0019016193679549658,8.343288600384564e-06,0.0017707179548605765,2.341403991956549e-05,0.0018562547110450652,0.0001221602163680444,0.0018583037654356812,0.0001221990939348137
16983,369,19,20,50,1e-05,37,7.4e-06,8.5e-06,8.750939799154206e-06,3.138560468792875e-05,3.749137811625347e-07,9.384870288847141e-06,8.352741070610184e-07,2.2578696527240893e-05,4.750619833004798e-06,9.207654154659167e-06,8.292378192902411e-07
16983,369,20,20,0,0,0,0,0.0,0.0,1.6661551105633755e-07,8.453954387435718e-09,3.708557781619391e-08,2.3938903868069208e-08,1.5430167821097317e-07,9.169555562595708e-09,3.638867819819073e-08,2.34360941546975e-08
16983,401,1,20,664937,0.1329874,662459,0.1324918,0.132989,0.0012005038415949395,0.22404518402578594,0.0004813282184520968,0.14257738796233188,0.0008986095514149225,0.13306736235170286,0.0009866470627275489,0.13304074917231473,0.0008124288690962958
16983,401,2,20,3084070,0.616814,3085755,0.617151,0.616922,0.001735874116221684,0.4333401702649849,0.0006488353832356426,0.5870479320982924,0.001291389891913197,0.6168357109548959,0.0014737062357453,0.6166855336648681,0.0011746570637060582
16983,401,3,20,1097182,0.2194364,1098213,0.2196426,0.21934550000000003,0.0013622793399299573,0.2760061455437027,0.0004949678246567598,0.2376162552971195,0.0009345255357336145,0.21930568085808325,0.0011442555512486926,0.21941275901649565,0.0010649092551462684
16983,401,4,20,134898,0.0269796,134624,0.0269248,0.0269235,0.0005542493738571585,0.05835062541549544,0.0002474264066445069,0.02901799270238663,0.00040560891080677875,0.02691897567576058,0.0005316922176433716,0.026992779776225394,0.0004765962903875305
16983,401,5,20,15367,0.0030734,15369,0.0030738,0.003098,0.00017123698567528538,0.007019188715054805,4.260894918354706e-05,0.003089854863174934,8.073069067176844e-05,0.0031333790168563682,0.0001552863586836685,0.0031430299036777354,0.00015643042419164456
16983,401,6,20,2657,0.0005314,2735,0.000547,0.0005369999999999999,8.092231492383038e-05,0.0010045407974454228,8.648318744903014e-06,0.0004988367350052769,2.982218347212313e-05,0.0005543458427964591,6.570635398640853e-05,0.0005558764532588272,6.638362849002764e-05
16983,401,7,20,636,0.0001272,607,0.0001214,0.000127,3.599707590463718e-05,0.000180701872678668,1.8575085646348965e-06,0.0001096439949068411,9.609045638481317e-06,0.00013296951052574124,2.7252051422697907e-05,0.00013067425874262498,2.8406968232987088e-05
16983,401,8,20,185,3.7e-05,170,3.4e-05,3.85e-05,1.7851728502481653e-05,3.952608938616346e-05,4.819015109816757e-07,2.971586278878506e-05,3.0442243289204662e-06,3.722884525441568e-05,1.001353899769611e-05,2.9804561738755637e-05,3.038640501037842e-06
16983,401,9,20,48,9.6e-06,43,8.6e-06,1.3000000000000001e-05,9.233805168766388e-06,9.964054889580387e-06,8.744239177681348e-08,8.662297541937741e-06,8.277319492264496e-07,1.015598819406429e-05,2.2350317082268935e-06,8.689950138968914e-06,8.256380185055237e-07
16983,401,10,20,13,2.6e-06,16,3.2e-06,4.5e-06,7.591546545162483e-06,2.7754272783207974e-06,2.23775661409574e-08,2.5731875809973792e-06,5.094727182431621e-07,3.033717059363259e-06,1.4719788928913018e-06,2.5822038386017667e-06,5.165898242724639e-07
16983,401,11,20,5,1e-06,9,1.8e-06,0.0,0.0,8.233991971281061e-07,7.707660830332461e-09,7.632958981528525e-07,7.870094553839555e-08,7.773400294888387e-07,2.20794299049143e-08,7.656397616763868e-07,7.967684680352763e-08
16983,401,12,20,2,4e-07,0,0,1.0000000000000002e-06,3.0779350562554625e-06,2.4979411279213267e-07,2.185250967598487e-09,2.7104616458678376e-07,7.469962694770928e-08,2.7543351345266024e-07,1.3573313913765986e-07,2.7182094585758936e-07,7.495806333861372e-08
16983,401,13,20,0,0,0,0,5.000000000000001e-07,2.23606797749979e-06,7.522185974839223e-08,6.448550861130989e-10,7.958840867653662e-08,1.3822744337507963e-08,7.513334876267197e-08,2.2477806318895134e-09,7.981598831951692e-08,1.383933864596303e-08
16983,401,14,20,0,0,0,0,0.0,0.0,2.1846466345573735e-08,1.6229135083685307e-10,2.3184492982575896e-08,3.4806442267765306e-09,2.173445897499822e-08,2.4822189364495544e-10,2.325248482279341e-08,3.4677105882506612e-09
16983,401,15,20,0,0,0,0,0.0,0.0,5.884123165523106e-09,6.327418882301386e-11,6.071469475497454e-09,9.73908576896568e-10,5.856579711829049e-09,8.302863592812605e-11,6.091253061523233e-09,9.790463909066324e-10
16983,401,16,20,0,0,0,0,5.000000000000001e-07,2.23606797749979e-06,1.3698382571571167e-09,1.2769819763203106e-11,1.5562284790258955e-09,1.0010284206409051e-09,1.4635874250174263e-09,4.275287614762742e-10,1.5608030446547543e-09,1.0013693497226871e-09
16983,401,17,20,0,0,0,0,0.0,0.0,2.5090114817312223e-10,3.655868846074248e-12,2.3263734937493497e-10,1.5120707829415357e-11,2.505601254135932e-10,3.651853911864296e-12,2.3341210512058866e-10,1.5113622589756933e-11
16983,401,18,20,0,0,0,0,0.0,0.0,2.678765095552496e-11,8.63430839116535e-13,2.35656327245641e-11,1.8341521571318796e-12,2.6781244047866113e-11,8.626703158692117e-13,2.3659080894973606e-11,1.8346005373474532e-12
16983,401,19,20,0,0,0,0,0.0,0.0,1.1917884432088754e-14,1.9028568370878917e-15,5.547965298829972e-15,2.7520691416755113e-15,1.1917884432088754e-14,1.902856837087892e-15,5.454554839793908e-15,2.6909369630510107e-15
16983,401,20,20,0,0,0,0,0.0,0.0,1.5331650560122813e-18,1.1675852086126413e-18,2.25563309354491e-19,2.6438850519669025e-19,1.5331650560122813e-18,1.1675852086126413e-18,2.2160386296128547e-19,2.593828750832528e-19
16983,404,1,20,4762,0.0009524,4783,0.0009566,0.0009509999999999999,7.45442291882018e-05,0.0023328041929732246,1.662739652542656e-05,0.0009580167761182416,3.741069725531265e-05,0.001041721085802813,7.330377906769408e-05,0.0010388954696419637,7.189326639693439e-05
16983,404,2,20,106984,0.0213968,107367,0.0214734,0.021531,0.0004526402079960825,0.04541735789232953,0.0001872144391210523,0.02331243823327348,0.0002902121945434991,0.021593307294152257,0.00034863301462969974,0.02153491927420388,0.0003279025822168896
16983,404,3,20,681270,0.136254,680248,0.1360496,0.1359585,0.0007558910740242089,0.19705137114917876,0.000556249856493983,0.1425141105230488,0.0008217213393882252,0.13596132493187707,0.0008067023592531196,0.135694096134293,0.0006467965878121919
16983,404,4,20,2345051,0.4690102,2345683,0.4691366,0.46948449999999997,0.0019794509472658307,0.3093155172077968,0.00039679539378430445,0.45359493079680097,0.001396858407551629,0.4692209591614153,0.0015229739674988514,0.46937268390656584,0.0014451474022421447
16983,404,5,20,894346,0.1788692,895028,0.1790056,0.178619,0.001014042976354915,0.20582316707454384,0.00040605692765516185,0.18024953624835807,0.001096349262667521,0.1785071526705157,0.0012156972629312097,0.17861744682558334,0.0011120365274185535
16983,404,6,20,426612,0.0853224,427509,0.0855018,0.085421,0.0010963283219335724,0.11070135358352928,0.0001868833524794436,0.0881330432545929,0.0007912168484085098,0.08544909881062626,0.0009357903567815749,0.08546680691957612,0.0009354498925849932
16983,404,7,20,229437,0.0458874,229009,0.0458018,0.0457925,0.0007936449889094319,0.058714900865873776,0.00012771106692888173,0.047839020008172445,0.0005841028056794998,0.04589205905973993,0.0007171167715166718,0.04590623929852318,0.0006832462484459046
16983,404,8,20,129999,0.0259998,129618,0.0259236,0.026085000000000004,0.0005518056484707371,0.03179268948073352,8.47097789464752e-05,0.027270651502931214,0.000323727873155103,0.02614299339146008,0.0004371286932997432,0.02615832110164216,0.00044973196886393925
16983,404,9,20,76710,0.015342,76296,0.0152592,0.015204,0.0005074124243857778,0.01755452582262315,4.1284202306138394e-05,0.015737789357806196,0.00027023632420098066,0.01520616278811287,0.0004436401819475586,0.015218187992110322,0.000444880152595872
16983,404,10,20,44928,0.0089856,45076,0.0090152,0.0090355,0.0002967805320611955,0.009790613232199827,2.2340761468662545e-05,0.009153337759341207,0.0001273374782779178,0.00903137566998181,0.00025974830838016826,0.009038745364598677,0.00025734328047508916
16983,404,11,20,26921,0.0053842,26698,0.0053396,0.0053605,0.00027410092263521063,0.0054599273636991704,1.6571178800059967e-05,0.005258551786511527,0.00012447314943139906,0.00536130395901436,0.0002790786275077432,0.005364132628798639,0.00027792534696069546
16983,404,12,20,15590,0.003118,15645,0.003129,0.0030824999999999997,0.00014048318873014472,0.0030025172134975353,7.64823985043579e-06,0.0029431755586883613,4.369823971124906e-05,0.0030963271408397256,0.00010551248776894042,0.003097408331445839,0.00010548945084123712
16983,404,13,20,8808,0.0017616,8626,0.0017252,0.001793,0.0001276549625893338,0.001604255696342614,4.645055581564594e-06,0.0016070980246752364,3.951257454255976e-05,0.0018073476945222055,0.00012639159322149496,0.0018080650153248462,0.0001255748774852925
16983,404,14,20,4697,0.0009394,4674,0.0009348,0.0009365,0.00010484449637941246,0.0008187280409472683,2.1947931932023794e-06,0.0008152914489135785,2.0806985013129144e-05,0.0009441712667231335,8.609945466366387e-05,0.0009446941038996802,8.555170441422791e-05
16983,404,15,20,2432,0.0004864,2294,0.0004588,0.00045450000000000004,7.119099588246284e-05,0.000388709210731253,1.4228386319965648e-06,0.0003864959075357302,9.297078733849731e-06,0.0004602414781110152,5.6210810374897285e-05,0.00046061200257128737,5.657338773852075e-05
16983,404,16,20,1033,0.0002066,1048,0.0002096,0.00021550000000000003,3.6917404253848955e-05,0.00016355328515571608,6.868167081177968e-07,0.00016211069028978408,4.01936042777486e-06,0.0002099396006233148,3.15588879715035e-05,0.0002100982605373162,3.1475708502829646e-05
16983,404,17,20,347,6.94e-05,311,6.22e-05,6.45e-05,2.928534751283256e-05,5.591249459405568e-05,3.545999895476471e-07,5.3446301496258985e-05,1.720197114181905e-06,6.311166838663257e-05,1.901282069989605e-05,6.0235694142988215e-05,1.8198939418743653e-05
16983,404,18,20,73,1.46e-05,87,1.74e-05,1.1e-05,1.0711528467275955e-05,1.206137851745224e-05,1.323540744921827e-07,1.094241984579301e-05,3.8147866920740405e-07,1.1368448090126134e-05,3.163234472385966e-06,1.0959016214557025e-05,3.7922576120884054e-07
16983,404,19,20,0,0,0,0,0.0,0.0,3.478351669912666e-08,1.0448509793593132e-09,1.3395614733779973e-08,2.630568375975209e-09,3.384878883769879e-08,1.1609943043281972e-09,1.3144907857935904e-08,2.5662446511831593e-09
16983,404,20,20,0,0,0,0,0.0,0.0,3.12163492524551e-11,7.127368887813939e-12,5.985358967654905e-12,5.969947359242911e-12,3.12163492524551e-11,7.127368887813939e-12,5.875677569025466e-12,5.853698310435344e-12
16983,676,1,20,0,0,0,0,0.0,0.0,6.142109469051991e-09,7.268977579281928e-10,2.705454601434779e-09,3.4549483575660315e-09,6.014204438345986e-09,6.947695449394955e-10,2.701438790538105e-09,3.4573174782356587e-09
16983,676,2,20,7,1.4e-06,14,2.8e-06,1.0000000000000002e-06,3.0779350562554625e-06,3.468845346967191e-06,9.404863963700823e-08,1.1330240417791012e-06,2.2139276050261594e-07,2.5377537220643505e-06,5.166946009617501e-07,1.129222153412412e-06,2.1981571371331464e-07
16983,676,3,20,444,8.88e-05,440,8.8e-05,8.499999999999999e-05,3.332456024900364e-05,0.00015434533972032914,1.9914733781871863e-06,7.735164234321632e-05,3.356782812212451e-06,0.00010613444247226011,2.5692623144771495e-05,9.051131229329454e-05,2.965279740526558e-05
16983,676,4,20,8206,0.0016412,8257,0.0016514,0.0016250000000000001,0.00010723805294763607,0.0022039034097438223,1.0650595796177806e-05,0.0017386007775668816,2.1021546876475478e-05,0.0016512009344862779,9.807818405919092e-05,0.0016506887410141387,9.855840012591527e-05
16983,676,5,20,35720,0.007144,35944,0.0071888,0.007108000000000001,0.00040844506169257657,0.007739550516351954,2.2905720171676178e-05,0.007255318394594322,5.197757614422955e-05,0.007104666849423812,0.00030003097028273785,0.007104507945312787,0.0003012335362102108
16983,676,6,20,72064,0.0144128,72803,0.0145606,0.0146315,0.00040364490647884537,0.015352193825359878,3.2933606616680456e-05,0.014685908456014677,0.0001021015830919988,0.014633977982905,0.0004447328625294812,0.01462717465748862,0.00043377579343807817
16983,676,7,20,116344,0.0232688,115930,0.023186,0.023395,0.0005006995106848018,0.024271010912521214,5.637219468625705e-05,0.023456375772341467,8.434731988721765e-05,0.023377452248567382,0.0004467083314982188,0.02336955870651525,0.00043828284414887793
16983,676,8,20,165478,0.0330956,164752,0.0329504,0.032803,0.0005552723371653346,0.03410813927993659,6.338185526375619e-05,0.033239647252517435,0.000140617750931758,0.03281339235251279,0.00047148357818174144,0.03281120750194265,0.00048586549338981364
16983,676,9,20,218418,0.0436836,217620,0.043524,0.0436265,0.0006308329914944957,0.04460943991050277,5.700509577148972e-05,0.043931091292314914,0.00015654888568241337,0.043634247801018135,0.0006100309954165311,0.04364001273217481,0.0005900327102265614
16983,676,10,20,272836,0.0545672,272462,0.0544924,0.0545825,0.0007357979914423019,0.05561347984909768,8.066742846268374e-05,0.055215507155830366,0.00023612843111289636,0.054520943259516085,0.000748774695497588,0.05453018250198277,0.0007392839016442361
16983,676,11,20,328944,0.0657888,330090,0.066018,0.0657235,0.0007298830115342571,0.06695845374624242,0.00011882827843305051,0.06676854977496749,0.0001809725140668848,0.06560636362175162,0.0007304023172684535,0.06559881124558489,0.0007125810168725328
16983,676,12,20,388451,0.0776902,388831,0.0777662,0.07823,0.0007166956338495079,0.07846600177575602,0.00013867653823226056,0.07865576684173976,0.00029612471479618035,0.07811447505353379,0.0008041567642762726,0.07809065324246134,0.0007680547974486424
16983,676,13,20,448244,0.0896488,448219,0.0896438,0.089306,0.0010289872384252891,0.08995553630289664,0.00015107282522857336,0.09041890365024322,0.00030330902903541375,0.0892966810704314,0.0009046668970184421,0.08927662134363111,0.0008916582451483934
16983,676,14,20,508215,0.101643,509453,0.1018906,0.1020875,0.0008893455606881877,0.10114546523307877,0.0001196808476295836,0.10228047899224404,0.0002654952461522861,0.1022101279850081,0.0008024770572906187,0.1022047000941225,0.0007909463308681046
16983,676,15,20,570647,0.1141294,571593,0.1143186,0.1138775,0.0010113142829740766,0.11159990720639501,8.999116429176666e-05,0.11347809418657162,0.0002173194794013352,0.11403669794099236,0.0009985511571640566,0.11404454431073066,0.0009758907360640426
16983,676,16,20,625143,0.1250286,623000,0.1246,0.124933,0.0009745449680424408,0.120415883119004,0.0001552962180405739,0.12325293672226748,0.0002890516856056395,0.12500020671538423,0.0008267505877925852,0.12502290903854313,0.0007984392797336789
16983,676,17,20,655084,0.1310168,654503,0.1309006,0.1307515,0.0010342364333168679,0.1248331212129287,0.00016715549684322045,0.12848801912134747,0.00031044408038065336,0.13071112790810463,0.0008507012278290914,0.13074179657824642,0.0008941737708610191
16983,676,18,20,570203,0.1140406,570495,0.114099,0.11412599999999999,0.0011310656363289493,0.11129163601828203,0.00019762444278027347,0.11406935106441521,0.00034065230244074746,0.11384351877679828,0.0009058249009859109,0.11394254805655843,0.0008520746725270301
16983,676,19,20,15204,0.0030408,15223,0.0030446,0.0030385,0.00014339033954100322,0.011041453999858546,5.56161686321248e-05,0.0029209718213788712,5.4249125274799386e-05,0.003245306428537705,0.00015776286954623047,0.003182889131857427,0.0001514540458884384
16983,676,20,20,348,6.96e-05,371,7.42e-05,6.900000000000001e-05,2.8635642126552708e-05,0.00023700335486742836,5.2607188781047275e-06,6.599135180547981e-05,8.536737893531214e-06,9.093486062989293e-05,2.1255877089668373e-05,7.123442222651879e-05,2.2624137710468112e-05
16983,677,1,20,13,2.6e-06,11,2.2e-06,1.0000000000000002e-06,3.0779350562554625e-06,7.471510376836401e-06,2.5659270341469506e-07,2.894588922694038e-06,8.331316523646699e-07,4.714653517826102e-06,8.767238178489294e-07,2.8874828976662786e-06,8.376131048304421e-07
16983,677,2,20,1485,0.000297,1413,0.0002826,0.00027400000000000005,5.994734531675541e-05,0.0007796429882398842,7.891293012030339e-06,0.0002972470332347153,1.4968181250831828e-05,0.00032835280818664604,5.077709938520896e-05,0.0003272418516646481,5.001271191679248e-05
16983,677,3,20,25849,0.0051698,25513,0.0051026,0.0051085,0.00022438864311255768,0.011617272508281377,7.481729889295517e-05,0.0055297627288296595,6.858105137977722e-05,0.0051985439465403235,0.00018654392527909865,0.0051861520288378855,0.00019344503404376037
16983,677,4,20,257823,0.0515646,257615,0.051523,0.0517585,0.0004546053812171368,0.06101039839939058,0.00013387275720253865,0.051921936018950655,0.00015994279697354,0.05157371708808024,0.00042993994372207206,0.051565860266276166,0.00041898807706453533
16983,677,5,20,556203,0.1112406,557804,0.1115608,0.1114685,0.0007999294376775742,0.10522930457351183,0.00018266100434643012,0.11337513518120416,0.00024264213681778377,0.11126194013322947,0.0006752979230545784,0.1112782452404808,0.0006691404017684538
16983,677,6,20,636152,0.1272304,636076,0.1272152,0.127027,0.0011117511080794085,0.11984128617132864,0.00015737901266433293,0.12650952617738953,0.0003202974811144182,0.1269330176730391,0.0010151181344319078,0.12689924024047727,0.0010335266295988205
16983,677,7,20,622266,0.1244532,622347,0.1244694,0.12450950000000001,0.001097271616328425,0.11871646015052562,0.00016500359478493538,0.12298780666335044,0.000328300000103694,0.1244335317476651,0.001121025597904598,0.12441399007434391,0.0010871696631897113
16983,677,8,20,569881,0.1139762,570186,0.1140372,0.11387099999999999,0.0011585331015419548,0.11041341526703954,0.00012419486480886623,0.11258047111320772,0.00041245965429298053,0.11376082803024642,0.0009783976095969543,0.11377277962616619,0.0009921986966531632
16983,677,9,20,501410,0.100282,501083,0.1002166,0.10048399999999999,0.000840572486620373,0.09898884686983286,9.446912763152084e-05,0.09965294814911159,0.00027834288963871773,0.10046182928840752,0.000753277244143049,0.10049322891848918,0.0007223092322371356
16983,677,10,20,428944,0.0857888,429072,0.0858144,0.0858205,0.0007453185472280329,0.08638977040594512,0.00010689101866086709,0.08598614270896285,0.0002579678784042297,0.0859065522101352,0.0007453002686480726,0.08593636461659877,0.000731155903047866
16983,677,11,20,362693,0.0725386,361583,0.0723166,0.0722585,0.0008856295708941222,0.07363274744508361,0.0001149819759261534,0.07274250836546235,0.00027236698506293954,0.07242988679127943,0.0007747502023422749,0.0724343300160242,0.0007538854249568728
16983,677,12,20,297924,0.0595848,296897,0.0593794,0.059314,0.0007404721111347961,0.06122215752694173,9.108772350662733e-05,0.060108262994212805,0.00017444886319284588,0.059491385725452595,0.0005624259583527371,0.05948426253391492,0.0005903309887501545
16983,677,13,20,239866,0.0479732,240108,0.0480216,0.047979,0.0007097212202874563,0.04942362180799795,6.761053678555284e-05,0.0484657414586779,0.00020869543842055486,0.04809105346508587,0.0006144173473613004,0.0480885438186817,0.0005927244684657266
16983,677,14,20,187536,0.0375072,186977,0.0373954,0.037316,0.0005387158219711992,0.038454987038483254,5.335189670081173e-05,0.03755732626502932,0.0001642139609968035,0.03733771471911906,0.0005444210748840807,0.03734253447054957,0.0005569892903511858
16983,677,15,20,138498,0.0276996,139482,0.0278964,0.027798,0.0005626591003066556,0.028432843440558887,4.5331687957537356e-05,0.027811645889110403,0.00014084947850397586,0.02776946938383847,0.00043821890275809586,0.02777619439850889,0.0004293511469144337
16983,677,16,20,95279,0.0190558,95237,0.0190474,0.019242000000000002,0.0004458297999532063,0.019408395348420114,4.6223092462773435e-05,0.018933878045274192,9.385672056219779e-05,0.019206542862085087,0.00038125668525922714,0.019213540687145224,0.0003861840014917046
16983,677,17,20,56025,0.011205,56302,0.0112604,0.0112475,0.00036569868240915167,0.011499321594843393,3.574360401352933e-05,0.01104222500157213,6.292675362502946e-05,0.011238925318090842,0.0002430335570618827,0.01124344767535744,0.00023944597729123142
16983,677,18,20,21963,0.0043926,22105,0.004421,0.0044859999999999995,0.0002578330753352682,0.0048494217006751425,1.9381179629429532e-05,0.004470248093550302,4.008100164516444e-05,0.004514757452976265,0.00022142419554464416,0.004519385617663753,0.0002193950728663739
16983,677,19,20,190,3.8e-05,188,3.76e-05,3.6500000000000006e-05,2.4767338424456897e-05,8.225986329521488e-05,1.0126444872906653e-06,2.4214677604188185e-05,1.5622529599665997e-06,5.6921127313848116e-05,1.4467462319099682e-05,2.375429570858175e-05,1.53405514634173e-06
16983,677,20,20,0,0,1,2e-07,0.0,0.0,3.753892282291142e-07,2.1579180467582253e-08,7.884634222358851e-08,4.942651444891318e-08,3.1557571045568014e-07,2.0128869909336673e-08,7.737100972619434e-08,4.842931771466839e-08
16983,678,1,20,130880,0.026176,131339,0.0262678,0.026226500000000003,0.00030941838478362147,0.056133808887138995,0.0001829393122864572,0.027969477119603202,0.00020504237703140025,0.026408779102371372,0.0002601899558322755,0.026385381104029215,0.0002871509079303023
16983,678,2,20,1103692,0.2207384,1104280,0.220856,0.220594,0.0012985554727424924,0.2767554185037015,0.0006118903009082079,0.23955040644950948,0.0008481959995443588,0.22064931744857139,0.000983490671231306,0.22043983618532098,0.0008588828120115405
16983,678,3,20,2896200,0.57924,2896951,0.5793902,0.5796439999999999,0.0011438457753975056,0.39538584198253157,0.0005373814848266648,0.5520263004880295,0.0009039966620020992,0.5792172441012517,0.0010356020383267615,0.5790923081867545,0.0008483559842534697
16983,678,4,20,677097,0.1354194,675263,0.1350526,0.1350115,0.001018720947277049,0.20053878809150424,0.0004945463871255441,0.14025162523067833,0.0006419820890644164,0.1349708631601801,0.0006952361220585734,0.13525028722194649,0.0006408498151888062
16983,678,5,20,133771,0.0267542,133869,0.0267738,0.026878999999999997,0.0003949003871731119,0.05186586781814854,0.0001825296385087735,0.028150160722492705,0.00025614515940686455,0.02699794011286057,0.0003284041507517462,0.02706220187581678,0.0003508762131437615
16983,678,6,20,37311,0.0074622,36951,0.0073902,0.0074405,0.0002932481435307146,0.013396601047494894,6.004261877890088e-05,0.007773947744147124,0.00019720816667983542,0.007502299942621864,0.0002616106013398716,0.007517376019283636,0.0002747041500687502
16983,678,7,20,12800,0.00256,12795,0.002559,0.0025195,0.00018511660621007732,0.00390599285100326,2.073187403664009e-05,0.0026120687527230796,8.805745603304142e-05,0.00253932216733284,0.0001415528297556898,0.0025443876204334663,0.0001381543057248766
16983,678,8,20,4822,0.0009644,4943,0.0009886,0.000982,0.00011000478458493951,0.0012791864156483483,7.963956981467618e-06,0.0009973639581176575,4.404942636303127e-05,0.0009995146873583054,8.610503901141038e-05,0.0010017670236789865,8.554948216994884e-05
16983,678,9,20,1966,0.0003932,2016,0.0004032,0.0004125,6.889160058801761e-05,0.0004564981071286358,2.1710220546365243e-06,0.00040089045505476497,2.2664135614054605e-05,0.00042526332146865215,5.501196807779643e-05,0.00042631750910765334,5.4977288992023284e-05
16983,678,10,20,867,0.0001734,909,0.0001818,0.0001635,3.8151360602073864e-05,0.0001724946739034452,7.64539032284006e-07,0.0001591777528259306,1.047190119481986e-05,0.00016941963205563125,2.558929586029396e-05,0.0001715100480725863,2.205222436613627e-05
16983,678,11,20,338,6.76e-05,381,7.62e-05,7.1e-05,2.918182563460383e-05,6.734972570947703e-05,3.945438058416452e-07,6.534160541303058e-05,5.315682765809864e-06,7.196561457187643e-05,1.6631336453886264e-05,6.858249335877076e-05,1.1829077132364348e-05
16983,678,12,20,142,2.84e-05,170,3.4e-05,3.5e-05,1.8496087779795345e-05,2.642761809918988e-05,1.3303902325303247e-07,2.7049656892766458e-05,2.2611450605385552e-06,3.0739149007186125e-05,7.488983488646804e-06,2.7107749069513204e-05,2.2847729868871838e-06
16983,678,13,20,71,1.42e-05,84,1.68e-05,1.1e-05,1.2096106376585989e-05,1.018368388854557e-05,5.5226248161125546e-08,1.0445372163430592e-05,8.692292522495936e-07,1.093937566501681e-05,3.245567049693183e-06,1.0467587238081756e-05,8.650441373831964e-07
16983,678,14,20,31,6.2e-06,30,6e-06,7.500000000000001e-06,7.863975156570492e-06,3.7625854654154e-06,1.703938278986866e-08,3.946186406848625e-06,3.9173511705040244e-07,4.48217377091474e-06,1.425104145708969e-06,3.955374327310366e-06,3.917522638646111e-07
16983,678,15,20,5,1e-06,9,1.8e-06,2.5e-06,4.442616583193193e-06,1.28861088695629e-06,8.746110369082545e-09,1.321410898243851e-06,1.313499777091287e-07,1.4311465523650016e-06,6.330707536621917e-07,1.3247974583620967e-06,1.3298522370003076e-07
16983,678,16,20,6,1.2e-06,9,1.8e-06,0.0,0.0,3.849900301323817e-07,2.466445302754259e-09,3.793893686229001e-07,1.7855905862855666e-08,3.751824215313077e-07,7.165915606204291e-09,3.803608095857027e-07,1.770528272893945e-08
16983,678,17,20,0,0,0,0,0.0,0.0,9.136187385853836e-08,9.286038293644851e-10,8.606081982037815e-08,4.209723479436596e-09,9.065076584450767e-08,9.777715022610338e-10,8.628842901530827e-08,4.241558194415477e-09
16983,678,18,20,1,2e-07,1,2e-07,0.0,0.0,1.3033261873495304e-08,2.726725634206946e-10,1.1639316166664114e-08,6.550098952402763e-10,1.3018591641226144e-08,2.6848317461350365e-10,1.1677611200048146e-08,6.602113025794974e-10
16983,678,19,20,0,0,0,0,0.0,0.0,1.2577016235488378e-11,9.531430793153329e-13,5.5384833132698684e-12,1.9406581826109394e-12,1.2577016235488378e-11,9.531430793153325e-13,5.442810452374812e-12,1.8953756106093533e-12
16983,678,20,20,0,0,0,0,0.0,0.0,3.840702852121613e-15,1.8510752362170425e-15,6.559202997495356e-16,7.173208630406858e-16,3.840702852121613e-15,1.8510752362170425e-15,6.443128626277328e-16,7.037733103098387e-16
16983,679,1,20,0,0,0,0,0.0,0.0,6.944938238349955e-11,1.070603528877585e-11,2.985305489078393e-11,4.370860292961057e-11,6.944938238349956e-11,1.070603528877585e-11,2.979761473182714e-11,4.367863226306067e-11
16983,679,2,20,0,0,0,0,0.0,0.0,7.096928531140259e-08,2.9205369509214236e-09,2.188100687243747e-08,7.010140698603274e-09,6.793362529615564e-08,3.019633679710096e-09,2.180297407442624e-08,6.9398616282880625e-09
16983,679,3,20,15,3e-06,12,2.4e-06,2.0000000000000003e-06,4.1039134083406175e-06,5.16702765520804e-06,9.362072556233597e-08,2.6322911240215474e-06,1.9920039134918015e-07,5.01655756740441e-06,3.246346174618694e-06,2.6254265392922506e-06,1.997435491406256e-07
16983,679,4,20,511,0.0001022,492,9.84e-05,0.00011150000000000001,3.082633870401636e-05,0.00012175958278914803,9.653466554987402e-07,9.464880526375591e-05,1.9000169330488555e-06,0.00011148321015201251,1.788227345782053e-05,0.00011093398288364164,1.702183178199463e-05
16983,679,5,20,3093,0.0006186,3137,0.0006274,0.000624,8.242380851748065e-05,0.0006151816278185146,2.6011942168498213e-06,0.0005632209215771322,7.349888827922947e-06,0.0006082327049054091,6.59132144492458e-05,0.0006082670534813514,6.656580511976046e-05
16983,679,6,20,8372,0.0016744,8378,0.0016756,0.0017295000000000001,0.0001369008477156484,0.001643247735790639,5.0424417103973975e-06,0.001556790222695036,1.6069157870344857e-05,0.001728235077593627,9.411025098735281e-05,0.0017274283331162044,9.401545431017389e-05
16983,679,7,20,17001,0.0034002,17228,0.0034456,0.0032849999999999997,0.0001451133857948401,0.003376695035898708,1.1520313746828027e-05,0.003214250465846288,2.7797604569710485e-05,0.003312577018609331,0.00010723974494436426,0.0033113987174284917,0.00010688079676332611
16983,679,8,20,29674,0.0059348,29688,0.0059376,0.00592,0.00015644067313370366,0.006032992880558216,1.7719974980840895e-05,0.00580154674180329,4.385512376917841e-05,0.005973632793359132,0.00017232010890855625,0.005973070135067663,0.000172288306534011
16983,679,9,20,48030,0.009606,47891,0.0095782,0.009655500000000001,0.00032721271047246456,0.00988978009140807,2.3228307008025713e-05,0.009573500765433406,7.011586339724796e-05,0.00970358267389106,0.00029669138855704724,0.009704557051226583,0.00029125833876924553
16983,679,10,20,72794,0.0145588,72882,0.0145764,0.014474500000000001,0.00040768247448228645,0.015331739904691194,3.096511779543234e-05,0.014810118354171464,0.00010388995461288659,0.014506319700302413,0.0003843948824296707,0.014508499345611556,0.0003842390976393269
16983,679,11,20,106145,0.021229,106542,0.0213084,0.021382,0.000420220493500608,0.022876946758177374,5.4075738662767914e-05,0.022057378129892318,0.00011131059759824529,0.021431066228075682,0.0003541192965361062,0.02142825946940973,0.00035773838947024785
16983,679,12,20,152503,0.0305006,152417,0.0304834,0.030181999999999997,0.00046215285691846025,0.033248945281273985,8.169289666039988e-05,0.03169157387562213,0.0002099314529980737,0.03025495034089399,0.0004735388656139137,0.03024512941702117,0.0004674372247283535
16983,679,13,20,215386,0.0430772,214774,0.0429548,0.042930499999999996,0.0006962642798308849,0.04758739714736618,0.00011650392116482026,0.04504434496000056,0.00027972585105596874,0.04302231552052486,0.0006551141403633062,0.04301186538145264,0.0006602460010866173
16983,679,14,20,302401,0.0604802,303441,0.0606882,0.06072999999999999,0.0006373960183516417,0.06762180407971892,0.0001194773505481676,0.06356599120214886,0.00030770778846880056,0.06083263274453212,0.0005818197304307486,0.06082828736936462,0.000597284866345452
16983,679,15,20,432919,0.0865838,432359,0.0864718,0.08650050000000001,0.0008493618347417003,0.0963026451879361,0.000114373881148336,0.0900369976940228,0.00043546483833912093,0.08656002304059902,0.0008350717645058816,0.0865643619588073,0.000845971263747505
16983,679,16,20,640304,0.1280608,640595,0.128119,0.1280195,0.0008116745199375125,0.13921506942426634,0.00018989472236295948,0.13117384421274414,0.0005075788120142159,0.12793978301951245,0.0008310248888824452,0.127960553144911,0.0008475144264759527
16983,679,17,20,1011024,0.2022048,1010917,0.2021834,0.2025305,0.0011769428506449265,0.20592600843635972,0.000248105039453449,0.20282766010155587,0.0006181531377061624,0.20223736736646342,0.0009645676851585581,0.2022799394980203,0.0009421298378579983
16983,679,18,20,1869301,0.3738602,1868329,0.3736658,0.37379850000000003,0.0014739216397081662,0.28781603940564315,0.00038536448115276614,0.3591723817117863,0.0006109147256522938,0.37331895163886064,0.00087476838509149,0.3736371944466283,0.0009652854481132992
16983,679,19,20,87690,0.017538,88052,0.0176104,0.0175505,0.0004474544963633615,0.060386973996408334,0.00020871915788468168,0.01816024048492932,0.000394950681616608,0.01782588266062121,0.0004431271878691172,0.017482709742918923,0.0004043679770750221
16983,679,20,20,2837,0.0005674,2866,0.0005732,0.0005740000000000001,6.125013426408486e-05,0.002001535357505531,3.460514597968597e-05,0.0006528571485234092,5.714974301870727e-05,0.0006278797004615156,6.45143479817085e-05,0.000615980411260864,6.374985942264979e-05
16983,681,1,20,0,0,0,0,0.0,0.0,3.248679284063652e-09,3.8248695945337283e-10,1.4278974288516846e-09,1.8071914388071756e-09,3.235446670121307e-09,3.737350481276274e-10,1.4256322055923506e-09,1.808047870090981e-09
16983,681,2,20,7,1.4e-06,8,1.6e-06,5.000000000000001e-07,2.23606797749979e-06,1.890289645410593e-06,5.405566434526031e-08,6.175835408377978e-07,1.464622377797789e-07,1.7314229623434949e-06,1.2240025717066848e-06,6.154236444450587e-07,1.449716525556475e-07
16983,681,3,20,248,4.96e-05,269,5.38e-05,5.1000000000000006e-05,2.2454632624823534e-05,8.978470913555855e-05,1.2219332142370535e-06,4.517443503766479e-05,2.3040780723949534e-06,6.725874679782098e-05,1.8396455264295594e-05,4.505399445615114e-05,2.2810223083550435e-06
16983,681,4,20,5386,0.0010772,5251,0.0010502,0.0010785,0.00011526970661521566,0.0013917393207975059,7.344846455874818e-06,0.0010932902891780982,1.4115407513894511e-05,0.0011094742896231601,0.00010236645398042911,0.0011090958940190346,0.00010272984918787215
16983,681,5,20,24683,0.0049366,24706,0.0049412,0.0049325,0.00016137158818603799,0.005219087306640274,1.6444996872275073e-05,0.004864474999849297,3.798500951621888e-05,0.00490966043536853,0.00015542845839753674,0.004909275450061033,0.00015357927036383786
16983,681,6,20,51784,0.0103568,52369,0.0104738,0.010392,0.00033653966685729775,0.010944813977922543,2.5051434019842318e-05,0.010417015405516128,7.487353047378607e-05,0.010340674871716828,0.0002649159013622548,0.010335673863901957,0.00026370594033583284
16983,681,7,20,85372,0.0170744,84936,0.0169872,0.0170385,0.0005001818090507325,0.018182142429151168,4.536504777061445e-05,0.017464231166350055,7.544257182350485e-05,0.016989081643762123,0.0003574537713635149,0.01698285424692146,0.00035923252594596806
16983,681,8,20,125448,0.0250896,125250,0.02505,0.025173,0.0005520879029933361,0.026737389422963186,5.4232619167251634e-05,0.025889182985182158,0.00011741654837259737,0.025145596298201872,0.00043593809261255556,0.02514266451960841,0.00042512696187806364
16983,681,9,20,172505,0.034501,173048,0.0346096,0.0344875,0.0005533522243657518,0.03648432816317403,5.2675101127357634e-05,0.03567301462031911,0.0001301446522228718,0.03447962911354509,0.0004930659138696639,0.03448309508717418,0.0004916154765515913
16983,681,10,20,227086,0.0454172,226506,0.0453012,0.045434,0.0005668323803104596,0.047362863741853396,7.261257632659067e-05,0.04670760509596661,0.00019796030367500025,0.04546437790432576,0.0004619396919199039,0.045470297780974646,0.000440028558693422
16983,681,11,20,286702,0.0573404,287675,0.057535,0.0575915,0.0006400104851114795,0.05930704053482749,0.00011027057522546664,0.05877946762479105,0.00018323990813607984,0.057665657311768925,0.000609269809796378,0.057657003203100535,0.0006049273550379474
16983,681,12,20,352465,0.070493,352887,0.0705774,0.07056,0.0009828101492524804,0.07223674072488089,0.00013445582824416136,0.07195004615027015,0.0003089213532578591,0.07065253773299586,0.0008233023829167974,0.07062866178349893,0.0008210693189058576
16983,681,13,20,425947,0.0851894,425636,0.0851272,0.0849085,0.0007236913779549374,0.08609075179067813,0.00015401276084236353,0.08602705071733419,0.00029058594289710355,0.0849571505232728,0.0006684876125611582,0.08493495207137089,0.0006562845692481024
16983,681,14,20,506573,0.1013146,507141,0.1014282,0.1010325,0.0010852109908846487,0.10070880952672887,0.0001256837145778701,0.10133992371122898,0.0003229844692013184,0.101034400356203,0.001034582615790967,0.10102509922489984,0.0010046454254441703
16983,681,15,20,593989,0.1187978,593383,0.1186766,0.118866,0.0009924578739568485,0.11579332712076147,9.462330732290422e-05,0.11741863411382285,0.00024316531210037624,0.11885490782136934,0.0009618251192246333,0.11885890031234561,0.0009646139739254166
16983,681,16,20,684887,0.1369774,685620,0.137124,0.13677250000000002,0.0009895712787816142,0.13056921615685507,0.00016221952167536912,0.13359121242087124,0.00033778506119141945,0.13676295474216643,0.0009038504550191734,0.13678267519818857,0.0008628685171407857
16983,681,17,20,762364,0.1524728,759463,0.1518926,0.152771,0.0008995314569848349,0.14198818717083928,0.00017893515133829765,0.1468838738862253,0.00035279770809479175,0.15273624313011647,0.0008415073216396611,0.15276578491262977,0.0007785410640751385
16983,681,18,20,679282,0.1358564,680351,0.1360702,0.13586700000000002,0.0008631161414805128,0.1329656769951823,0.0002281272768178844,0.138259229739642,0.00038036940642382095,0.13555112627203192,0.0007109636775714296,0.13566435975709382,0.0006827582297337588
16983,681,19,20,15050,0.00301,15245,0.003049,0.003,0.0001685854460847049,0.013654008758798302,6.90443556614119e-05,0.0035267030440615742,7.104325792719946e-05,0.003199176937280949,0.0001610022537260418,0.0031376643642010197,0.0001579144754669839
16983,681,20,20,222,4.44e-05,256,5.12e-05,4.35e-05,1.7252002172135512e-05,0.0002721986104862479,6.497076711213238e-06,6.92505829156995e-05,8.488137118335362e-06,7.83572110445879e-05,1.4358810977840899e-05,6.792082931230654e-05,8.201527785428332e-06
16983,682,1,20,0,0,0,0,0.0,0.0,2.8347337198619117e-25,1.8795027107135028e-25,6.188196049098787e-26,1.6971697306183762e-25,2.8347337198619117e-25,1.8795027107135028e-25,6.300864200368606e-26,1.7305831145586342e-25
16983,682,2,20,0,0,0,0,0.0,0.0,4.251792672846481e-20,1.4185180016549955e-20,7.551958414867741e-21,6.274559918940132e-21,4.251792672846481e-20,1.4185180016549955e-20,7.676108215797965e-21,6.389162347098329e-21
16983,682,3,20,0,0,0,0,0.0,0.0,6.063059349209221e-17,7.41801419414301e-18,3.8628963605151555e-17,1.993383363305544e-17,6.063059349209221e-17,7.41801419414301e-18,3.9286520953851814e-17,2.035682509956857e-17
16983,682,4,20,0,0,0,0,0.0,0.0,1.7903602254112437e-14,1.3743659536624213e-15,1.351679413556551e-14,1.5611929458036876e-15,1.7903602254112437e-14,1.3743659536624213e-15,1.3770850464719314e-14,1.5624333093750344e-15
16983,682,5,20,0,0,0,0,0.0,0.0,4.386815828225292e-13,1.3004722220531183e-14,3.7383011171204115e-13,2.7868861292817098e-14,4.386815828225292e-13,1.3004722220531178e-14,3.8105712828747395e-13,2.859066020829384e-14
16983,682,6,20,0,0,0,0,0.0,0.0,4.11285747736486e-12,7.340831503002463e-14,3.706057087451368e-12,2.5240813004595503e-13,4.11285747736486e-12,7.34083150300246e-14,3.776415325634246e-12,2.6457594170386687e-13
16983,682,7,20,0,0,0,0,0.0,0.0,2.5782548726489737e-11,5.702770848120698e-13,2.3044609421850917e-11,1.0805430475852872e-12,2.5782548726489737e-11,5.702770848120701e-13,2.3485507574671593e-11,1.175471442666688e-12
16983,682,8,20,0,0,0,0,0.0,0.0,1.3110100648654802e-10,2.671000328825846e-12,1.1797533229341325e-10,4.047828305340187e-12,1.3110100648654802e-10,2.671000328825846e-12,1.202579781774738e-10,4.4741889657199776e-12
16983,682,9,20,0,0,0,0,0.0,0.0,5.888698229736772e-10,8.977789999741516e-12,5.226201778916806e-10,1.7233895172062218e-11,5.88848329805715e-10,8.948921135941138e-12,5.32795335268065e-10,1.7640549203619943e-11
16983,682,10,20,0,0,0,0,0.0,0.0,2.475212572150119e-09,2.569065453927594e-11,2.395229873455916e-09,6.813529001434927e-10,2.4740722218407133e-09,2.4417139802595878e-11,2.440238195799062e-09,6.823057543872747e-10
16983,682,11,20,0,0,0,0,5.000000000000001e-07,2.23606797749979e-06,1.0154245262742796e-08,1.3393895134193602e-10,1.151919833714561e-08,1.2084349302380619e-08,1.280907228255622e-08,1.1925656475506234e-08,1.1751899857830029e-08,1.2373358874624534e-08
16983,682,12,20,0,0,1,2e-07,0.0,0.0,4.177992932854855e-08,6.728726729048893e-10,3.348736806521322e-08,3.5065603072332925e-09,4.140094004212698e-08,7.193864711952708e-10,3.413122290845394e-08,3.6557743319347454e-09
16983,682,13,20,2,4e-07,1,2e-07,0.0,0.0,1.8187240254846564e-07,3.0030685220647595e-09,1.6291383150399762e-07,4.7053038593064045e-08,1.762103968784494e-07,3.35233114021782e-09,1.6613730705539773e-07,4.8526198849438896e-08
16983,682,14,20,4,8e-07,9,1.8e-06,1.0000000000000002e-06,3.0779350562554625e-06,8.835978282081044e-07,1.1605271814102651e-08,7.526698701636596e-07,1.6370402425392926e-07,8.316936768570052e-07,1.0166445901544594e-07,7.668444532128797e-07,1.6502657116557593e-07
16983,682,15,20,10,2e-06,16,3.2e-06,5.5e-06,8.870412083230169e-06,5.2205720154432475e-06,1.6304365410059914e-07,3.721597170772942e-06,9.307305518020285e-07,4.829721900915833e-06,3.079772331269702e-06,3.793300852908724e-06,9.435255927752523e-07
16983,682,16,20,111,2.22e-05,94,1.88e-05,2.15e-05,1.4244112357114616e-05,4.467591446764462e-05,8.949135076967259e-07,2.0095144963742738e-05,3.3718793256001433e-06,2.879402006578955e-05,8.932742809759925e-06,2.0486315645538058e-05,3.4327719568977523e-06
16983,682,17,20,812,0.0001624,885,0.000177,0.00016,3.3245498310218444e-05,0.0006363874605430857,1.4389735835771557e-05,0.00016511223997005888,1.1782746160151449e-05,0.00020389564533205797,2.4853864250776824e-05,0.00020780559918375514,2.5136099086671046e-05
16983,682,18,20,13765,0.002753,14065,0.002813,0.002809,0.0001359140595337634,0.0132012721101673,0.00012443656223308353,0.0029162546410294215,7.229589401696201e-05,0.002981456741867769,0.0001319805028430572,0.0030415015989985377,0.00012955965447310886
16983,682,19,20,1325024,0.2650048,1326407,0.2652814,0.2650135,0.0014048198048897671,0.3367053949645087,0.0006441048560345533,0.29405578493822015,0.000881667551707942,0.2649359143676969,0.00110424050004757,0.26487184869453356,0.0009265432783050943
16983,682,20,20,3660272,0.7320544,3658522,0.7317044,0.731989,0.0013424482740206608,0.6494059283483569,0.0006589908166378771,0.7028380677854142,0.0008683130919448893,0.7318440441646769,0.0010767857442210587,0.731833405432434,0.0008682364964824428
16983,684,1,20,0,0,0,0,0.0,0.0,4.537955836461725e-20,1.90870879320267e-20,1.3993424493521218e-20,3.282043808532365e-20,4.537955836461725e-20,1.90870879320267e-20,1.4240040311671015e-20,3.344373662946576e-20
16983,684,2,20,0,0,0,0,0.0,0.0,8.934692483645849e-16,1.5713354292950967e-16,2.079706310072061e-16,1.4602161816929746e-16,8.934692483645849e-16,1.5713354292950967e-16,2.1133818034721228e-16,1.4868398802044487e-16
16983,684,3,20,0,0,0,0,0.0,0.0,4.3289015050085193e-13,2.848846141609728e-14,2.528347450926234e-13,7.598249141737864e-14,4.3289015050085193e-13,2.848846141609728e-14,2.5704819147850945e-13,7.78452735929198e-14
16983,684,4,20,0,0,0,0,0.0,0.0,5.422002497893532e-11,1.9386128290011627e-12,4.127013040017797e-11,2.5789301857654736e-12,5.422002497893533e-11,1.938612829001161e-12,4.203332076263364e-11,2.5630961676896945e-12
16983,684,5,20,0,0,0,0,0.0,0.0,8.066712502761219e-10,1.2481220912955024e-11,6.971606096731862e-10,2.907073870853855e-11,8.066712502761219e-10,1.248122091295501e-11,7.10361499550879e-10,3.052408357942723e-11
16983,684,6,20,0,0,0,0,0.0,0.0,5.106296019071608e-09,4.9443237307660394e-11,4.635457954179771e-09,1.375333296058519e-10,5.105969008235904e-09,4.9686391117367626e-11,4.721182409525592e-09,1.4581784114500658e-10
16983,684,7,20,0,0,0,0,0.0,0.0,2.2596664057483976e-08,2.667923567132805e-10,2.055214378427288e-08,6.023744976132825e-10,2.2582999484401937e-08,2.7835446701075356e-10,2.0935647262946737e-08,6.75367750143318e-10
16983,684,8,20,1,2e-07,0,0,0.0,0.0,8.263705219459095e-08,9.133638863002984e-10,7.5805780333843e-08,1.5617137780812667e-09,8.229257970751559e-08,1.2288541047592002e-09,7.723872843538678e-08,1.8334720519902417e-09
16983,684,9,20,1,2e-07,3,6e-07,0.0,0.0,2.697050194303198e-07,2.407935184370901e-09,2.46159006086407e-07,4.875580033207108e-09,2.6579282258288373e-07,5.268145396869107e-09,2.508519100461107e-07,5.1355465705459156e-09
16983,684,10,20,7,1.4e-06,6,1.2e-06,2.0000000000000003e-06,4.1039134083406175e-06,8.253275312758643e-07,5.110389914113166e-09,7.964243075134323e-07,1.3411848826275672e-07,9.463662328964876e-07,3.6656806471050537e-07,8.113113228742192e-07,1.335205749962903e-07
16983,684,11,20,17,3.4e-06,17,3.4e-06,1.5000000000000002e-06,3.6634754853252323e-06,2.4481359258774195e-06,1.6932691309189847e-08,2.2276858349778143e-06,1.8172677219450589e-07,2.4121427418270985e-06,4.86287460563489e-07,2.269702002345098e-06,1.870996858213922e-07
16983,684,12,20,54,1.08e-05,45,9e-06,6.5000000000000004e-06,8.12727700887249e-06,7.217789024728614e-06,5.8172340380960277e-08,6.227939104033598e-06,4.782858030534754e-07,6.791833512619471e-06,1.6193375751677567e-06,6.344576350427127e-06,4.989287683366022e-07
16983,684,13,20,122,2.44e-05,140,2.8e-05,2.5e-05,1.7013926184468015e-05,2.1965704359773127e-05,1.7684256384071042e-07,2.0524671236738286e-05,3.6047421432187014e-06,2.4284516632039602e-05,7.888761475724494e-06,2.091545400447252e-05,3.725707169158631e-06
16983,684,14,20,332,6.64e-05,334,6.68e-05,6.3e-05,2.1545545393788238e-05,7.170199326541979e-05,5.139280880053447e-07,6.361836649989261e-05,8.760206296084974e-06,6.996803304682997e-05,1.578361926438111e-05,6.481043207613893e-05,8.863954930434526e-06
16983,684,15,20,1080,0.000216,991,0.0001982,0.000202,3.914883879436743e-05,0.0002658385342124782,2.8379261189064058e-06,0.00021005814543120262,2.0493260140643637e-05,0.0002150783957019727,3.0036978769036433e-05,0.0002191906939594171,3.079426376118472e-05
16983,684,16,20,3474,0.0006948,3584,0.0007168,0.0006895,9.896703332024522e-05,0.0012683527484078554,1.2117412893460066e-05,0.0007284734294021658,7.312973311364596e-05,0.0007126113877088983,8.598355598901044e-05,0.0007262032025215939,8.763120304094078e-05
16983,684,17,20,15482,0.0030964,15611,0.0031222,0.0031235,0.00020301088900015092,0.008939349199635805,9.872977246727688e-05,0.0032767519839768887,0.00016292791382831585,0.0031773059154891576,0.00018105140725865754,0.003238067210545288,0.00018309580925473243
16983,684,18,20,120041,0.0240082,120110,0.024022,0.02399,0.0005027922035990615,0.08779739046078591,0.00040123164393566347,0.024414137854049726,0.00042689049354508975,0.02414102521838958,0.0004417049483460097,0.024619003039359388,0.0004494070242781336
16983,684,19,20,3523652,0.7047304,3521741,0.7043482,0.7046975,0.001233565115726301,0.5539003799126488,0.0006837820208677706,0.6756173735616915,0.0007989694033835376,0.7042371356104179,0.0009958138288394774,0.7037832285372101,0.000881950176859702
16983,684,20,20,1335737,0.2671474,1337418,0.2674836,0.2671995,0.0013689545569329053,0.34772414928784506,0.0006300178169699321,0.29565946204739324,0.0007570064790597885,0.2674120639444303,0.000978896908845908,0.2672996878013446,0.0008978423680561018
16983,687,1,20,31,6.2e-06,32,6.4e-06,6.000000000000001e-06,6.805570473787207e-06,2.0041014783968568e-05,5.486068231821159e-07,7.865000739807524e-06,1.5230214707584467e-06,1.1551682466157719e-05,3.099654277797613e-06,7.844843950750188e-06,1.5421971821616994e-06
16983,687,2,20,3515,0.000703,3542,0.0007084,0.0007115,7.849069673333402e-05,0.001617860540223092,1.3931627527143946e-05,0.0006592344973128259,2.7698955031819034e-05,0.0007618429579122293,5.978022680443615e-05,0.0007594002806287204,5.8859034035774416e-05
16983,687,3,20,52620,0.010524,52587,0.0105174,0.010571,0.00021356374618415575,0.019941090284792337,0.00011352329979481463,0.010014440572463146,0.00011415713023883733,0.010640356533643681,0.0002496231998044329,0.01061466814412274,0.00024443769811091637
16983,687,4,20,384290,0.076858,384316,0.0768632,0.07703750000000001,0.000988549575467965,0.08735803936037674,0.00017121402228841291,0.07697255514088704,0.0002157836896833364,0.07694527762473709,0.0007346629423925136,0.07693574260834275,0.0007298139367624435
16983,687,5,20,724488,0.1448976,723787,0.1447574,0.14508300000000002,0.0012927901282843515,0.13187566789856328,0.00021630461023112177,0.14619384255236206,0.00026460449468006676,0.1450060240366564,0.0009217057889435549,0.1450317699134176,0.0009999608067359025
16983,687,6,20,734611,0.1469222,734375,0.146875,0.146654,0.0011719232954960478,0.13582024525026298,0.00017007449368564004,0.14473492912682645,0.00038370005311116494,0.14656804321081182,0.001153323012604358,0.1465325436574076,0.0011082761799563602
16983,687,7,20,650405,0.130081,651822,0.1303644,0.1305045,0.0012776931309364148,0.12415407384344687,0.0001685923308640732,0.12856454190646996,0.00037030762574406816,0.13040503879182636,0.0010486988991989011,0.13038815755150795,0.0010153256342102337
16983,687,8,20,552329,0.1104658,551165,0.110233,0.110046,0.0007429273535357142,0.10800967922226412,0.00012759770785288345,0.10946247344323481,0.00043373811009507707,0.10996447894323194,0.000738654408761611,0.10997865315293501,0.0006950587864222105
16983,687,9,20,453893,0.0907786,455497,0.0910994,0.090948,0.0008158598950929328,0.0914467765608675,9.78227870113738e-05,0.09115141843327,0.00028862066678882095,0.09091758121507326,0.0007183283565531857,0.09094874082865625,0.0007278148769386453
16983,687,10,20,370830,0.074166,370521,0.0741042,0.0740875,0.0008777055914503233,0.0758898094471804,9.762964585541877e-05,0.07472459857735456,0.00028225759187074497,0.0741320266356252,0.0008444048389727317,0.074159517209367,0.0008105615475664015
16983,687,11,20,297382,0.0594764,298342,0.0596684,0.0595265,0.00046679506379025345,0.061831668860057934,0.00010054270046297586,0.060366319775843016,0.00022142558411396862,0.059634593986763976,0.0004543009844318315,0.059639901106066893,0.0004327806590555157
16983,687,12,20,236275,0.047255,235060,0.047012,0.04737,0.0007059223156902417,0.04934040597029381,7.543667835938411e-05,0.04795046636983089,0.00014688965325844079,0.04747041045026938,0.0005495139412489969,0.04746598956296301,0.0005647834766919707
16983,687,13,20,182144,0.0364288,182705,0.036541,0.036442999999999996,0.0005953070857261727,0.038350289014785655,5.502716980565857e-05,0.03724896938082784,0.00019370544928339046,0.036480669620343714,0.0005078700486889973,0.03648012855049456,0.0005204765087904774
16983,687,14,20,137508,0.0275016,136818,0.0273636,0.027175500000000002,0.00045087604785164166,0.028809666791603163,4.216350739241115e-05,0.027894234974203697,0.0001447949989303899,0.027184650188162223,0.00038678696549618666,0.02718883146928281,0.00039116538980603593
16983,687,15,20,98738,0.0197476,98755,0.019751,0.019697,0.00033642235359737915,0.020621174450799258,3.5002538960885844e-05,0.020070868687442678,0.00011259788152412615,0.01971925109684366,0.00037548437123879213,0.01972441991068605,0.00036186750680172226
16983,687,16,20,66291,0.0132582,65780,0.013156,0.0131995,0.00043857994530194005,0.013667250547936927,3.368018537561284e-05,0.01330763985133008,8.16256015686097e-05,0.013220861472146586,0.00039078912738241565,0.01322605476572718,0.00039366438478716145
16983,687,17,20,38441,0.0076882,38672,0.0077344,0.0076985,0.00026137843103539807,0.007900987565482668,2.5367457547026444e-05,0.007603989408456913,4.8185136593903e-05,0.007707091277707358,0.00021636123650415468,0.007710551568142725,0.000219898768316907
16983,687,18,20,16100,0.00322,16116,0.0032232,0.0032189999999999996,0.00019873017941552393,0.003286125830197157,1.3437183158932022e-05,0.0030540799274333128,3.081218396485522e-05,0.0031885966138914916,0.00012762144880277832,0.0031919910615714592,0.00012667962556999184
16983,687,19,20,109,2.18e-05,107,2.14e-05,2.2e-05,1.609184167275619e-05,5.88293726151924e-05,6.866586382537699e-07,1.746126235057156e-05,1.3626954569938546e-06,4.137301698854106e-05,1.2386888856434629e-05,1.713052529431074e-05,1.3510718028547666e-06
16983,687,20,20,0,0,1,2e-07,0.0,0.0,3.18173467734751e-07,1.6020376174655098e-08,7.111136122477723e-08,4.6640997645597206e-08,2.806448997728477e-07,1.513292792330225e-08,6.977395550384627e-08,4.5666822939048456e-08
16983,689,1,20,0,0,0,0,0.0,0.0,4.6579341516697975e-08,4.079570587911926e-09,2.0985775601332616e-08,2.2606093509475045e-08,4.4151252173678955e-08,3.161962331195345e-09,2.09547133176282e-08,2.2635738543049254e-08
16983,689,2,20,29,5.8e-06,41,8.2e-06,6.5000000000000004e-06,8.750939799154206e-06,1.637529798190933e-05,3.414562193941216e-07,5.653161743285828e-06,7.000981310951824e-07,1.0732784910430412e-05,3.7568006169136664e-06,5.63474548314983e-06,6.98593203606141e-07
16983,689,3,20,1580,0.000316,1578,0.0003156,0.0003035,4.0036167859100915e-05,0.0005448513058819061,5.870988488618459e-06,0.00026853858718200676,8.071712866441593e-06,0.0003508461763579424,3.3874185937163196e-05,0.0003499383863836517,3.3732887891725036e-05
16983,689,4,20,25133,0.0050266,25207,0.0050414,0.0049875,0.0002468085770069804,0.00602394485311105,2.3306605888628447e-05,0.004831475577846982,4.957238629841219e-05,0.0050120283487667975,0.0001713579563509795,0.005010542892103429,0.00017120746608497928
16983,689,5,20,83663,0.0167326,83088,0.0166176,0.0167935,0.00038073716586864024,0.01777993699245136,4.5426730276413724e-05,0.01698992058711004,8.103083614591026e-05,0.01678246646722356,0.00034555411907432335,0.016782519892152774,0.00034674995823906176
16983,689,6,20,146365,0.029273,146953,0.0293906,0.029181000000000002,0.0005472793955943387,0.0308356055090989,5.748363645821463e-05,0.029893598450998215,0.00013909830530672046,0.029206017667268092,0.0004099982012785091,0.029193963527867368,0.0004091507171917488
16983,689,7,20,209669,0.0419338,209595,0.041919,0.04195,0.00047351985452732557,0.04353706603068233,8.667733614129501e-05,0.04261302727105549,0.0001446778054086764,0.041989761893493106,0.0005294073048378861,0.04197694369592034,0.0005108836431823183
16983,689,8,20,271425,0.054285,272497,0.0544994,0.05454,0.0007244162804413088,0.05535874187520414,8.51965557229259e-05,0.054716772575278586,0.00021524213990549933,0.054540779996787046,0.0006004441627065998,0.05453835323442565,0.000583853615635056
16983,689,9,20,332882,0.0665764,331301,0.0662602,0.066031,0.0008893220362784945,0.06605724936889563,6.530242631238498e-05,0.06592677567893934,0.00019910896705551282,0.06603751511327846,0.0009417490572652884,0.06604870545390634,0.0009423359736803904
16983,689,10,20,384362,0.0768724,384834,0.0769668,0.077132,0.0007767313428382886,0.07550133359405889,9.885421704641605e-05,0.07601937655111042,0.00028658932226929216,0.07715736524567032,0.0007350278058473451,0.07717264737884164,0.0006917169658458628
16983,689,11,20,429237,0.0858474,429499,0.0858998,0.08582100000000001,0.0007194581294279741,0.08354818104191156,0.00013585630900913404,0.08453314286156163,0.00019002685273013882,0.08584028185416434,0.0007415264989004271,0.08583280394125523,0.0006751699659565806
16983,689,12,20,464237,0.0928474,463689,0.0927378,0.09339499999999999,0.0009455073825868932,0.09001575199556536,0.0001439877559041531,0.09146791865106625,0.000248473200914025,0.09341243092483797,0.0009208258338734253,0.0933873637357426,0.0009306547037419081
16983,689,13,20,488599,0.0977198,487956,0.0975912,0.097314,0.0006925878245658385,0.09466844483044726,0.0001391114860236493,0.09634401533360158,0.00023824283662319057,0.09734946106437878,0.0006478487929626648,0.0973308329313583,0.0006592450889037247
16983,689,14,20,500342,0.1000684,498481,0.0996962,0.099635,0.0011595393822321717,0.09717926609961028,0.00010607775964018492,0.09894663964271105,0.0002104182795792919,0.0996773102791236,0.001015177696482471,0.09967495256835723,0.0009876982860472401
16983,689,15,20,493399,0.0986798,493285,0.098657,0.098734,0.0007193666805271377,0.09703184363187224,8.442997618818178e-05,0.0986542590574875,0.00019429212295582197,0.09872025491787934,0.0007819969281115487,0.09873040970999972,0.0007980757617655828
16983,689,16,20,467512,0.0935024,468015,0.093603,0.09360650000000001,0.0010397128905312485,0.09323984982534075,0.00013781467774546171,0.09447399884096985,0.00022785523272361255,0.0935215346857184,0.0007967053139560143,0.09354158972144348,0.0007990521396995188
16983,689,17,20,408461,0.0816922,410601,0.0821202,0.081888,0.0007080559002612266,0.08361499711641084,0.00013887879767648058,0.08388282976708873,0.00024075596173687684,0.0817680637084601,0.000679052107722232,0.08178940787141067,0.0006502414894473577
16983,689,18,20,287241,0.0574482,287576,0.0575152,0.057503000000000005,0.0006820796372704203,0.06108652924159023,0.00012979581477998931,0.05938159656318133,0.00017944264358070862,0.057286394002982466,0.0005501223952530457,0.057337959526977234,0.0005212577559196029
16983,689,19,20,5770,0.001154,5720,0.001144,0.00116,8.540923159767487e-05,0.0039033504630219063,2.503968671278308e-05,0.001035996954547007,2.098926456431871e-05,0.0013079530130147567,9.137997477977748e-05,0.001283059448789865,9.223064049034334e-05
16983,689,20,20,94,1.88e-05,84,1.68e-05,1.85e-05,1.0399898784932577e-05,5.6634347521685474e-05,1.6069237443048124e-06,1.4442900744824507e-05,2.297219472957166e-06,2.875770443201403e-05,9.256982870138678e-06,1.4170551798080173e-05,2.2651743240082776e-06
16983,691,1,20,0,0,0,0,0.0,0.0,8.574186591674162e-08,6.657356710272256e-09,3.895967768928449e-08,3.9186510076400666e-08,7.946738583908332e-08,5.100223719510745e-09,3.890049883427014e-08,3.9243624516584764e-08
16983,691,2,20,62,1.24e-05,49,9.8e-06,9e-06,8.522416262267904e-06,2.5398179696018438e-05,4.828646048356371e-07,8.927070502496822e-06,9.977224903683071e-07,1.4743516722281268e-05,3.3401948880027815e-06,8.897733762185686e-06,9.93698611978397e-07
16983,691,3,20,1708,0.0003416,1775,0.000355,0.00032950000000000004,6.134243830206055e-05,0.0007642343504945667,7.752578096402482e-06,0.0003743284785564053,1.0596424033474557e-05,0.0003877400000608625,4.390860254505658e-05,0.00038675138291526575,4.386054970910044e-05
16983,691,4,20,31962,0.0063924,31960,0.006392,0.0063555,0.000257936650729348,0.007767632613176523,2.811352709347495e-05,0.006252677086993372,6.195414017617627e-05,0.00630639563034834,0.00024940764840933197,0.0063043434369645865,0.00024312821618211592
16983,691,5,20,102420,0.020484,101596,0.0203192,0.020411,0.00047764664323061447,0.021704049434142923,5.31074874618517e-05,0.020886924060325628,9.117450652456427e-05,0.020329239999515733,0.0003993927741805086,0.020329185461670986,0.00038844423556055814
16983,691,6,20,169895,0.033979,170170,0.034034,0.03419,0.0005311754591667931,0.03615070447928013,6.485957421318374e-05,0.035244944919377005,0.0001470790340178627,0.03420055441580806,0.0004946428012561713,0.03418656725829915,0.00048812322113218166
16983,691,7,20,235103,0.0470206,233546,0.0467092,0.046941,0.0006001394574772209,0.049404945343327684,9.438416248080684e-05,0.04857476646190027,0.00016035779222219054,0.04698835849031298,0.0005649472518071025,0.046974322354252605,0.0005447584766515931
16983,691,8,20,294418,0.0588836,294861,0.0589722,0.058885,0.0005511280298289654,0.06110033771205432,8.952362373921561e-05,0.060621444096940445,0.00022120522921290284,0.05898567198959649,0.0004938914649827775,0.05898373137118061,0.0005107711224176963
16983,691,9,20,347519,0.0695038,349596,0.0699192,0.0695585,0.0006970635778599736,0.07113630239552979,6.627799697930632e-05,0.07120345840934095,0.00019571366656450455,0.06970735502260875,0.0006994324161899959,0.06971953992673222,0.0006954651910036749
16983,691,10,20,398863,0.0797726,398457,0.0796914,0.079233,0.0009425893787021503,0.07948980265759384,0.00010186337040779464,0.08018257609404005,0.0002763068721451084,0.07932748248741343,0.0008371785310011461,0.07934375451431673,0.0008054672732208476
16983,691,11,20,436666,0.0873332,437850,0.08757,0.087508,0.0008942482876695952,0.08610432227687692,0.00013759121109554068,0.0872534753877999,0.0001905757554600726,0.08747935887179034,0.00085526913431223,0.08747313232686948,0.0008912158804027033
16983,691,12,20,469914,0.0939828,468427,0.0936854,0.0938125,0.001083803609127547,0.09086820089767308,0.00014258135478605876,0.09243055835708706,0.0002548233543388666,0.09368501999042037,0.0010289216652671373,0.09365998200607392,0.000993251615999986
16983,691,13,20,487276,0.0974552,487052,0.0974104,0.09792300000000001,0.0009872188473847012,0.09360445251640731,0.000133888920193377,0.09534181537404554,0.00023209232442984672,0.09777020937149007,0.0009185796243708444,0.09775179681062725,0.0008925651810240628
16983,691,14,20,489138,0.0978276,488728,0.0977456,0.0982315,0.000854482145420315,0.09405686143545529,0.00010203913591243901,0.09576496772256447,0.000199745121300988,0.0981018389940734,0.0007402643208160688,0.09810026805307281,0.0007257454825269622
16983,691,15,20,473999,0.0947998,474574,0.0949148,0.094687,0.0010962716720536781,0.0917921346916377,8.271910652244435e-05,0.09319853549504489,0.00019776692941013177,0.09463771887168092,0.0009912553141380083,0.09464777556114687,0.0009771366261828861
16983,691,16,20,437235,0.087447,437603,0.0875206,0.087295,0.0007346785906632552,0.08595419976427923,0.0001316161755400129,0.08683356812415771,0.00021039336705601825,0.08731255840603973,0.0006820496858678882,0.08733197658266875,0.0007058727297547913
16983,691,17,20,369265,0.073853,370410,0.074082,0.073978,0.0007806515497360282,0.07469338997132369,0.00013037869064694461,0.07455617764804366,0.00022321590281096024,0.07404377230629104,0.0007443181447395672,0.07406374035795135,0.0007441004399683648
16983,691,18,20,249900,0.04998,248681,0.0497362,0.0496875,0.0005947301466786611,0.05230770155645501,0.00011582911737995158,0.05045313186340718,0.00015775407135963117,0.04962473894282697,0.000466136533956945,0.04966963548652031,0.00043169752582356913
16983,691,19,20,4592,0.0009184,4607,0.0009214,0.0009515000000000001,8.928222549574853e-05,0.003034918382338228,2.0506510388684583e-05,0.0008076434811703735,1.767573757741469e-05,0.00107704087602124,7.03722210307399e-05,0.001056549491615974,7.128878916735387e-05
16983,691,20,20,65,1.3e-05,58,1.16e-05,1.35e-05,1.3484884325167862e-05,4.032560039186966e-05,1.2064808748082783e-06,1.0040909024906091e-05,1.886196286068599e-06,2.012234959319808e-05,8.550386221655609e-06,9.85241015402869e-06,1.8633230927095014e-06
16983,1070,1,20,33,6.6e-06,23,4.6e-06,6.000000000000001e-06,7.53937034925052e-06,1.1008794373945768e-05,3.5655324800102007e-07,4.332645993793419e-06,1.2002428583641778e-06,8.97289322290981e-06,4.637218193520751e-06,4.321900679928659e-06,1.2069860606236954e-06
16983,1070,2,20,1601,0.0003202,1659,0.0003318,0.0003275,3.322570343004123e-05,0.001066656084435092,1.0150240705283946e-05,0.0004133180158161479,1.872122219899277e-05,0.0003978128804023034,3.9657950704460465e-05,0.0003965693566781784,3.9600721275580644e-05
16983,1070,3,20,30749,0.0061498,30655,0.006131,0.0062594999999999994,0.0002698435219081412,0.014770604695338243,9.031858834154052e-05,0.007133770861844239,8.729094405117987e-05,0.006354066949686624,0.00020984542434687842,0.006338356655231562,0.0001986998034528576
16983,1070,4,20,292379,0.0584758,293112,0.0586224,0.058401499999999995,0.0005028369517050229,0.07176438689860962,0.00014969140511809367,0.06174069404495969,0.00017163084555273605,0.058269733718428876,0.0005310005297611934,0.0582617397747324,0.0005346782848115773
16983,1070,5,20,634516,0.1269032,634954,0.1269908,0.1272595,0.0011535732814994763,0.11661790468840785,0.00019673592891317093,0.1272151902985314,0.0002633861091112961,0.12714280142171544,0.0009239464159212775,0.12716263597815333,0.0008515992815590171
16983,1070,6,20,679154,0.1358308,679716,0.1359432,0.135689,0.0008897776185802372,0.12689172046435296,0.00016277284869193684,0.13460419556385234,0.0003384487514653784,0.13573989323446517,0.0007796242250189696,0.13570529794706027,0.0007666328255947781
16983,1070,7,20,636902,0.1273804,634791,0.1269582,0.1272545,0.0010836656845122834,0.1212147099875881,0.00016620790315755745,0.12569593913581295,0.00033294358551336987,0.1273031828965117,0.0009873440065757617,0.12728500782183474,0.0009723805652028227
16983,1070,8,20,563958,0.1127916,562989,0.1125978,0.11273150000000001,0.0010200530171979964,0.10943075646037075,0.00012514908300963843,0.11141666283956467,0.0004479215054027688,0.11278536045754288,0.0011032214413161131,0.11279839857858309,0.0010870657084912643
16983,1070,9,20,484519,0.0969038,484313,0.0968626,0.0969395,0.0011403530155175625,0.09569635907895055,9.577056255109166e-05,0.09603230271496273,0.00028888536535683713,0.09694648378270385,0.0009503886473422661,0.09697816607015296,0.0009430161172424735
16983,1070,10,20,408183,0.0816366,408968,0.0817936,0.0816865,0.0009964794607965962,0.08177039266493424,0.00010262431627269893,0.08108904275514638,0.00027129441948367793,0.08162091325412683,0.000868602203880484,0.0816508679741818,0.0009138419870005524
16983,1070,11,20,337901,0.0675802,337195,0.067439,0.067552,0.0008266902939464478,0.06845059224990818,0.00010853956594519957,0.06733237113543268,0.0002625414138555197,0.06746976838011078,0.0008500738814750407,0.06747469350414904,0.0008260900122679519
16983,1070,12,20,272823,0.0545646,273554,0.0547108,0.054407000000000004,0.0005260888458085869,0.056046441534304416,8.423580356396558e-05,0.05479565149207183,0.00016087581730539631,0.05436551121167328,0.0005589147277975197,0.05435919258102295,0.000529793968137771
16983,1070,13,20,216487,0.0432974,216088,0.0432176,0.043463,0.0008144168078091856,0.04466880444970092,6.208390603162562e-05,0.04364587103922626,0.0002117691085687838,0.04347161406765156,0.0007694070968390302,0.04347034374721612,0.0007813977922075458
16983,1070,14,20,165822,0.0331644,165684,0.0331368,0.032873,0.0005890232771738579,0.03440451789931464,4.839439993497262e-05,0.033476485297431954,0.00015696506870116594,0.03291075683983988,0.0005305494507737095,0.03291517934808701,0.0005244773753115804
16983,1070,15,20,121515,0.024303,122367,0.0244734,0.024407500000000002,0.0004714577058666585,0.025261692247895755,4.075007379618857e-05,0.02466483750680727,0.00013516286101244012,0.024428644493910013,0.0004371987678273056,0.024434939463056957,0.00043419981635899225
16983,1070,16,20,82846,0.0165692,82973,0.0165946,0.01664,0.00044878784109620166,0.017200224023718028,4.0974702892941514e-05,0.016774229856721883,9.151096559095852e-05,0.016633470914693724,0.00039641619796786494,0.016639749928432097,0.00040013699577042856
16983,1070,17,20,49062,0.0098124,49400,0.00988,0.009794500000000001,0.00033168588501139074,0.010241416517777168,3.157193359533533e-05,0.009851460097354246,5.7739770081800245e-05,0.00980650536755946,0.0002572878826240749,0.009810670232056198,0.00025847215314275866
16983,1070,18,20,21383,0.0042766,21389,0.0042778,0.0042735,0.00019162119979408937,0.004407023450422352,1.719611499794015e-05,0.004088850195892571,3.756864966301893e-05,0.00428706964506591,0.00015107328612158183,0.004291621955213257,0.00015102952506272505
16983,1070,19,20,165,3.3e-05,168,3.36e-05,3.35e-05,1.4964871146156006e-05,8.43187028370174e-05,9.613769586924658e-07,2.468906454300599e-05,1.6270057140759984e-06,5.693372096104658e-05,1.004859692992923e-05,2.4220067324805712e-05,1.5998439800721714e-06
16983,1070,20,20,2,4e-07,2,4e-07,1.0000000000000002e-06,3.0779350562554625e-06,4.6910676027919725e-07,2.325329936032975e-08,1.0543803409394886e-07,6.940288063443091e-08,5.038697278911531e-07,4.750726808160982e-07,1.0345427472055707e-07,6.795621701332479e-08
16983,1072,1,20,0,0,1,2e-07,0.0,0.0,3.4606071466590677e-07,2.1999641345553705e-08,1.5973244090509258e-07,1.44583853973619e-07,2.9630304113780527e-07,1.7332032202119524e-08,1.5948357125816715e-07,1.4482702764647817e-07
16983,1072,2,20,212,4.24e-05,212,4.24e-05,3.95e-05,2.1636956688426454e-05,7.647109948325015e-05,1.1987316614696146e-06,2.800414320786127e-05,2.50263027606405e-06,4.962261985574961e-05,1.3082511009825034e-05,2.7912162442810755e-05,2.4807637332309847e-06
16983,1072,3,20,5265,0.001053,5316,0.0010632,0.001068,8.495199883029921e-05,0.0018571174436522737,1.633594510005164e-05,0.0009130130261028374,2.1104513440939318e-05,0.001148664682287344,7.11872290623623e-05,0.0011458049951432684,7.184562205511189e-05
16983,1072,4,20,63488,0.0126976,63936,0.0127872,0.012653500000000002,0.00023718247472313256,0.015361411942878208,4.684406777758922e-05,0.01250971904395769,9.667207244681195e-05,0.01275488235172106,0.00023106989750705441,0.012751751350966237,0.00023321268761525564
16983,1072,5,20,177287,0.0354574,177718,0.0355436,0.035279,0.00043379476107583613,0.03701482992036821,8.051454163899399e-05,0.036458988520128965,0.00012982248622789397,0.03547364555388881,0.00043560537934855554,0.035475325033054374,0.00043092855745459303
16983,1072,6,20,270546,0.0541092,270641,0.0541282,0.0538115,0.0007481153513645933,0.05494459313071427,8.856800973158955e-05,0.05468859495988233,0.00015689133750751734,0.053964613405358505,0.0005739498394492699,0.0539449819101643,0.0005806452297194894
16983,1072,7,20,343354,0.0686708,343586,0.0687172,0.0686705,0.0007993252088316018,0.0682249878429372,0.00011595515304167873,0.06837421030690236,0.0002166361121919178,0.06874376774065682,0.0007057952849906196,0.0687263819919268,0.0007033646214693229
16983,1072,8,20,396982,0.0793964,395765,0.079153,0.0791245,0.0007274430706609508,0.0776450813191857,9.933550458180894e-05,0.07834354971860161,0.0002536489433404803,0.07913622303911674,0.0006515328673908611,0.07913694223599611,0.0006798169079344801
16983,1072,9,20,432432,0.0864864,431780,0.086356,0.086505,0.001207361193939734,0.08392292272634992,6.871815936636973e-05,0.08514411554188653,0.00019690747587591326,0.08643820924999704,0.001095542588817517,0.08645708064049758,0.0011066243172383544
16983,1072,10,20,451618,0.0903236,450830,0.090166,0.09045299999999999,0.0010932573251286129,0.08758656364378972,0.00010684333556237604,0.08905746773481749,0.0001793804356676832,0.09034108386464285,0.0011453994670897537,0.0903638547652386,0.0011572887539792345
16983,1072,11,20,456499,0.0912998,457421,0.0914842,0.0914565,0.0012382852107482732,0.0889858971027567,0.00013678561769292188,0.09048742565543602,0.0001838971800836429,0.09139465509262643,0.0010394636197299486,0.0913916187689322,0.0010421275017329233
16983,1072,12,20,451382,0.0902764,451082,0.0902164,0.090505,0.0008584594524955432,0.08832285847459957,0.00013285758600767368,0.08971971246667322,0.00023681668197220277,0.0904547171222341,0.0009477615197669109,0.09043446974465873,0.0009299933556225401
16983,1072,13,20,436745,0.087349,436593,0.0873186,0.0872525,0.0008968475490939307,0.08568478540093158,0.00011545151828631004,0.0867866144016436,0.0002001703366806019,0.08716790146201045,0.0007751885967695583,0.0871551825487514,0.0007621268790033675
16983,1072,14,20,409675,0.081935,410574,0.0821148,0.0818955,0.00061744358361503,0.08110581746328983,8.891696728197464e-05,0.08189556307687461,0.0001479019046545596,0.08179483465000945,0.0004929964999496485,0.08179698474838651,0.000491332448118054
16983,1072,15,20,372499,0.0744998,372368,0.0744736,0.074726,0.0011304745161121272,0.0744808750330449,7.487346746417666e-05,0.07486269138953061,0.0001634084003892228,0.07464014235949414,0.0008484931842278333,0.07465127792485292,0.0008494859418828775
16983,1072,16,20,320976,0.0641952,321067,0.0642134,0.064385,0.0006024642378554408,0.06542999931537433,0.0001094129956941124,0.06527778073230142,0.0001903928813154262,0.0643348722037237,0.0006192983784021301,0.06435139139416221,0.0005836410272918324
16983,1072,17,20,252995,0.050599,252358,0.0504716,0.050407999999999994,0.000773206583684226,0.05306866740933765,0.00010314328088700384,0.05217179145644259,0.00017019718351827872,0.05036062871860379,0.0006722674301348179,0.05037635676342801,0.0006772087273267555
16983,1072,18,20,156016,0.0312032,156723,0.0313446,0.0313815,0.0006222478352080084,0.03445962451642255,8.227951133097031e-05,0.032798753868802925,0.00011319156915507612,0.031249726548445683,0.0004428090782651106,0.03127941902688821,0.0004383609718719835
16983,1072,19,20,2009,0.0004018,2004,0.0004008,0.00038050000000000003,5.47217843661053e-05,0.001803368694112216,1.258054261402897e-05,0.0004758776206846018,1.1135735407940632e-05,0.0005395067188504096,5.423010975030483e-05,0.0005291581137086061,5.2802184827349904e-05
16983,1072,20,20,20,4e-06,25,5e-06,5e-06,7.6088591025268225e-06,2.3781460057760308e-05,7.035883616425555e-07,5.966603682304165e-06,1.1263587110682757e-06,1.2006313436260766e-05,3.2841476189497312e-06,5.854413587222018e-06,1.1085371024914432e-06
16983,1263,1,20,0,0,4,8e-07,2.0000000000000003e-06,5.23148363780597e-06,7.902263816008997e-07,4.214344996937853e-08,3.7260794100777613e-07,3.056433154535696e-07,1.2143439212084024e-06,1.885764151995809e-06,3.7200707092728013e-07,3.062443332442156e-07
16983,1263,2,20,366,7.32e-05,344,6.88e-05,6.450000000000001e-05,2.3050288273114595e-05,0.00014072928810873685,1.9782294717066858e-06,5.170992352087227e-05,3.910627413491995e-06,8.288049144311693e-05,1.8370211722514316e-05,5.154224032640652e-05,3.880167700714694e-06
16983,1263,3,20,8136,0.0016272,8299,0.0016598,0.0016455,0.00014823434505077283,0.0030356612203411124,2.487255644028754e-05,0.001470657113983289,3.0677884702902284e-05,0.001710375751590811,0.00012911816070356537,0.0017061280100201467,0.00012889392934319093
16983,1263,4,20,92285,0.018457,92723,0.0185446,0.018467,0.00041235013226498105,0.022688185055626486,6.39980992220839e-05,0.01855495814510139,0.00013461086632821851,0.018484046716550125,0.00035033074964803325,0.018479985112058242,0.0003421068513836277
16983,1263,5,20,247305,0.049461,247583,0.0495166,0.049264,0.0005466780058729844,0.05086805109245608,0.00010470125441527804,0.050953415940601834,0.00018492440101322685,0.04928214837942467,0.0004672997916222027,0.04928635679342762,0.00046677887795834626
16983,1263,6,20,359495,0.071899,358070,0.071614,0.07204350000000001,0.0007521917098858859,0.07126323870849964,0.00010889781980730281,0.07195485533798598,0.00019764449300581778,0.07216091784207963,0.000710573875872161,0.07213716985835925,0.0007061104142335763
16983,1263,7,20,431461,0.0862922,430719,0.0861438,0.0859145,0.0008686800331537501,0.08409242324252439,0.0001345592566757534,0.08516488706725148,0.00024528375806903095,0.08603457024826712,0.0008153562070154294,0.08601581733221855,0.0007968843417600586
16983,1263,8,20,473022,0.0946044,474007,0.0948014,0.09481049999999999,0.0009808668293107405,0.09127219361454028,0.00010929710826483489,0.09288028551475545,0.0003355230546788867,0.0947890737224876,0.0009332969319816207,0.0947927231721731,0.0008889030567550709
16983,1263,9,20,490334,0.0980668,490682,0.0981364,0.098325,0.0009440088090579167,0.09422650164992497,7.512347132483324e-05,0.09613001410054019,0.00021583058010210055,0.09820962038700834,0.0008508217693382281,0.09823448224944864,0.000848296302200549
16983,1263,10,20,488074,0.0976148,486587,0.0973174,0.097124,0.0009811132237895579,0.09392136484494515,0.00011260939123470992,0.09567348761011493,0.0001731860043465353,0.09707908925010307,0.0009060955303188931,0.0971070869025497,0.000921075349486382
16983,1263,11,20,466250,0.09325,466486,0.0932972,0.09337799999999999,0.0008604931266736718,0.09101166745751411,0.0001373350335906118,0.09248942997048472,0.0002165183416221396,0.09343849245776215,0.0007238294721622088,0.09343879568214827,0.0007267819415346224
16983,1263,12,20,434120,0.086824,435485,0.087097,0.086973,0.0006887601369967555,0.0859238862661775,0.00012585738674200658,0.08688908486748573,0.00022819578052756434,0.08705551229954124,0.0006581042200915614,0.08703921612994847,0.0006351971978685879
16983,1263,13,20,392395,0.078479,393688,0.0787376,0.07836950000000001,0.0007568318661923605,0.07892865562081544,0.00010245537498731855,0.07930531390092689,0.0002183351343582825,0.07840584162816076,0.0006932780858630887,0.07839707441714623,0.0006570738357893962
16983,1263,14,20,346544,0.0693088,345725,0.069145,0.069189,0.0009157792195433181,0.07026194260432607,8.075496420332033e-05,0.07024241027875366,0.0001800341610299432,0.06913408092894494,0.0007510537734961237,0.06913869421536825,0.0007754703748155348
16983,1263,15,20,291261,0.0582522,291054,0.0582108,0.058437499999999996,0.0005522096760432487,0.060046817769185856,7.051666741367198e-05,0.059616318045015014,0.0001460479598361718,0.0582841785475884,0.0005453574388604255,0.05829502212328117,0.0005476892679516069
16983,1263,16,20,230302,0.0460604,229773,0.0459546,0.04614,0.0006849125952688375,0.0482424209771623,9.202391390382332e-05,0.04745474534592947,0.0001754196509948156,0.046008889535949955,0.0006433461253575218,0.046022325787808224,0.0006214479763437827
16983,1263,17,20,161931,0.0323862,161883,0.0323766,0.032438,0.0004929246766414781,0.03469471799099174,8.140633165610691e-05,0.033547464969881924,0.00013890200257425862,0.032397943474426455,0.0003542250157361429,0.03240904924670076,0.00033826209239059396
16983,1263,18,20,85865,0.017173,86039,0.0172078,0.0172385,0.0004494707413930535,0.01878935503809894,5.484772951458913e-05,0.01746224285476341,7.447587769511343e-05,0.017182457740491014,0.00033890177906780204,0.017199822304669866,0.0003585874423466822
16983,1263,19,20,847,0.0001694,840,0.000168,0.0001745,4.465953072089457e-05,0.000586922936749179,5.4615261885591475e-06,0.0001573862135629837,5.048253365059807e-06,0.0002556211293949153,4.8329805690845364e-05,0.0002493527572156142,4.9312942960782664e-05
16983,1263,20,20,7,1.4e-06,9,1.8e-06,1.5000000000000002e-06,4.89360484929593e-06,4.474395630992959e-06,1.8480700538636893e-07,9.60191400345328e-07,3.3576077212939887e-07,3.0451248650626387e-06,1.2032658005536565e-06,9.422841380183336e-07,3.298827171160132e-07
16983,1462,1,20,0,0,0,0,0.0,0.0,6.113897679201458e-08,4.73542434348179e-09,2.733532063633587e-08,2.707557280065297e-08,5.791223549330607e-08,3.6559072479875126e-09,2.729122320413572e-08,2.710942285011495e-08
16983,1462,2,20,41,8.2e-06,46,9.2e-06,8.000000000000001e-06,1.0052493799000694e-05,1.8161657989541208e-05,3.4910916172312294e-07,6.389596519709363e-06,8.568511572923986e-07,1.3254020180044188e-05,5.953944117927028e-06,6.368661969855439e-06,8.539703340778858e-07
16983,1462,3,20,1577,0.0003154,1565,0.000313,0.000301,6.46366361813647e-05,0.0005544542368550793,5.708922592875509e-06,0.0002763299557760544,8.561736131129496e-06,0.0003407564599886751,4.5287665580379536e-05,0.00033984717117150514,4.494543610679345e-05
16983,1462,4,20,23340,0.004668,23038,0.0046076,0.0046045,0.0002534078260744711,0.005780537576052632,2.1612315006765893e-05,0.0046571370897482,4.6310941004181405e-05,0.004602208851090678,0.00016626243089585223,0.004600768042436035,0.00016487229695618614
16983,1462,5,20,77899,0.0155798,77907,0.0155814,0.0156465,0.0003665956470296019,0.016580233337558793,4.165249675668354e-05,0.015873963865648183,7.923453663541771e-05,0.015564635482250936,0.00034674259963777496,0.01556440396112221,0.0003398677645667533
16983,1462,6,20,136943,0.0273886,135923,0.0271846,0.027395999999999997,0.0006285522211692854,0.02835107231655563,5.2544297553189015e-05,0.027496908360341205,0.00014418745588325657,0.027295153363091063,0.0005280729122095427,0.02728358016186646,0.0005211070187084322
16983,1462,7,20,192125,0.038425,193026,0.0386052,0.038674,0.0005408414496728325,0.03979414278190855,7.919867967202333e-05,0.038921480020257034,0.00012218597545048847,0.03855726917759833,0.0005750115193963537,0.03854580440810338,0.0006007142107261415
16983,1462,8,20,247178,0.0494356,247096,0.0494192,0.049393,0.0004922675780721826,0.050583336648219124,7.835662283607454e-05,0.049912046504292616,0.0001988823974747049,0.04930153567526986,0.0005177884948082866,0.04929885558178766,0.00048627311555272165
16983,1462,9,20,299183,0.0598366,299295,0.059859,0.059897500000000006,0.0007024683922464147,0.060595610316944104,6.118869534004884e-05,0.06036849822037503,0.00018416810467099864,0.05984554030280261,0.0006204662316490382,0.05985510572016929,0.0006052686275212693
16983,1462,10,20,347741,0.0695482,348379,0.0696758,0.06945799999999999,0.0007399331406495985,0.06978262717471699,9.224604420996324e-05,0.07009380762956027,0.00027246616476523126,0.06945596098120499,0.0006720782250607735,0.06946938982631364,0.00065140673149909
16983,1462,11,20,392810,0.078562,392304,0.0784608,0.07852050000000001,0.0008905082818256101,0.0780716854870013,0.00012878723196560162,0.0787922002541667,0.00018011797391318302,0.07857681245176809,0.000861691801322372,0.07857005748141632,0.0008763485120450516
16983,1462,12,20,432169,0.0864338,432540,0.086508,0.08633650000000001,0.001128819947415978,0.08534842846121128,0.0001395590061709893,0.08648028885270273,0.0002607179922078018,0.08643156759524431,0.0011689333173005283,0.08640755195207132,0.0011585670446428
16983,1462,13,20,467142,0.0934284,465728,0.0931456,0.093392,0.0011189355844306967,0.09145960781241583,0.00013898852636076738,0.0929109428175628,0.00025511294559995185,0.093462125684473,0.00105902135515462,0.09344376416917781,0.0010806635898451872
16983,1462,14,20,490970,0.098194,493333,0.0986666,0.0982645,0.0008438724959812846,0.09616887156453671,0.00010684896230018544,0.09785669591093768,0.00019657455779803872,0.09829644133875323,0.000828775406735099,0.09829350354345485,0.0008049742990409693
16983,1462,15,20,508998,0.1017996,508160,0.101632,0.101768,0.0011260952563241673,0.09908072432469785,8.272058562577928e-05,0.10088726159309162,0.00017548979009005683,0.10180688085006528,0.0009678871552607405,0.10181672615160939,0.0009902943526293448
16983,1462,16,20,509312,0.1018624,509893,0.1019786,0.101903,0.0010183428230528054,0.09937875211944126,0.00013877456178101297,0.10115175801644946,0.00023879675179044955,0.10191473147187544,0.001007988932618063,0.10193537557082,0.0009555222276042392
16983,1462,17,20,482137,0.0964274,482232,0.0964464,0.0964155,0.0008044970642058241,0.09493357948983498,0.00014285198734895928,0.09613961438783722,0.00024991638791575555,0.09636900741279164,0.0007383259673821206,0.09639364222866229,0.0007223260631335661
16983,1462,18,20,381304,0.0762608,380306,0.0760612,0.076166,0.0008843278744185808,0.07687481419825823,0.00014791977338279985,0.07639327331157737,0.0002112914608779434,0.07609656833579817,0.000568368230378264,0.07616447668675,0.0005085530312301747
16983,1462,19,20,8960,0.001792,9066,0.0018132,0.001822,0.00013296616110875732,0.006515458328769552,3.529360634468202e-05,0.0017451392180157783,3.179877426560599e-05,0.002015530074532055,0.0001342930563619543,0.0019769773103776003,0.00013316804164470984
16983,1462,20,20,171,3.42e-05,163,3.26e-05,3.35e-05,2.0844032340469213e-05,0.00012784102805544416,2.9813301718374547e-06,3.623705981935062e-05,4.5957561734461164e-06,5.3962558985791726e-05,1.101961397960882e-05,3.555134559313652e-05,4.519734986784191e-06
16983,1648,1,20,2,4e-07,1,2e-07,0.0,0.0,8.728478525876474e-07,4.6075391317948815e-08,4.0945443638703064e-07,3.3393342793673084e-07,6.934993592732453e-07,2.714323204737469e-08,4.0877701780563497e-07,3.345554455098888e-07
16983,1648,2,20,279,5.58e-05,264,5.28e-05,5.1000000000000006e-05,3.0418138632972546e-05,0.00015221936150992967,2.0872819006547297e-06,5.614155309757586e-05,4.351652912982449e-06,7.436300628302177e-05,2.0571582108237372e-05,6.168334528013589e-05,1.9427677115089484e-05
16983,1648,3,20,8499,0.0016998,8396,0.0016792,0.0016605,0.00010801924779749602,0.0031925026753700436,2.5640573422887453e-05,0.0015543881534013843,3.274445203847434e-05,0.001754899046510934,0.00010856987708757551,0.001750210912908964,0.00010381947130646161
16983,1648,4,20,93784,0.0187568,93981,0.0187962,0.0185735,0.00044766381888292273,0.023191972732121268,6.415708195430696e-05,0.019020318956144457,0.00014064512672248047,0.018655609513604794,0.00042002717556587305,0.018651199283909202,0.00041996951393282074
16983,1648,5,20,245415,0.049083,245255,0.049051,0.049239,0.0007072697691233453,0.05103056497659773,0.00010376743632497464,0.05116249861415947,0.00018916544385952797,0.04922909221076962,0.0006053050155600117,0.04923207921777116,0.0006034144421030285
16983,1648,6,20,346740,0.069348,347316,0.0694632,0.06975050000000001,0.000881030945152207,0.07062873131168132,0.00010715371956791804,0.07129427600279173,0.00019808189050167947,0.06959803113502251,0.0006917652960850223,0.06957367321548351,0.000712687540432126
16983,1648,7,20,414883,0.0829766,416757,0.0833514,0.0834495,0.0008418555633086269,0.08270717974749378,0.00013165758882201085,0.08373510179687137,0.00024258096430616882,0.08327365678312781,0.0007258534973682809,0.08325397954251253,0.0007668977726340865
16983,1648,8,20,456072,0.0912144,458257,0.0916514,0.0916695,0.0011239988527808357,0.08937981202018958,0.00010672137144883073,0.09093245465369969,0.00033331123641558143,0.09157626262642884,0.0010904599247682997,0.09157769088339342,0.0010683424414229105
16983,1648,9,20,478370,0.095674,476754,0.0953508,0.0953045,0.001045589609540449,0.09212030290478597,7.348916266230398e-05,0.09397597277410878,0.00021282954641529787,0.09523997196983496,0.0010056139458299866,0.09526182458120391,0.0010108324785825518
16983,1648,10,20,477459,0.0954918,477622,0.0955244,0.095311,0.0008568848107811054,0.09188771350274208,0.00011015798866024411,0.09362549058682193,0.00016408072119635314,0.0952268268569743,0.0008342808676624542,0.09525188110432203,0.0008394731202431697
16983,1648,11,20,463214,0.0926428,460808,0.0921616,0.092366,0.0009737523731475709,0.08930892151966736,0.00013513580881585065,0.09080014152041524,0.00021220523797363709,0.09231491008408313,0.0009276510662796935,0.09231293556486221,0.0009273890092718777
16983,1648,12,20,434587,0.0869174,434329,0.0868658,0.0866255,0.0009656766103564244,0.08477367658011963,0.0001247963604817673,0.08579016384840321,0.00022514887478679296,0.08666915015319938,0.0007824981148924966,0.0866513584222468,0.000826032602373844
16983,1648,13,20,395361,0.0790722,395763,0.0791526,0.079179,0.0007282849355632886,0.07851400839694575,0.0001025926027072449,0.07897478105159036,0.00021414034406448497,0.07927842933909417,0.0006341839153275772,0.07926797864182751,0.0006410052488554257
16983,1648,14,20,353564,0.0707128,351965,0.070393,0.0707135,0.0006682677922100262,0.07071658698562173,8.029329614572983e-05,0.0707999459910177,0.00017561183968399535,0.0707877747660498,0.0006498165505855021,0.07079017836467982,0.0006111164201275809
16983,1648,15,20,302568,0.0605136,302620,0.060524,0.060387,0.000556966407377832,0.061444173994189055,6.941161053913223e-05,0.06111711837552978,0.00014808551698366226,0.06041883417834924,0.0004932192206018035,0.060428455369426794,0.00047743247444092477
16983,1648,16,20,245131,0.0490262,245542,0.0491084,0.049139,0.0007057724398431167,0.05056776273795995,9.294132953477504e-05,0.0498728100489467,0.00018129500768662238,0.04917797951691717,0.0007160031442442214,0.04919128552720593,0.0007045076692145087
16983,1648,17,20,180825,0.036165,181145,0.036229,0.0359345,0.0007221420985694687,0.037745804453589424,8.354525609562841e-05,0.03664014088441698,0.00014706964922175884,0.03599575520622393,0.0005263692801548014,0.036007138178476325,0.0005077717775896905
16983,1648,18,20,102235,0.020447,102107,0.0204214,0.0204225,0.00034174282420372314,0.021786211953163444,5.915561114674758e-05,0.02042171007204021,8.205192582947764e-05,0.020396965091036008,0.00031754762661763105,0.020416737936656527,0.0003248670988791674
16983,1648,19,20,1001,0.0002002,1100,0.00022,0.0002225,3.823404379951403e-05,0.0008426726417447161,6.918211023426002e-06,0.0002242175829912121,6.631670557474033e-06,0.0003256237750675845,3.112431514188616e-05,0.00031936939587125154,3.0123075138809192e-05
16983,1648,20,20,11,2.2e-06,18,3.6e-06,1.5000000000000002e-06,4.89360484929593e-06,8.308656654848272e-06,2.923548382640604e-07,1.918079116038621e-06,5.511490307225959e-07,5.171242063737912e-06,2.391135647379824e-06,1.8821467198034746e-06,5.414985140526547e-07
16983,2051,1,20,1,2e-07,0,0,0.0,0.0,2.6784835496102924e-08,2.5098015979159497e-09,1.1891380922872976e-08,1.3251456645174418e-08,2.6065527784425365e-08,2.59398891097162e-09,1.1873158978348856e-08,1.3265280643081553e-08
16983,2051,2,20,17,3.4e-06,19,3.8e-06,2.0000000000000003e-06,4.1039134083406175e-06,1.0380630839029659e-05,2.2780594643855987e-07,3.5328978661281846e-06,5.376726487537588e-07,6.92716944413146e-06,2.251055791595541e-06,3.5213051303454813e-06,5.356755773469123e-07
16983,2051,3,20,1062,0.0002124,1119,0.0002238,0.0002215,3.815136060207386e-05,0.0003655925533405919,4.085904211101021e-06,0.00018275583020433114,6.202629641461751e-06,0.00025255019947531776,3.209656276039678e-05,0.00025191263895314134,3.2189886994307084e-05
16983,2051,4,20,18236,0.0036472,18164,0.0036328,0.0036339999999999996,0.00016314023673547016,0.004265356872385486,1.737731448326875e-05,0.0034160375904353883,3.4760048331312706e-05,0.0036257621933695706,0.00013351370480894524,0.0036246300448108774,0.0001336116401447972
16983,2051,5,20,62328,0.0124656,62487,0.0124974,0.012588499999999999,0.000334353657705509,0.013117184865066073,3.477987085836544e-05,0.012470242508917335,6.823750594213642e-05,0.012501373500743037,0.0002479335670033347,0.012501273397895866,0.00025284232927133543
16983,2051,6,20,114364,0.0228728,113548,0.0227096,0.0227605,0.0005246700717694181,0.023568031546215756,4.5750778747133064e-05,0.022753970860478992,0.0001287581347068244,0.022718915681582436,0.0003905134333682384,0.02270906403969509,0.000384422151368785
16983,2051,7,20,167662,0.0335324,167954,0.0335908,0.0336175,0.000448340507344938,0.03438704412152975,7.185016180475134e-05,0.033517654229566284,0.00010008940031081474,0.0336377932753467,0.0003866387377153287,0.03362733129870164,0.00040493959938149967
16983,2051,8,20,223688,0.0447376,223823,0.0447646,0.0446725,0.0006284305848699599,0.0451353798237827,7.402203095298807e-05,0.04439461754322576,0.00017867450466962944,0.044708018417387134,0.0005873280988572502,0.04470550047713708,0.0005940354564577373
16983,2051,9,20,277771,0.0555542,277864,0.0555728,0.055696,0.0008110448102358625,0.05558750040039952,6.0273392017515675e-05,0.05522696060279492,0.00017035707706369039,0.055693191667334996,0.0007073612940813228,0.05570170728423031,0.0007101535023247744
16983,2051,10,20,329236,0.0658472,330018,0.0660036,0.0662845,0.0008640630764012549,0.06561952857413922,8.909002415101908e-05,0.0657331552360815,0.0002588572640421386,0.06623176249186909,0.00066491335979348,0.06624381291598716,0.0006364565260615193
16983,2051,11,20,379792,0.0759584,379184,0.0758368,0.075876,0.0007632437701230048,0.07510156448251655,0.00012648529521729556,0.07556971432655611,0.0001781486869946051,0.0758612482780746,0.0006494125354292107,0.07585368064197093,0.0006335035800010856
16983,2051,12,20,423461,0.0846922,424413,0.0848826,0.084205,0.0009329720478692093,0.08387639001578526,0.000140204604675079,0.08471901971890793,0.0002814879779397374,0.08423824371124845,0.0009362767797218214,0.08421340402957632,0.0008653813499681061
16983,2051,13,20,464993,0.0929986,466147,0.0932294,0.0934035,0.0010018418564140545,0.09176141826023129,0.0001435822471775948,0.09298262843518522,0.0002718939034438527,0.09340530216953509,0.0009495555337666029,0.09338542053401735,0.0009122604219401622
16983,2051,14,20,501967,0.1003934,501416,0.1002832,0.100624,0.0012333284020764384,0.09848481905144109,0.00011109867775721777,0.10008412705473646,0.0002039510887224527,0.10055359486359856,0.0010884991055625825,0.1005500904285292,0.0011189771262934372
16983,2051,15,20,530714,0.1061428,530229,0.1060458,0.10606750000000001,0.0009671655548696494,0.10361426041723494,8.497665609597667e-05,0.10551228746040901,0.00017585769536368625,0.10598296453041704,0.0007718554965439595,0.10599185091692107,0.0007597424217784677
16983,2051,16,20,547290,0.109458,547025,0.109405,0.1092455,0.0009434565507525498,0.10627374138719245,0.00014454765602047907,0.10842538525845798,0.00023751092293730638,0.10925042674043603,0.0008056936877341531,0.10927193734099436,0.0008000325485509444
16983,2051,17,20,531665,0.106333,530947,0.1061894,0.10600449999999999,0.0010926909082867985,0.10410105059618228,0.00015093019917208797,0.10597990418794515,0.0002693168722250561,0.1060896886124365,0.0009720813855059599,0.10611544267823451,0.0009230710923400006
16983,2051,18,20,415852,0.0831704,415942,0.0831884,0.083158,0.0008468306237159567,0.086843117025977,0.00016286343627376342,0.08693291743645455,0.00023747966603869327,0.08308133651314116,0.0006129530272133032,0.08315506901553,0.000611161639014131
16983,2051,19,20,9687,0.0019374,9495,0.001899,0.0018885,9.387982239348121e-05,0.00773184724555334,4.095037439408412e-05,0.002051008561972386,3.4491342928881295e-05,0.00209306057624198,6.657694824680998e-05,0.0020528673188615577,6.353241372437431e-05
16983,2051,20,20,214,4.28e-05,206,4.12e-05,5.05e-05,2.3050288273114595e-05,0.0001557653453520798,3.5833169184851523e-06,4.406836842349401e-05,5.7476838790053004e-06,6.781334279022659e-05,1.695122927066778e-05,4.323095763695514e-05,5.624287881426773e-06
16986,176,1,20,269511,0.0539022,269732,0.0539464,0.0536205,0.0007332370550833938,0.07579740544834387,0.00020156500426656693,0.05507200340357353,0.0003220504570429237,0.053810345530870815,0.0005336951249154127,0.053757151602863186,0.0004955480343401725
16986,176,2,20,770164,0.1540328,770862,0.1541724,0.154195,0.0013199780699932695,0.15002690401543348,0.00024502105039024395,0.15732906483703385,0.0005784123751018909,0.15433083515565668,0.0010739523331180052,0.154337896796715,0.0011057175484609856
16986,176,3,20,985984,0.1971968,985821,0.1971642,0.1968485,0.0013247691953893795,0.17507654590751734,0.00025439427956169353,0.1925353574113491,0.0005484026274574637,0.1968475297852603,0.0011903905995136496,0.19683997743075607,0.0011906598968922286
16986,176,4,20,921459,0.1842918,921088,0.1842176,0.184677,0.0011218598280017932,0.1683872596868943,0.00019224688152540235,0.17905316054038128,0.0004557241113480996,0.1845053124259937,0.0011029811612976493,0.1844696469491209,0.0011347961956526351
16986,176,5,20,748420,0.149684,749065,0.149813,0.149903,0.0009336803239698402,0.14595384481111198,0.0001715898336512105,0.1476336196056624,0.00042541620708279364,0.14973716980344207,0.0006939827055260245,0.14972415743069004,0.0007412807417093148
16986,176,6,20,560367,0.1120734,561281,0.1122562,0.11217649999999998,0.0005418222178809888,0.1157917097533504,0.0001971502937785173,0.11317138832617016,0.000316318451295171,0.11211149510387405,0.0006123713261835573,0.11214391352439088,0.0005720978187745497
16986,176,7,20,381969,0.0763938,381634,0.0763268,0.07607749999999999,0.000851715760592761,0.08215724587928774,0.00015174787731002759,0.07909003476880512,0.00026531094098634634,0.07608548995239761,0.0006082934266272087,0.07612337962251459,0.000601022445406327
16986,176,8,20,218312,0.0436624,217156,0.0434312,0.0436755,0.0006441679660003687,0.04907460493436509,0.0001034608854598772,0.04657608288137659,0.00024243753160921845,0.04368153235983498,0.0005152627801500435,0.043697517150236384,0.0005225324881111676
16986,176,9,20,87498,0.0174996,87180,0.017436,0.017568,0.00030287395328576434,0.022723432726187896,5.1267139054032004e-05,0.018267647840206375,0.00013846989171797014,0.017581240152771193,0.00032387409951362286,0.017590541279158264,0.0003271857802139411
16986,176,10,20,34392,0.0068784,34330,0.006866,0.006834,0.000266584636506031,0.009357808253917804,2.9318003944046115e-05,0.006931109941205484,5.678027279775792e-05,0.0068540168243226935,0.00021507355070392087,0.006860238806993971,0.0002144465200365765
16986,176,11,20,13340,0.002668,13342,0.0026684,0.002732,0.00014944106389793726,0.0036102366432427557,1.453677228776128e-05,0.0026941895666836783,3.1445152275301954e-05,0.002747451606505234,0.0001401272219151285,0.0027500604807278433,0.00014089935616772522
16986,176,12,20,5319,0.0010638,5308,0.0010616,0.0010775,0.00010259142264341596,0.0013378458040606298,6.8297535935223855e-06,0.0010465621681980495,2.0435665182562386e-05,0.001079210523960452,0.00010002543275574886,0.0010799542723420805,0.00010093334281912406
16986,176,13,20,2087,0.0004174,2045,0.000409,0.000402,6.228964600958973e-05,0.00047649897832828536,1.919244250051278e-06,0.0003934528996147512,1.3223463951528192e-05,0.0004029373102497189,4.599491226110352e-05,0.0004029704220495192,4.569016645114486e-05
16986,176,14,20,772,0.0001544,785,0.000157,0.0001505,4.2361228549353084e-05,0.00016091492402882534,8.708489319886949e-07,0.00014382149095902623,7.149526520249092e-06,0.00015733196445199497,3.1135896844782364e-05,0.0001600817074434091,2.72853549333475e-05
16986,176,15,20,292,5.84e-05,275,5.5e-05,4.75e-05,1.831737742662616e-05,5.012692988664801e-05,2.9122159586542706e-07,4.652278892415342e-05,2.455006212048958e-06,5.114236565484179e-05,9.830827189950294e-06,4.6529849079610455e-05,2.464384818623433e-06
16986,176,16,20,93,1.86e-05,76,1.52e-05,1.25e-05,1.681947492765768e-05,1.38495401321551e-05,1.1512999889015416e-07,1.261629828117103e-05,9.87060955579938e-07,1.3092399241295024e-05,4.5382314251804764e-06,1.2617469120801363e-05,9.815204826980397e-07
16986,176,17,20,19,3.8e-06,16,3.2e-06,2.5e-06,4.442616583193193e-06,3.1730825400021438e-06,2.1539442546478642e-08,2.8836065842178407e-06,3.896699386504103e-07,3.2943691052681903e-06,1.2371939770081091e-06,2.8837760319471122e-06,3.903598737266434e-07
16986,176,18,20,2,4e-07,4,8e-07,0.0,0.0,5.358451499031401e-07,5.39899289184257e-09,4.419165792757308e-07,6.845500843394272e-08,5.160522907358353e-07,1.377188143787015e-08,4.4195262485388444e-07,6.831218336661563e-08
16986,176,19,20,0,0,0,0,0.0,0.0,5.496889211140813e-08,1.097938364734962e-09,3.844574913717267e-08,8.48055890079872e-09,5.4449502675928634e-08,1.0119306704812348e-09,3.84677979094231e-08,8.497303951996106e-09
16986,176,20,20,0,0,0,0,0.0,0.0,1.6131606905236663e-09,7.347556037901097e-11,1.0084945996179721e-09,4.073693308320288e-10,1.6104456230707979e-09,7.290817344509783e-11,1.0072595211882191e-09,4.0417399224255783e-10
16986,366,1,20,8,1.6e-06,8,1.6e-06,1.0000000000000002e-06,3.0779350562554625e-06,1.2827593837476997e-06,2.4194528085458776e-08,9.457579924299232e-07,2.8743915628546725e-07,1.7108042175134398e-06,1.8033856982896179e-06,9.446105317987161e-07,2.86613871430044e-07
16986,366,2,20,97,1.94e-05,73,1.46e-05,1e-05,8.583950752789521e-06,1.841166166779805e-05,1.405253679275493e-07,1.4699014899513595e-05,1.0026403825599261e-06,1.538470863282693e-05,4.420565276033118e-06,1.4694877853062136e-05,9.970123788563032e-07
16986,366,3,20,439,8.78e-05,454,9.08e-05,0.00011099999999999999,3.462581938988668e-05,0.00010576183486214832,5.804749398466803e-07,8.98068970262784e-05,5.0605116763626365e-06,0.00010616722413217137,2.0563809062921676e-05,0.00010440020116944928,1.9754146159011388e-05
16986,366,4,20,1828,0.0003656,1819,0.0003638,0.000365,5.652200316783954e-05,0.0004187887679389905,1.8704631817911162e-06,0.0003366977210291773,1.2495616826446506e-05,0.0003644558731802643,5.212999384421352e-05,0.00036428402956900337,5.21951117206795e-05
16986,366,5,20,5557,0.0011114,5543,0.0011086,0.001117,6.806343790132383e-05,0.0013741393829023569,5.024237962746136e-06,0.0010611221883626307,1.7210050174472673e-05,0.0011177046479606935,6.62870929308749e-05,0.001117273134644854,6.637544063206538e-05
16986,366,6,20,15297,0.0030594,14956,0.0029912,0.0029375,0.00017344421217452638,0.003977859551761622,1.7960749429264005e-05,0.0029579747920808258,4.240901418683897e-05,0.0029678615517165375,0.0001275931986302948,0.0029678241477049117,0.000127658923195855
16986,366,7,20,38914,0.0077828,39061,0.0078122,0.007825,0.0002784071233208472,0.010287299936684384,2.768773266636663e-05,0.007821063249236171,6.737219473006716e-05,0.007870685112066036,0.0002805797690648011,0.007872293617810352,0.000282789913737866
16986,366,8,20,96123,0.0192246,96339,0.0192678,0.019361,0.00042161219397126464,0.023494572160067964,5.5821966777261294e-05,0.01976670004313611,0.0001364633348887498,0.019397867702541254,0.00040841976896613033,0.019399028291033432,0.0004090214571139627
16986,366,9,20,219828,0.0439656,219397,0.0438794,0.0437815,0.0006781264825353668,0.045424839256320106,0.00010103266973672241,0.04579008492325933,0.00018556747066522962,0.043826811035620764,0.000640168135251297,0.04383613915009985,0.0006134296686559626
16986,366,10,20,335937,0.0671874,335732,0.0671464,0.066995,0.0006157708049351876,0.06841515305814216,0.00012379782900487265,0.06911084252934366,0.0001896092206204028,0.06702347046292027,0.00045988138525291966,0.06706427910604004,0.000482704616277287
16986,366,11,20,438338,0.0876676,438966,0.0877932,0.0876445,0.0006651432374427262,0.08841177861639823,0.00010943568467095422,0.0887889185527872,0.00023022602839881413,0.08761644882380668,0.0007224037219484575,0.0876717275281399,0.0006812179299147612
16986,366,12,20,527001,0.1054002,526173,0.1052346,0.10519350000000001,0.0012615206988726801,0.10419334884369917,0.00012304631353578864,0.10499650262509672,0.0002512179942178988,0.10512516179242974,0.001133867374113126,0.105159082652909,0.0011909146890081608
16986,366,13,20,595693,0.1191386,597142,0.1194284,0.119395,0.00107304044167668,0.11528804040677516,0.00016623354870493124,0.1175652909329267,0.00031185848480504597,0.11934678218398664,0.000999718952064248,0.1193282086555277,0.0009576618110586201
16986,366,14,20,640491,0.1280982,640500,0.1281,0.128089,0.0011311889413588828,0.1208476646820503,0.0001532180038420856,0.12494930328371123,0.0003632212624982571,0.1280509297989117,0.0011022917812209868,0.12800763402277374,0.001089203548142094
16986,366,15,20,638772,0.1277544,638493,0.1276986,0.127613,0.001006850744178416,0.11942256925193631,0.00010724032122312405,0.1245412158636701,0.0002808583295945886,0.12753252661911435,0.0010059600119182667,0.12751179476487037,0.0010043712813301384
16986,366,16,20,571432,0.1142864,570461,0.1140922,0.1144415,0.0011764946820288242,0.1093721431368504,0.00012021968686309377,0.11305422413746975,0.0003747000352145054,0.11433077263749665,0.0012118678821482426,0.1143098576862214,0.0011743961497188578
16986,366,17,20,448955,0.089791,450693,0.0901386,0.0903365,0.0010081785295117237,0.08970918267852328,0.00012944624008703667,0.09077248830476722,0.000344321787635839,0.09027234219479593,0.000917463228094244,0.09024666159512154,0.000947926528377716
16986,366,18,20,282163,0.0564326,281586,0.0563172,0.056489,0.0008282950148219816,0.061510991742227204,7.971081205384719e-05,0.05812773289435967,0.00021779799391888284,0.05654553308029901,0.0005973470638697088,0.05653539528384453,0.0006076861640361388
16986,366,19,20,120648,0.0241296,120246,0.0240492,0.023918500000000002,0.0004922266807713273,0.030621299424064385,7.220288641149539e-05,0.02573379950848086,0.00016749971287985223,0.024003481631767833,0.00044475775629540244,0.02400949463761024,0.0004446496664699097
16986,366,20,20,22479,0.0044958,22358,0.0044716,0.0043755,0.0002407985618072106,0.007104872847744355,4.424007861155744e-05,0.0045205867803644936,6.162648229866819e-05,0.004483902114403185,0.000239930896705038,0.0044789820076605175,0.0002307690815748236
16986,396,1,20,64965,0.012993,65050,0.01301,0.013031999999999998,0.0004542732773632143,0.019458526645282803,6.903347842853559e-05,0.01303146216580377,9.228192470642336e-05,0.013113274021835597,0.000406752471299498,0.013097974987581796,0.00041147042735601715
16986,396,2,20,257776,0.0515552,258292,0.0516584,0.051322999999999994,0.0005476466398192023,0.058470323447095796,0.00014007107102908482,0.0528680598289613,0.0001584630678716449,0.05138340176082742,0.0005840676483370145,0.051375787600800624,0.0005920587704148589
16986,396,3,20,461172,0.0922344,459793,0.0919586,0.09225449999999999,0.0009539032004294109,0.09589099102842011,0.00016872332050687776,0.09330246384186767,0.00032878866340220404,0.092309074880484,0.0007683777283884537,0.09228722698083056,0.0007180885796972517
16986,396,4,20,632447,0.1264894,631646,0.1263292,0.1265345,0.000856292344323695,0.1247556708541225,0.00017412910800920474,0.12566947006712853,0.00031341825552240227,0.12655980585889168,0.0008240850755561634,0.12651068072047256,0.0008290371333707984
16986,396,5,20,758831,0.1517662,758486,0.1516972,0.151503,0.0012415317364576602,0.1437051255122857,0.00013761146842880274,0.14927834870699952,0.00031244909668068545,0.1515825994385586,0.0009362241777782583,0.1515399266918041,0.0009605261274563762
16986,396,6,20,811203,0.1622406,813042,0.1626084,0.162279,0.001042087479912064,0.1505283062727118,0.00021324047787359222,0.16002863879749343,0.00047632651342978047,0.16231693759543545,0.0009156868992244069,0.16233238112736365,0.0008645975791081097
16986,396,7,20,770728,0.1541456,770836,0.1541672,0.15417799999999998,0.0011810459236135614,0.14156180032651278,0.00016623678376097048,0.1541433729237687,0.00029159844183433296,0.15405911587059573,0.001062695652608819,0.15410621643505268,0.0010919470337079603
16986,396,8,20,605441,0.1210882,605548,0.1211096,0.1213755,0.0011604648569476473,0.11380087586724744,0.00016847670881667344,0.12415788319512766,0.0004939825959143417,0.12127033267078483,0.0012450784728367421,0.12129013792224064,0.0011627438884500216
16986,396,9,20,317950,0.06359,318517,0.0637034,0.0636525,0.0009103491233124726,0.07290528389556869,0.00012154309889174277,0.06427635489906545,0.00034668843865097313,0.06365645016456582,0.0007436368524563704,0.06367793903162462,0.0007786791605253529
16986,396,10,20,160598,0.0321196,160304,0.0320608,0.032147999999999996,0.0005926266242664715,0.040412061294905564,7.461543208980163e-05,0.03208724920937889,0.00015420264922507015,0.032129142770239774,0.0005286563378493137,0.032152204141655844,0.0005305179597634622
16986,396,11,20,81737,0.0163474,81731,0.0163462,0.016264,0.00038910693970464706,0.02061358265447902,4.930811929518057e-05,0.016110867363961105,9.872375543622551e-05,0.01621551864472795,0.00029275311999462625,0.016227513917169884,0.00028804227020843426
16986,396,12,20,41445,0.008289,41414,0.0082828,0.008265999999999999,0.0002592986491937131,0.009991558386345537,3.3018081728452613e-05,0.00809487928597776,9.59859406094197e-05,0.00823727553468016,0.00021668940171460418,0.008240934161295253,0.0002221712824985288
16986,396,13,20,20173,0.0040346,20025,0.004005,0.004065,0.00021646684442852234,0.004633108375290495,1.3413500027351573e-05,0.003965817103625821,7.44960807989204e-05,0.0040569363692432485,0.00020681491255889912,0.0040565168185368004,0.00020159478654049943
16986,396,14,20,9451,0.0018902,9144,0.0018288,0.0019375,0.00012801624074599617,0.0020337254875462786,6.597960148095752e-06,0.0018397382557928383,4.479501289295333e-05,0.0019355047333830503,9.099847918075668e-05,0.0019350454540110616,9.05410626576517e-05
16986,396,15,20,4016,0.0008032,4036,0.0008072,0.000768,8.593755382773434e-05,0.0008258256775955632,2.8908946980008286e-06,0.0007655913141148273,2.164036153139292e-05,0.0007635817751885382,6.635746569867782e-05,0.0007635047226745349,6.596790585531029e-05
16986,396,16,20,1496,0.0002992,1527,0.0003054,0.000309,3.9189149948476955e-05,0.0002988075514326009,1.5158688202709478e-06,0.0002777383500987904,9.021765428629671e-06,0.00030133357453459404,2.907986605053499e-05,0.0003013149181604799,2.9085672663856843e-05
16986,396,17,20,445,8.9e-05,473,9.46e-05,8.850000000000001e-05,2.230765740608745e-05,9.06733695230883e-05,4.4258871462739216e-07,8.225139207557124e-05,5.01771920851231e-06,8.647077030941318e-05,1.3527510724563468e-05,8.48822931834033e-05,1.0607346932364156e-05
16986,396,18,20,112,2.24e-05,117,2.34e-05,1.9e-05,1.3726654823065194e-05,2.068648559680695e-05,1.4476180243819268e-07,1.7580996531913817e-05,1.7502077582468243e-06,2.0262406113165642e-05,6.957806378809357e-06,1.7579071150248283e-05,1.7423993972675723e-06
16986,396,19,20,14,2.8e-06,18,3.6e-06,3.0000000000000005e-06,4.701623459816273e-06,2.9350397913271926e-06,3.662873807493567e-08,2.1489660870860878e-06,3.1246844228916244e-07,2.8536062777960825e-06,1.108924918989493e-06,2.1497863374485514e-06,3.131969614014541e-07
16986,396,20,20,0,0,1,2e-07,0.0,0.0,1.3181999200861819e-07,3.5494401187867426e-09,8.332788530553651e-08,2.366752503280031e-08,1.2754506913242564e-07,3.4801735916518305e-09,8.321651814833524e-08,2.3411530554160126e-08
16986,408,1,20,3456788,0.6913576,3456881,0.6913762,0.691442,0.0017099172032894587,0.5761360392679944,0.0006947509135801251,0.6797781075940584,0.0010682681512231007,0.6913330757245715,0.0011484575610772344,0.6911380653154793,0.0010605081230990192
16986,408,2,20,937605,0.187521,938207,0.1876414,0.18759,0.0014826860405145923,0.25071473683975926,0.0004845487222008367,0.19362925789707866,0.0010855464754766485,0.18762112923240465,0.0012405102375956933,0.1877610547085363,0.0012512309183638495
16986,408,3,20,349909,0.0699818,349790,0.069958,0.06978949999999999,0.0008778051276366883,0.10262672572427256,0.000264024642748963,0.07320484951029269,0.0005875992613005351,0.06981441194240842,0.0006957407649241799,0.0698603154733153,0.0006572785912623487
16986,408,4,20,148469,0.0296938,148286,0.0296572,0.0296755,0.0003174317166523251,0.042456388563923045,0.00012871871440993455,0.03130420307923821,0.0002797925067500074,0.029726495529852043,0.0003557480906569818,0.029741228299657762,0.0003260497913636847
16986,408,5,20,64609,0.0129218,64487,0.0128974,0.012896,0.00031689945275732934,0.017539445642016004,6.33448801982924e-05,0.013517805619849688,0.00020481314485259238,0.012922739790693274,0.0002774670791272482,0.012930713748910713,0.00028029048562554714
16986,408,6,20,27498,0.0054996,27561,0.0055122,0.0055625,0.00020834877135782637,0.007002065173146917,2.5984585543899917e-05,0.00565307917915429,0.00010751894264256814,0.005560423507542414,0.00019237013545711574,0.005565969638339479,0.00019324534015715544
16986,408,7,20,10788,0.0021576,10473,0.0020946,0.0021255,0.00012098172980813431,0.0025433805492341946,1.3742636287148726e-05,0.002103644703031651,5.0158136734003355e-05,0.002114246290511523,0.00011549324574058035,0.0021167378505982204,0.00011475587942903419
16986,408,8,20,3454,0.0006908,3440,0.000688,0.0007185000000000001,7.808733302493669e-05,0.000762656936125791,5.094189687051046e-06,0.0006469471845597838,2.159575198495796e-05,0.0007033336736286934,7.315664458390009e-05,0.0007041067833547214,7.348179542697866e-05
16986,408,9,20,695,0.000139,689,0.0001378,0.00015000000000000001,3.2927352251825377e-05,0.00016521766672427754,8.241131874212535e-07,0.00012229335799997444,5.2016181337605245e-06,0.0001507743368674684,1.977974852765646e-05,0.00015115453819853692,1.9567817196064592e-05
16986,408,10,20,150,3e-05,153,3.06e-05,3.85e-05,1.268027892769755e-05,3.4897350178985176e-05,2.9783742023270355e-07,2.418082018669053e-05,1.411981643488509e-06,3.4870138445756436e-05,6.396441521410558e-06,2.421904391614481e-05,1.4009610279243414e-06
16986,408,11,20,30,6e-06,26,5.2e-06,9.5e-06,9.445132413883327e-06,7.321375978482236e-06,8.753578828873632e-08,5.022713857537728e-06,3.9015775244517785e-07,7.4366591815929785e-06,2.1036475923171058e-06,5.031027672650153e-06,3.919072301890375e-07
16986,408,12,20,4,8e-07,5,1e-06,2.0000000000000003e-06,4.1039134083406175e-06,1.530232009215537e-06,1.7549192671941263e-08,1.1049263834969696e-06,8.590670962774434e-08,1.4785398570123838e-06,2.833255887170147e-07,1.1065095086557434e-06,8.768726536235548e-08
16986,408,13,20,0,0,2,4e-07,5.000000000000001e-07,2.23606797749979e-06,3.1315462351260524e-07,3.034853679899902e-09,2.3238268166810264e-07,2.0898461743246623e-08,3.0374710053338233e-07,6.694221579571175e-09,2.3258029766137113e-07,2.0909590315698406e-08
16986,408,14,20,0,0,0,0,0.0,0.0,6.16928054578081e-08,1.018156868994694e-09,5.232591031906649e-08,5.240208409238647e-09,6.107736650609426e-08,1.1881564474637835e-09,5.236304729287803e-08,5.27687994797968e-09
16986,408,15,20,0,0,0,0,0.0,0.0,1.1164118531904958e-08,1.8189605644785739e-10,1.0286139388898033e-08,1.7655050910676773e-09,1.114331967375506e-08,1.942209265737038e-10,1.0292755526169835e-08,1.749551529761754e-09
16986,408,16,20,1,2e-07,0,0,0.0,0.0,1.8062537549276266e-09,3.800246818056848e-11,1.583879103493501e-09,2.7196350776883227e-10,1.805444182902944e-09,3.856184570909354e-11,1.585302345933801e-09,2.730288740070483e-10
16986,408,17,20,0,0,0,0,0.0,0.0,2.391676894799265e-10,3.3545257501820506e-12,2.1885331994866843e-10,7.530423190383735e-11,2.3913702341592317e-10,3.3396769065286983e-12,2.1896076457740483e-10,7.50344895989742e-11
16986,408,18,20,0,0,0,0,0.0,0.0,2.265924081122224e-11,4.788072124324154e-13,1.829145973580937e-11,7.321147382322126e-12,2.265924081122224e-11,4.788072124324152e-13,1.8303646193438444e-11,7.30253676496121e-12
16986,408,19,20,0,0,0,0,0.0,0.0,1.2646937390499984e-12,6.087199077495497e-14,8.168342596054635e-13,3.602578391087915e-13,1.2646937390499984e-12,6.087199077495495e-14,8.177716762862606e-13,3.601722779936364e-13
16986,408,20,20,0,0,0,0,0.0,0.0,1.640291132885735e-14,2.577826381099681e-15,9.256687513007257e-15,3.973403069518218e-15,1.6402911328857347e-14,2.5778263810996806e-15,9.254170490850386e-15,3.959837207191282e-15
16986,658,1,20,5,1e-06,5,1e-06,1.0000000000000002e-06,3.0779350562554625e-06,5.804496456476991e-07,1.2302280820306088e-08,4.369993541932776e-07,1.5048708934277774e-07,5.464179689758243e-07,4.065759119558955e-08,4.3647036319263693e-07,1.4999420518368996e-07
16986,658,2,20,40,8e-06,40,8e-06,7.000000000000001e-06,8.013147091860318e-06,9.296325172507929e-06,7.882033832029197e-08,7.355341771098166e-06,5.836992411860001e-07,8.197811203721148e-06,2.8086488391109252e-06,7.353454688019549e-06,5.808246839033731e-07
16986,658,3,20,298,5.96e-05,286,5.72e-05,5.2499999999999995e-05,2.197486602557807e-05,5.810792144032523e-05,3.5261350288405917e-07,4.897190725143641e-05,3.1330428204731045e-06,5.461051601873413e-05,1.3679520422542255e-05,4.895878762268788e-05,3.167921853310934e-06
16986,658,4,20,1053,0.0002106,1050,0.00021,0.00021649999999999998,5.537194805656514e-05,0.0002476652472679885,1.2206892706202548e-06,0.00019760948529284525,7.91385764573494e-06,0.00022048386391799457,4.044935689625138e-05,0.0002203639281944286,4.0313008668316375e-05
16986,658,5,20,3514,0.0007028,3575,0.000715,0.00069,9.049571086084979e-05,0.0008696076588627794,3.5145852352916878e-06,0.000663755241358121,1.2297757653350578e-05,0.0006972332004350728,8.704817007525143e-05,0.0006969516572080116,8.677390902510218e-05
16986,658,6,20,10246,0.0020492,10222,0.0020444,0.002085,0.00017890014856867712,0.002682678711404406,1.3027151581701862e-05,0.001977730877479324,3.265918023491627e-05,0.0020848262639747627,0.00014753360130161593,0.0020849356942005963,0.00014862624815619824
16986,658,7,20,28047,0.0056094,28259,0.0056518,0.005619,0.0002168166822092122,0.007371728553823538,2.132841514471157e-05,0.005544569822779622,5.5730058984721096e-05,0.005631119283977046,0.00024162910786422185,0.005632354863011705,0.0002409955258616413
16986,658,8,20,73013,0.0146026,73402,0.0146804,0.0145845,0.00037552034074839343,0.017879360932810028,4.622471988621935e-05,0.014854677799480387,0.00011217204660809994,0.014619111855647033,0.00029299416241692776,0.014620288010067206,0.0002867625991577822
16986,658,9,20,174939,0.0349878,175397,0.0350794,0.035110999999999996,0.0004906805156321701,0.036728953523791796,8.810001474993752e-05,0.03647139106855198,0.00013351512509123805,0.035185436338366786,0.0004366900873018412,0.03519460637025216,0.0004663503133499477
16986,658,10,20,282700,0.05654,281231,0.0562462,0.056112499999999996,0.0006718072640274148,0.05826095093136648,0.00011272942459179981,0.05808822067746128,0.0002086576843349313,0.0562014892913098,0.0006533293222555133,0.05623676130807627,0.0006098095367386854
16986,658,11,20,385885,0.077177,386135,0.077227,0.076797,0.0007755683824070408,0.07883337738492018,0.00010284553847569003,0.07832600484922131,0.00023719371821733618,0.07690949540197033,0.0006858366090846277,0.07696072031347265,0.0007062669881881451
16986,658,12,20,483055,0.096611,483273,0.0966546,0.096587,0.0006148264624651154,0.09692143061184937,0.00011957945130601014,0.09692187076636231,0.00020463408429504336,0.09672508191584525,0.0005538527596119811,0.09675842511073612,0.0005247221342266623
16986,658,13,20,573626,0.1147252,571775,0.114355,0.114666,0.0008785658169635566,0.1116294457084164,0.00016107533794113178,0.11330776894062963,0.00026770537126492806,0.11473917472308726,0.0008538355282414504,0.11472533160762402,0.0009011838483097405
16986,658,14,20,642504,0.1285008,643549,0.1287098,0.12837300000000001,0.0009739723329043578,0.12167306435781058,0.00015884894689811434,0.1256220597818128,0.0003376489584810995,0.12831411001877652,0.0008198866666123187,0.1282743590275982,0.0007816124741694811
16986,658,15,20,668974,0.1337948,669302,0.1338604,0.13412,0.0008834799613490181,0.12502004090189978,0.00011160802642090967,0.13077830826895026,0.0002492726141830981,0.13397539787362267,0.0007632433653641608,0.13395742746752076,0.0007410621631191596
16986,658,16,20,624772,0.1249544,625655,0.125131,0.1252675,0.0009909690897510896,0.11915742672474264,0.0001262795476857894,0.12413151684937607,0.00035175745154876763,0.12508737333979816,0.0009581922802213164,0.12506839492330662,0.0009362001757927029
16986,658,17,20,512260,0.102452,512168,0.1024336,0.102975,0.0009085355480691233,0.10189545774904699,0.00014109095041346147,0.10429460185994284,0.0003403348660762259,0.10277709164996221,0.0007725352410298731,0.10275085992027551,0.0008196682608036865
16986,658,18,20,340299,0.0680598,340403,0.0680806,0.068084,0.000568028909568223,0.07308217036018982,9.005559376058609e-05,0.07001733794700248,0.00021926597121776423,0.06797661037363067,0.0005426947087704116,0.06796613121455523,0.0005224781742756869
16986,658,19,20,162730,0.032546,162404,0.0324808,0.032279999999999996,0.00041835517521787583,0.03824712253841896,8.473045179674952e-05,0.032697896452984015,0.00018615557386297035,0.032327352497354814,0.00038206779047858394,0.03233608187044175,0.00035301211091731666
16986,658,20,20,32040,0.006408,31869,0.0063738,0.0063714999999999996,0.00022424786568250312,0.00943153340712022,5.568026156911618e-05,0.0060479150629384444,6.607110835975857e-05,0.006465257363132619,0.00020058753450206805,0.006459258002001378,0.0002087573626368575
16986,659,1,20,176,3.52e-05,189,3.78e-05,3.4500000000000005e-05,2.211810403980842e-05,3.975373243693184e-05,4.970825639568411e-07,2.601806229437014e-05,3.0244088524793306e-06,3.656886126429932e-05,1.1651315616170261e-05,2.5979619726556164e-05,3.012210642931481e-06
16986,659,2,20,1854,0.0003708,1861,0.0003722,0.00037850000000000004,7.428784699078521e-05,0.00039330875654295164,2.190061942445099e-06,0.0003208145380089652,1.8678614728290718e-05,0.0003697077205475901,5.576018004438752e-05,0.0003695094982632407,5.537875119227396e-05
16986,659,3,20,7234,0.0014468,7152,0.0014304,0.0014550000000000001,0.00013892443989449804,0.001646086973123411,6.201129026156164e-06,0.0014107540758020204,5.276289227666316e-05,0.001454468032906551,0.0001073976526973762,0.0014538439969011593,0.0001090498903200971
16986,659,4,20,19624,0.0039248,19967,0.0039934,0.003987,0.00024458557860830197,0.004846031372148301,1.4989711244090367e-05,0.00405025761852119,9.332310806957564e-05,0.004001864193862113,0.0001687222601141676,0.003999279067839117,0.00017080742168840236
16986,659,5,20,46163,0.0092326,45929,0.0091858,0.0092915,0.00028368394199772463,0.011896016212419551,2.8678086746026644e-05,0.009652007149027655,0.00012897720617049697,0.009309892549309988,0.00023399476847584674,0.009304756780328636,0.00023809787534451635
16986,659,6,20,98424,0.0196848,98311,0.0196622,0.019678,0.0004962130272585077,0.025781380845881458,8.050495120346596e-05,0.020327568589949004,0.0001971765100516166,0.019692756140431828,0.0004051065074267314,0.019688931693998525,0.0003940672118383069
16986,659,7,20,199316,0.0398632,199258,0.0398516,0.039905499999999997,0.0006638759792231332,0.049765117510409886,9.306615120337384e-05,0.04038911574316567,0.00022608692962999038,0.03993678622242829,0.0004938417133991544,0.03993769932071091,0.0004901633765314427
16986,659,8,20,386147,0.0772294,386163,0.0772326,0.0772505,0.0009215631742916616,0.0836926376753022,0.000130398873948007,0.07612722311098409,0.0003611257131780993,0.07726091865880089,0.0007704489127182193,0.07725228767261351,0.0007623092236293893
16986,659,9,20,680828,0.1361656,682246,0.1364492,0.13612950000000001,0.001208158559653143,0.11680110771413954,0.0001826546783504488,0.12984401592215286,0.0004655237992136074,0.13603733817440714,0.001023553766879764,0.13604357808550777,0.0009224999730801339
16986,659,10,20,730189,0.1460378,730191,0.1460382,0.14613,0.0009353018088746612,0.13096212338531774,0.0001647185290326214,0.14227658040696028,0.00025315272850838885,0.1460324592063602,0.0009495179338482889,0.14609601553354284,0.0009229272204696494
16986,659,11,20,678620,0.135724,679412,0.1358824,0.13589,0.0009217546197049278,0.1286399375943656,0.000134067401044895,0.1350908671891168,0.00023944103920076965,0.1358040817193514,0.0008990426751237058,0.1358671710363189,0.0009066790481169295
16986,659,12,20,592975,0.118595,592314,0.1184628,0.1183435,0.0009863130441460416,0.11662630120754533,0.00014404606682594175,0.1196612581778971,0.00036161461997419564,0.11829420200346152,0.0009986055817625236,0.11831112122660774,0.0009412611010715144
16986,659,13,20,494948,0.0989896,494423,0.0988846,0.0990415,0.0011873467768184023,0.099816584693976,0.00015598669454989228,0.10087508962370142,0.00026217864489769016,0.09907774184312164,0.0009845553580824392,0.09904628147851194,0.0010414362887374332
16986,659,14,20,390127,0.0780254,390743,0.0781486,0.0779775,0.0008120531159708047,0.08087740585758356,0.00010272231460106606,0.0803662363543575,0.00023693166376912342,0.07809479989561605,0.0008578518751223347,0.07805451831774998,0.0007922881517741694
16986,659,15,20,288760,0.057752,287276,0.0574552,0.057503000000000005,0.0005916533480092262,0.06139995819607077,7.226105252417611e-05,0.05976491473091532,0.00023666591089520215,0.05761309928737679,0.00047639985912603747,0.05759392152868729,0.0004744938273004595
16986,659,16,20,193825,0.038765,194376,0.0388752,0.038798,0.0007120733256151581,0.042675957532126996,6.928735332982971e-05,0.040401703203748036,0.00016170667204890016,0.038850895467843774,0.0005568530801131763,0.038837163974827844,0.000546141649610726
16986,659,17,20,115754,0.0231508,114959,0.0229918,0.0231355,0.0004763951809381081,0.0260733187043904,5.351829005737943e-05,0.02399076942808514,0.00016606137207029597,0.023112679289617594,0.0003925891394117367,0.023102223369422616,0.0004003902239135156
16986,659,18,20,54642,0.0109284,54671,0.0109342,0.010971999999999999,0.00036906139840069086,0.012934381067358332,2.7433977692811967e-05,0.011357998008223087,6.067151439188318e-05,0.010924280662823744,0.0003142375863398961,0.01092054484376696,0.0003179528694350957
16986,659,19,20,18185,0.003637,18209,0.0036418,0.0036315,0.00018437019396055497,0.004471162322886939,1.672508353836684e-05,0.0036448629939600254,3.3837793575387696e-05,0.003610422753624798,0.0001218859846263185,0.003610695502334832,0.0001213867488560551
16986,659,20,20,2209,0.0004418,2350,0.00047,0.00046750000000000003,6.129093691051247e-05,0.0006614286459742274,6.0575474112322185e-06,0.0004219450731296049,1.3796832094584971e-05,0.00048503731684392643,5.206691593908247e-05,0.00048447745283992016,5.2012745418796766e-05
16986,661,1,20,88,1.76e-05,85,1.7e-05,1.8e-05,1.2396943596157717e-05,2.1302230317029324e-05,2.791833890013277e-07,1.4425674724150895e-05,2.190746141213992e-06,1.9726853994507906e-05,6.247910309316772e-06,1.4405755351919064e-05,2.189887723297373e-06
16986,661,2,20,888,0.0001776,937,0.0001874,0.00020400000000000003,4.357691325026421e-05,0.00021987082974271377,1.2718030709847547e-06,0.00018162982729802017,1.0810001612989229e-05,0.00020707208341917447,3.07923859963318e-05,0.00020696769563840106,3.058482210964174e-05
16986,661,3,20,4213,0.0008426,4286,0.0008572,0.000847,8.485901620675878e-05,0.0009640848709964999,3.853708428058812e-06,0.000823794090678734,3.7338046473468066e-05,0.0008364509432367473,7.557331370785421e-05,0.0008360904550550925,7.598213878234467e-05
16986,661,4,20,12643,0.0025286,12363,0.0024726,0.0024595,0.00018024763667331617,0.002984182307609653,9.809889711272459e-06,0.002464353723251331,6.955061709520857e-05,0.0024684346077408284,0.00017149405981109532,0.002466822879883502,0.00017066885567596185
16986,661,5,20,31178,0.0062356,31070,0.006214,0.006302,0.00023612218068306564,0.007730918849450397,2.015566333109893e-05,0.006205212136078456,9.386455571506055e-05,0.0063285147489301015,0.00017715454821911017,0.0063250263684890996,0.0001717474846449676
16986,661,6,20,69356,0.0138712,69085,0.013817,0.013796,0.00028535112258040035,0.017748805260985427,6.0062246034791805e-05,0.013812931433757818,0.00012210983280603707,0.013851738489720659,0.00024188237992378195,0.01384977214968442,0.0002488902178181452
16986,661,7,20,145270,0.029054,145032,0.0290064,0.02903,0.0006306137361416466,0.03643660470087941,7.390609112291136e-05,0.029095197205917817,0.00015551104516120734,0.029100681694891255,0.0005077824323979458,0.029102134415956476,0.0004952955870894044
16986,661,8,20,290766,0.0581532,290649,0.0581298,0.0579705,0.0006216910300479698,0.06554926730985777,0.00011157908263610323,0.058458007594055325,0.00024220710518839324,0.05805256518626094,0.0005601413184964448,0.05804821443321286,0.0005783445578556917
16986,661,9,20,525379,0.1050758,525233,0.1050466,0.10464549999999999,0.001198307907887311,0.09856598291449922,0.00016490370056292344,0.10698708474636467,0.00038369207882747996,0.1046080998560113,0.0009802349243331187,0.10461685740938365,0.0009785484470590119
16986,661,10,20,630765,0.126153,631572,0.1263144,0.12656499999999998,0.0010066018917233629,0.11851790901871959,0.00016129908559506449,0.12720808642804005,0.0001883045756804195,0.12629223791131022,0.000805689001300498,0.12635182495503983,0.0008577715089699714
16986,661,11,20,654161,0.1308322,652001,0.1304002,0.131212,0.0008081206267435705,0.12443321080567546,0.00013102663986591962,0.13042550792737012,0.00017847952399852398,0.13086727324825692,0.0009367161950494094,0.13093263564605823,0.0009808927125328944
16986,661,12,20,627748,0.1255496,626523,0.1253046,0.1255215,0.0010498434720421282,0.12036498789933314,0.0001398628532005062,0.1241466734529452,0.00033719200112534254,0.1252413401957087,0.0009340495669466712,0.12526343076178784,0.0008736199692275799
16986,661,13,20,566296,0.1132592,566281,0.1132562,0.1135285,0.0010301725711334912,0.10985123850340728,0.0001659970859448912,0.11206596774913499,0.00030947321404803206,0.11340554863728365,0.001070950383958905,0.1133723013138224,0.0010318329145047294
16986,661,14,20,482554,0.0965108,483025,0.096605,0.0964565,0.0011065083774981933,0.09497916367007782,0.00011643112320006492,0.09565751725316256,0.0002386110249221613,0.09650067363430373,0.0009090847183410717,0.09645513582448627,0.0009366541202245445
16986,661,15,20,381982,0.0763964,383362,0.0766724,0.076235,0.0008010749357154911,0.07708239986834439,8.25945551306979e-05,0.07625206347915955,0.00026151264690998016,0.07636784761687468,0.0008115880104864959,0.07634509802309944,0.0008252809846162303
16986,661,16,20,275325,0.055065,276083,0.0552166,0.0550935,0.0008600139227759165,0.057451881783161504,8.344594415801704e-05,0.05539521580642694,0.00022609635699852282,0.05526747511013326,0.0007225710477606803,0.05525005011221468,0.0007301753485232853
16986,661,17,20,175531,0.0351062,176456,0.0352912,0.0351075,0.0006579383669743259,0.0378090452642647,7.064516475692764e-05,0.035476080931419456,0.00019129483347267833,0.03529049077524191,0.0006707510026500525,0.03527523707339787,0.0006564128359475123
16986,661,18,20,90246,0.0180492,90562,0.0181124,0.018078,0.00029208145943789086,0.02033646036923402,3.763607140023357e-05,0.018196653084715488,8.02935279335681e-05,0.018210980421211102,0.0002557595682678839,0.018205151903319557,0.00025347758422049056
16986,661,19,20,32130,0.006426,31837,0.0063674,0.0062309999999999996,0.000244236727269607,0.007687417407086528,2.5661889480034373e-05,0.006333132916642362,5.2091504835147915e-05,0.006308819993914852,0.00018714453559079322,0.00630968340169131,0.00019251969982931173
16986,661,20,20,3481,0.0006962,3558,0.0007116,0.000699,9.101185579218149e-05,0.0012652661363577054,1.0597683604831242e-05,0.0008004645388572037,1.9653005745400337e-05,0.0007740279915557064,6.961482623102521e-05,0.000773159423107241,6.970509074546713e-05
16986,662,1,20,37488,0.0074976,37191,0.0074382,0.007549999999999999,0.00020157276340658828,0.011397306693265991,4.71001378396144e-05,0.007481757045745589,5.330799170532135e-05,0.007613826260851081,0.00014982827634840872,0.007604528272503114,0.00015061783027699906
16986,662,2,20,165924,0.0331848,166074,0.0332148,0.033229999999999996,0.00047202809907439744,0.04078018506043103,0.00011103341555453741,0.03541391956426064,0.00014588793463220362,0.03326681947149144,0.00045114767368307856,0.03326021513130463,0.0004479173295072972
16986,662,3,20,343991,0.0687982,344712,0.0689424,0.06886,0.0008593265416959712,0.07528384621079887,0.0001428496105684034,0.07095835277622944,0.0002620469491860477,0.06898327274434385,0.0006521791820207636,0.0689637922544063,0.0006326640543435552
16986,662,4,20,524783,0.1049566,522774,0.1045548,0.104227,0.0006805578207385625,0.10742190538144966,0.00016368453757278188,0.10566697803854834,0.0003260725900348214,0.10431191687487425,0.0007022851438112751,0.10426610182448019,0.0006454351939242398
16986,662,5,20,687455,0.137491,686274,0.1372548,0.1373215,0.0014444495400270016,0.13387601858143935,0.00013520906582542447,0.13711764112216862,0.00042162717949884644,0.1372458621778703,0.0012118163317733387,0.13720030217800333,0.0011779721758389137
16986,662,6,20,806793,0.1613586,807425,0.161485,0.161936,0.0009319046709773834,0.15056826260427775,0.0002144096364671516,0.15978860932279848,0.0003897779108670047,0.16163832127805783,0.0007871958659244208,0.1616464332198982,0.0008176903183271061
16986,662,7,20,845951,0.1691902,847887,0.1695774,0.16980900000000002,0.0012444483030433057,0.15149662842806552,0.0001650819939635087,0.1671157430558223,0.0003517170296754116,0.16953870891103898,0.001227331014139265,0.16958191804573447,0.0011739057036941746
16986,662,8,20,743315,0.148663,743890,0.148778,0.148471,0.0013619177655056832,0.13030032329100663,0.00018125064027866563,0.14626214690815223,0.0004932817957723103,0.14848315263719103,0.0011232335167521506,0.1485010838809836,0.0010924058406600265
16986,662,9,20,406339,0.0812678,405376,0.0810752,0.08103550000000001,0.0009551768918566045,0.08959329537213487,0.00014139876117007528,0.08091690715156738,0.0004603184930613385,0.08112948383343925,0.0008293248921522672,0.08115282117808631,0.0008599329649052632
16986,662,10,20,211742,0.0423484,212383,0.0424766,0.0424975,0.0005575215360485143,0.052936504011252515,8.715819332032577e-05,0.04291615443706118,0.00016883039217330324,0.04256099406092162,0.0005171295257356455,0.04258922800044956,0.0004944549050375077
16986,662,11,20,112138,0.0224276,111730,0.022346,0.0222995,0.00044576929364627,0.028676510497410535,6.141959654184953e-05,0.02283849039113709,0.00017794941343249145,0.022356648690719124,0.0004158913383678335,0.022372216524031215,0.0004149831077009617
16986,662,12,20,58289,0.0116578,58536,0.0117072,0.0116535,0.000324333730008232,0.014741998568742023,4.4196756658879015e-05,0.0120944735047573,0.00015128753068425663,0.011699820009693388,0.00032379982646792426,0.011704238710842798,0.0003229996271404846
16986,662,13,20,30202,0.0060404,30140,0.006028,0.006053,0.0002576227351850192,0.007254895818449921,1.9526210860842e-05,0.00625847761173047,8.590770701781214e-05,0.006079486629859861,0.00021308284826591296,0.006078903167568419,0.00021215845262915586
16986,662,14,20,14693,0.0029386,14667,0.0029334,0.0029085,0.0001675920799535524,0.0033875223836855673,9.79371704617531e-06,0.003059310889273727,8.547339038184858e-05,0.002918827142449387,0.00016176897866279857,0.0029179082126432497,0.00015951327771470108
16986,662,15,20,6887,0.0013774,6770,0.001354,0.001378,0.00012688992328620483,0.0014693959701990605,4.543576662589353e-06,0.0013656131503702522,3.737873618174694e-05,0.0013835435934665664,0.00011582317543458483,0.001383435070259733,0.00011619446693605398
16986,662,16,20,2784,0.0005568,2884,0.0005768,0.0005225,5.024937810560444e-05,0.0005715889840240924,2.546577499702894e-06,0.0005283117305415032,1.2840803834694771e-05,0.0005355480196496558,4.873813513506696e-05,0.0005354913259031254,4.876321403418052e-05
16986,662,17,20,950,0.00019,991,0.0001982,0.00019,4.5883146774112356e-05,0.00018836735536801086,8.323132602975179e-07,0.00017114582356173968,7.890557087990917e-06,0.00019546194415166266,3.1717531934729e-05,0.00019542054903903052,3.170966545183058e-05
16986,662,18,20,232,4.64e-05,255,5.1e-05,5.1000000000000006e-05,1.916685735984466e-05,4.7424843355486255e-05,2.90911597929305e-07,4.0052169387470605e-05,3.0094854652255838e-06,5.084097476570419e-05,1.2133805842227671e-05,4.0045538691118656e-05,2.981304320527736e-06
16986,662,19,20,41,8.2e-06,39,7.8e-06,6e-06,8.207826816681233e-06,7.60713539892527e-06,7.995237608217206e-08,5.659030654652068e-06,6.019106846059648e-07,7.059616935212697e-06,2.3379158723618746e-06,5.660941730899708e-06,6.04020405773125e-07
16986,662,20,20,3,6e-07,2,4e-07,5.000000000000001e-07,2.23606797749979e-06,4.128092442466487e-07,9.131885681501633e-09,2.562762316711338e-07,3.798409160168998e-08,4.051282298836278e-07,9.513965603894684e-08,2.559720767629821e-07,3.7357969778508607e-08
16986,663,1,20,0,0,0,0,0.0,0.0,5.2232054730927645e-08,1.4507237714968226e-09,4.143572716692953e-08,1.9272003907979055e-08,5.13711383550271e-08,1.5520491653907993e-09,4.138734537323734e-08,1.9208550882174388e-08
16986,663,2,20,6,1.2e-06,2,4e-07,1.5000000000000002e-06,3.6634754853252323e-06,1.0912502105837049e-06,1.2476062981933622e-08,8.687720211066019e-07,1.5914454896432328e-07,1.4117632373289865e-06,1.7342838743377915e-06,8.686265977025712e-07,1.5900666872714724e-07
16986,663,3,20,30,6e-06,40,8e-06,7.000000000000001e-06,7.3269509706504655e-06,8.38910409634347e-06,6.589291638626672e-08,6.866374119666361e-06,5.469693430242331e-07,7.708799713182524e-06,2.1812586555857278e-06,6.864787687883634e-06,5.476494688933423e-07
16986,663,4,20,168,3.36e-05,182,3.64e-05,3.8e-05,1.880649383926509e-05,4.3008372125788814e-05,2.788616621041532e-07,3.356229008585767e-05,1.7001190751313639e-06,3.7471390051840355e-05,1.0088416581025976e-05,3.354930882052495e-05,1.7087884718722144e-06
16986,663,5,20,750,0.00015,771,0.0001542,0.000126,3.424370860387888e-05,0.0001799534189053528,9.719461313288687e-07,0.000132040645373651,3.935619789145843e-06,0.00013111492192308862,2.1657615476596147e-05,0.0001369726786539458,1.63996063977941e-05
16986,663,6,20,2417,0.0004834,2376,0.0004752,0.0005225,5.627704028427485e-05,0.0006576880958872886,3.875943303786519e-06,0.00047646135111722635,9.769017633169417e-06,0.0005129210861123678,4.432338136031502e-05,0.0005129752707902185,4.438657940802357e-05
16986,663,7,20,7947,0.0015894,8093,0.0016186,0.0016504999999999998,0.00015476552723734258,0.0021361838676437184,7.640737795940619e-06,0.0015714276367844431,3.0210020145836585e-05,0.0016343385970981456,0.00012739387935119934,0.0016348428337751692,0.0001276496304684534
16986,663,8,20,25311,0.0050622,25007,0.0050014,0.0050834999999999995,0.0001668051179323376,0.006156162934516081,2.0521586657470415e-05,0.004994614664331339,4.777185326690203e-05,0.005065027119573045,0.0001724983040473192,0.00506588642887045,0.00017392415566266337
16986,663,9,20,71773,0.0143546,71904,0.0143808,0.0142425,0.00032630103956477456,0.015163408429803663,4.65261397519252e-05,0.014516774577176822,8.65845631196021e-05,0.014220165926615755,0.00025979402700489267,0.014224677193870564,0.00025593316915950527
16986,663,10,20,133606,0.0267212,133631,0.0267262,0.0267575,0.0005257062918238258,0.02825619759889328,6.796249871153708e-05,0.027183081078180755,0.00014327041252743992,0.026741886975364594,0.000378778155729243,0.02676068960935134,0.0003699431274112277
16986,663,11,20,208087,0.0416174,207962,0.0415924,0.04135,0.0005823455295522354,0.04436304900137146,7.012324319824279e-05,0.042264579225315374,0.00021524386349386192,0.04131906874089931,0.0005144195976667328,0.04134914129340146,0.00048727290405814857
16986,663,12,20,296199,0.0592398,296006,0.0592012,0.059330499999999994,0.0006667239229798823,0.06290157637458198,9.681016067073242e-05,0.060291578853519566,0.00019230150561803382,0.059310874994423245,0.0006193307768348347,0.05933582962677443,0.0006361369107106036
16986,663,13,20,399140,0.079828,400078,0.0800156,0.0799385,0.0007449427742062515,0.08342271971125076,0.00012424929923385774,0.08112163331263861,0.00024286468967451625,0.07995413339374854,0.000680175418848845,0.0799498031538983,0.000658919904409928
16986,663,14,20,521592,0.1043184,522349,0.1044698,0.10462199999999999,0.0007644991480495073,0.10498005607658689,0.0001605813753422895,0.10465244612170574,0.0003034770355268572,0.10462611187804494,0.0006358999375784949,0.1046013219216952,0.0006272187544087818
16986,663,15,20,653886,0.1307772,653569,0.1307138,0.1310145,0.0013051576835568072,0.12540149993523927,0.00012306841245069677,0.12927018601183202,0.00052024221655146,0.1309515402314097,0.0011780875573033228,0.13094350074351252,0.001181256933390413
16986,663,16,20,771244,0.1542488,769075,0.153815,0.1538635,0.0010412455850667794,0.1405791213992454,0.00014226893863718236,0.14992293838711412,0.0004486062105719721,0.15384383071641577,0.0009550108589027935,0.15383185259137977,0.0009797711514747305
16986,663,17,20,792283,0.1584566,792574,0.1585148,0.1587545,0.0007395907474300947,0.14386493679700027,0.00017727870084007709,0.1555139858777191,0.0003933199151736298,0.15880164854124754,0.0007652015463023965,0.15877175401004018,0.0007201499468002918
16986,663,18,20,641483,0.1282966,641634,0.1283268,0.127828,0.0008391072950651676,0.12695656001834285,0.00013476377931677405,0.13039778592470036,0.00033797905180703416,0.12788401787139808,0.000591856550067896,0.12787376791045302,0.0005969423075350167
16986,663,19,20,377807,0.0755614,378428,0.0756856,0.07548099999999999,0.0007828887129356914,0.08533168627990564,0.0001383518607754677,0.07821108329365414,0.00027046446228729085,0.07551044345623607,0.0006201699351482056,0.07553684171962431,0.0006031409968470419
16986,663,20,20,96271,0.0192542,96319,0.0192638,0.0193885,0.00037499859648860176,0.02959665909682292,0.0001278090474788251,0.019438044161367164,0.0001501868713359729,0.019446232219833354,0.000329729933739088,0.019428818904953283,0.0003298870173522657
16986,665,1,20,0,0,0,0,0.0,0.0,5.589893731499519e-10,2.2413760595934042e-11,4.933743799792048e-10,3.586610191480931e-10,5.586327466249194e-10,2.2824498134791172e-11,4.92755104560579e-10,3.5741958692740347e-10
16986,665,2,20,0,0,0,0,0.0,0.0,1.730623554962317e-08,3.481156270215578e-10,1.3481100117970397e-08,4.455527876924948e-09,1.7193899142186242e-08,3.4454177308520637e-10,1.3480765356252603e-08,4.458863285392367e-09
16986,665,3,20,1,2e-07,2,4e-07,0.0,0.0,1.8426940029395258e-07,2.293968066077833e-09,1.4208677973181178e-07,1.4742624325872818e-08,1.7857460453306053e-07,4.698264679219401e-09,1.4206125435534857e-07,1.4756761612031758e-08
16986,665,4,20,5,1e-06,6,1.2e-06,1.5000000000000002e-06,3.6634754853252323e-06,1.282954380989253e-06,1.3963404790329146e-08,9.494688146935455e-07,6.374945592543488e-08,1.1766818421604497e-06,7.924461861460161e-08,9.491582132682887e-07,6.405491630596737e-08
16986,665,5,20,22,4.4e-06,26,5.2e-06,5e-06,8.271701918685113e-06,7.280889459508854e-06,7.113180691855511e-08,5.014904557145681e-06,2.9668236242483184e-07,6.276135794446212e-06,1.3757572001160371e-06,5.013495775325015e-06,2.9296245059219434e-07
16986,665,6,20,161,3.22e-05,147,2.94e-05,3.4e-05,1.9303667499917432e-05,3.5956138629529865e-05,3.010727525493498e-07,2.5142443013187953e-05,9.348199412662853e-07,3.313561181157653e-05,6.755858752728455e-06,2.514595232155913e-05,9.349770616525224e-07
16986,665,7,20,687,0.0001374,596,0.0001192,0.0001195,4.925497570376974e-05,0.00015818111969607079,8.944577774640413e-07,0.00011184693273147211,3.8381742803131166e-06,0.00013183776879724564,3.481638749326388e-05,0.00013307373179631172,3.264733830303729e-05
16986,665,8,20,2617,0.0005234,2639,0.0005278,0.0005250000000000001,9.127748324405325e-05,0.000626831439233557,3.3323991100851908e-06,0.0004915303325526364,6.877147217693113e-06,0.0005340224045131503,6.562790371221703e-05,0.000534126433723487,6.558334046602777e-05
16986,665,9,20,10005,0.002001,10027,0.0020054,0.002025,0.00012416033776405496,0.002164211851066253,1.0542172094639746e-05,0.001986715724668607,1.7116068065732246e-05,0.002008055088898197,8.32563662450138e-05,0.002008780639930094,8.266281968994053e-05
16986,665,10,20,24745,0.004949,24746,0.0049492,0.004983,0.00025750012774651917,0.005416489144628307,1.94160817098357e-05,0.00500011155279381,5.805383485780209e-05,0.0049621763686174955,0.00027395227186335615,0.004966042733743131,0.00027618874791463834
16986,665,11,20,49679,0.0099358,49834,0.0099668,0.0098205,0.0003577925744279631,0.01113348696511716,2.552357759389981e-05,0.010113495231502595,0.00010055313285758927,0.009828863374168526,0.0003218243395934083,0.009836593861989902,0.00032224843599642936
16986,665,12,20,89195,0.017839,89141,0.0178282,0.0179435,0.00036028168803984754,0.02038818774011627,4.936818479895886e-05,0.01850446278387919,0.00011596417247546435,0.017974719399236515,0.00029082081431328717,0.017983261953913237,0.0002979576412742118
16986,665,13,20,150328,0.0300656,151591,0.0303182,0.0299585,0.00043447821094903403,0.034721413202355014,6.137317348536995e-05,0.03143590252339655,0.0001551431351739564,0.029990807094431533,0.0003682670987828581,0.029990888607795807,0.00037774336862315445
16986,665,14,20,245747,0.0491494,245876,0.0491752,0.049507499999999996,0.00045116078357009085,0.05611946349023321,0.00012259878290980553,0.05159824318080464,0.00024414303162253456,0.049546471532106395,0.0004289503249992275,0.049537334247621065,0.0004347830539499368
16986,665,15,20,390258,0.0780516,389656,0.0779312,0.07785,0.0007707002967226774,0.08661622370756826,0.00012541283816138948,0.08122071899999009,0.0003999573994381458,0.07793568726102701,0.0007362326818890015,0.07793459584002192,0.0007065573655544137
16986,665,16,20,605715,0.121143,606747,0.1213494,0.12097949999999999,0.000667512862087789,0.12675912632618186,0.0001652633893969422,0.12389710771487675,0.0003228341481827208,0.12111719633378201,0.0006370053075800841,0.12111385209111766,0.0006417416689538673
16986,665,17,20,904050,0.18081,903331,0.1806662,0.1802635,0.0013815905212547813,0.1716176126180508,0.00023072588634884524,0.17777950834292344,0.0007229198444204479,0.1804182225482022,0.001266975458113955,0.1803935011268623,0.001238338449622557
16986,665,18,20,1263852,0.2527704,1263939,0.2527878,0.252903,0.0013284621104673482,0.20417924030164936,0.00022647967349144761,0.23360853597651543,0.0006392845020962835,0.25292574499112297,0.0011746725564595693,0.25291834549998937,0.00117737245700152
16986,665,19,20,990281,0.1980562,989804,0.1979608,0.198316,0.0014966151282494997,0.18847924806195865,0.0002197276691659873,0.20105365852291768,0.000605998009007195,0.1979418097391304,0.0010678482515947816,0.19802141512390534,0.0010578603622421517
16986,665,20,20,272652,0.0545304,271892,0.0543784,0.054764999999999994,0.0005168375495565107,0.09157556191505001,0.0002935291344803324,0.06316689930280787,0.00034604193897884086,0.05464360133938182,0.0005090624242676092,0.054596923468381575,0.00044610010175614594
16986,666,1,20,60187,0.0120374,60257,0.0120514,0.012177499999999999,0.000301624985004471,0.019751203332920002,7.259183785919898e-05,0.013143213009214658,8.855996303818685e-05,0.012207784334414145,0.0002724106775293876,0.012193473603352089,0.0002628642084214795
16986,666,2,20,269168,0.0538336,269509,0.0539018,0.054115,0.0005462744635013455,0.06158573828328502,0.00014968364746453653,0.05579631732641031,0.00015493128639845004,0.05386571381595097,0.00045989626144336,0.053858953334612415,0.0004927278604805527
16986,666,3,20,490645,0.098129,489568,0.0979136,0.098346,0.0009009199976164716,0.10170212564659453,0.0001790241860684402,0.09937779721456393,0.00035004498524089124,0.09813347749131199,0.0008691664145831675,0.09811243365033623,0.0008564879622614481
16986,666,4,20,674064,0.1348128,673643,0.1347286,0.13470500000000002,0.0011971259442163098,0.13141110478082774,0.0001815812730995388,0.13285164886478884,0.0003397460167286161,0.13480055531238522,0.0010045127489171344,0.1347508758005043,0.001017508836346085
16986,666,5,20,796186,0.1592372,796661,0.1593322,0.15909,0.0011767886721698914,0.14908507663840923,0.00014143327431591674,0.15511756095160484,0.00033203808659494665,0.15936361497502988,0.0012479876245818867,0.1593215242826766,0.00122942657908878
16986,666,6,20,826621,0.1653242,826641,0.1653282,0.164831,0.0012112016651591182,0.15285613450685337,0.00021725654346703899,0.1622776728694107,0.0005163079645969855,0.16496234237953256,0.0011849030360207584,0.16498084783507244,0.0010896872958538603
16986,666,7,20,758890,0.151778,758080,0.151616,0.1517275,0.000656304446362956,0.13994025114263964,0.00017017989216573385,0.15161559095515775,0.00028145162527876003,0.1516875056274297,0.0006304719931815344,0.15173663606166415,0.0006389667228865768
16986,666,8,20,578156,0.1156312,577228,0.1154456,0.115594,0.00094811946837716,0.10888598608032281,0.00016679150001668144,0.11769249558750934,0.0004737249605302279,0.11555030485490807,0.0009150135133486515,0.11557178020429275,0.0008662416504385979
16986,666,9,20,285531,0.0571062,285607,0.0571214,0.0571225,0.00045276780385814354,0.06707546944006368,0.00011578892679208105,0.05850376654543811,0.0003040585034609947,0.057158755720637736,0.00048234662255630976,0.05717856376454371,0.0004525853009284473
16986,666,10,20,136611,0.0273222,137934,0.0275868,0.02732,0.00041988720289846254,0.03577750800947806,7.086923168126998e-05,0.028085060723664217,0.00013717934782876004,0.027352023432707772,0.0003633152427909439,0.02737202467765947,0.00035293669925220674
16986,666,11,20,66020,0.013204,66821,0.0133642,0.0131515,0.00027344344166476856,0.017577688026718753,4.5058240214754874e-05,0.013584893636715376,8.065380332822646e-05,0.013147905589186484,0.00021986798551633778,0.013158060704667147,0.00022691276615066595
16986,666,12,20,32002,0.0064004,31907,0.0063814,0.006444999999999999,0.00034405476920183254,0.008213880182463143,2.8843948762566552e-05,0.006592723910242193,8.32667579220505e-05,0.006432256366936007,0.0003043221947587293,0.0064350881224597214,0.0003035383938085584
16986,666,13,20,15076,0.0030152,15245,0.003049,0.003099,0.00021577034575043707,0.0036748710768557936,1.1115455295027141e-05,0.0031226178650648026,6.29338063338399e-05,0.0030787739776290787,0.00017328757908769142,0.0030786804760354405,0.00017289125454591692
16986,666,14,20,6704,0.0013408,6723,0.0013446,0.0014125000000000001,0.0001035615758860399,0.0015578659538292754,5.402440333905774e-06,0.0014029369668912676,3.45262047510646e-05,0.0013952464618770494,7.563088395953395e-05,0.0013949260447598888,7.50541791706777e-05
16986,666,15,20,2762,0.0005524,2789,0.0005578,0.000593,6.744198286402603e-05,0.0006116109029529954,2.2851063373092436e-06,0.0005662662044333221,1.574571949478838e-05,0.0005860542220177167,5.724743792450086e-05,0.0005860405066700121,5.7317791982065094e-05
16986,666,16,20,972,0.0001944,994,0.0001988,0.000201,4.72284481619868e-05,0.00021430938018873145,1.1547399232001268e-06,0.00019879316950049307,7.0418814143501575e-06,0.0001994662464253328,3.110453507515661e-05,0.00019945394466917894,3.1073150403846474e-05
16986,666,17,20,313,6.26e-05,309,6.18e-05,5.550000000000001e-05,2.41650029675366e-05,6.31157107918066e-05,3.187411966299016e-07,5.720962807708093e-05,3.804091056113971e-06,6.095445813353915e-05,1.4474993954017783e-05,5.7202968545829034e-05,3.836951832858982e-06
16986,666,18,20,80,1.6e-05,77,1.54e-05,1.25e-05,1.1180339887498949e-05,1.4022964098432062e-05,1.0134057050667198e-07,1.1955863994065926e-05,1.296447138247035e-06,1.5409982449340967e-05,5.405805355345392e-06,1.195481692749896e-05,1.291863267263496e-06
16986,666,19,20,12,2.4e-06,7,1.4e-06,1.0000000000000002e-06,3.0779350562554625e-06,1.950897216332741e-06,2.5108801659740648e-08,1.422831077680301e-06,2.1061242162061704e-07,1.7602124528422264e-06,1.26424362717218e-07,1.423400278945162e-06,2.1109223001033678e-07
16986,666,20,20,0,0,0,0,5.000000000000001e-07,2.23606797749979e-06,8.704349066769615e-08,2.3624622103455363e-09,5.587624098654596e-08,1.929431176382112e-08,9.453858453094035e-08,4.3536931364155156e-08,5.5798682534804566e-08,1.9107653445800173e-08
16986,671,1,20,101,2.02e-05,120,2.4e-05,2.2499999999999998e-05,1.8027756377319944e-05,3.6405094303989064e-05,4.297949526316924e-07,2.3929796377641767e-05,2.748686110952045e-06,3.070257393816287e-05,1.1685644897519817e-05,2.3894704744593146e-05,2.7406346144014657e-06
16986,671,2,20,1427,0.0002854,1531,0.0003062,0.0002785,6.458572434736397e-05,0.0003432748079440835,1.8795163395404018e-06,0.0002809920991814632,1.638622426986578e-05,0.0002784808123712902,4.449070270151298e-05,0.0002783361173753475,4.4340432310235616e-05
16986,671,3,20,6179,0.0012358,6117,0.0012234,0.0012194999999999999,0.00012496209951737156,0.0014194801440456496,5.371423713597464e-06,0.0012169377497222335,4.659215465784344e-05,0.0012079995000447742,9.995092393252176e-05,0.001207394194282154,0.00010006437640980228
16986,671,4,20,17251,0.0034502,16957,0.0033914,0.0034349999999999997,0.00016937967317305383,0.004200170448769014,1.319623045392761e-05,0.0035001685112201254,8.172932871134698e-05,0.0034203613945021764,0.00013762765324116567,0.0034180486538658928,0.00013709713214526934
16986,671,5,20,40951,0.0081902,41123,0.0082246,0.0082925,0.00027002680178865677,0.010469468429855515,2.59891337766326e-05,0.008455383681803144,0.00011420526226739268,0.00828221215510737,0.0002551109275871204,0.00827753402955156,0.0002550405155919912
16986,671,6,20,89546,0.0179092,89518,0.0179036,0.017939,0.00038766371753716765,0.02319356516577839,7.495346500685867e-05,0.018176099658405265,0.00017499957811408108,0.017942205670508242,0.00032028070463788026,0.017939057776380888,0.0003312753745274372
16986,671,7,20,183440,0.036688,184504,0.0369008,0.03677,0.0006631662489031009,0.04596175186554185,8.919414930392671e-05,0.03704695431551143,0.00020494509913730204,0.03681374449559847,0.0005116897431393372,0.036814559123806274,0.0005137587645759843
16986,671,8,20,359179,0.0718358,359268,0.0718536,0.071836,0.0008046928148776962,0.079597198472952,0.0001285858335921581,0.07190969992704736,0.00033524345037636114,0.07187412126000625,0.0007146092074713158,0.07186590829463685,0.0007074262854107904
16986,671,9,20,635533,0.1271066,636388,0.1272776,0.127177,0.000556096356663784,0.11455022250924682,0.0001835347704726952,0.1265576882901637,0.0004456332197814295,0.12706988292207216,0.0006522547869551306,0.1270759864205931,0.0006450432608112412
16986,671,10,20,717751,0.1435502,718159,0.1436318,0.14361,0.0011778883871706948,0.13173311768517218,0.000170079760789372,0.1427320742915442,0.0002441652612476649,0.14346739045485563,0.0009740359152200431,0.14352958690070533,0.0009697252576207491
16986,671,11,20,694762,0.1389524,695012,0.1390024,0.1392635,0.0010515516104660201,0.1319512409934776,0.0001381171242602845,0.13851517254189546,0.0002447600616966307,0.13914092774909564,0.0010001260792718099,0.13920525584885252,0.0010147660430430536
16986,671,12,20,624125,0.124825,625451,0.1250902,0.1251785,0.00096273882887914,0.12124236631414013,0.00014756763320000692,0.1244810054181752,0.00036256548884852,0.12500639679115153,0.0007908019936047145,0.12502467232946285,0.0008305474906302931
16986,671,13,20,529402,0.1058804,528210,0.105642,0.10572600000000001,0.000972508422369158,0.10444320283267414,0.0001630179639855745,0.10561022594072814,0.0002701700856321057,0.10561486848633272,0.0007119205117392494,0.10558043115291715,0.0007053215862736899
16986,671,14,20,420035,0.084007,418328,0.0836656,0.083667,0.0008246153808387224,0.08447415748661732,0.00010770948399717259,0.08392945357614183,0.00023382330807778518,0.0837341596106731,0.0007589440208353466,0.0836912570782122,0.0007355915502793982
16986,671,15,20,306384,0.0612768,305564,0.0611128,0.061054,0.0008795537145860413,0.06333632375373893,7.615125827110005e-05,0.061545901923514945,0.00024728739120164693,0.06123719578823329,0.0008694455808800027,0.061216670000727835,0.0008691058941431433
16986,671,16,20,198920,0.039784,199001,0.0398002,0.0396725,0.0006239928727663137,0.04284797550466256,7.29385601711994e-05,0.040392731510922306,0.00016093649178657867,0.03985128214425043,0.0005819257255280887,0.0398373163682071,0.0005873601763666491
16986,671,17,20,111282,0.0222564,111023,0.0222046,0.0221045,0.0006488895372703642,0.02494980712261914,5.4740235770196526e-05,0.022760904711446896,0.00015898497718991748,0.022202807710089062,0.0005888657803350745,0.022192430661641206,0.0005825729517473159
16986,671,18,20,47835,0.009567,47936,0.0095872,0.009632499999999999,0.00024668059467553114,0.011413324459951399,2.7707556708989645e-05,0.009875988609305438,5.519064247671677e-05,0.009664436686178687,0.00021859155121407546,0.009661026340340719,0.00021901630238830384
16986,671,19,20,14337,0.0028674,14236,0.0028472,0.0028285000000000003,0.00014232191087738203,0.00344299997381406,1.5328876267268042e-05,0.0027431635405964117,2.6613048331963985e-05,0.0028459157869750945,0.0001237103663635123,0.002846131964818575,0.00012350227517100512
16986,671,20,20,1560,0.000312,1554,0.0003108,0.00029299999999999997,5.4202349919926036e-05,0.0003939469346950967,4.571411231450863e-06,0.00024552390629669046,9.096129629136803e-06,0.0003149080080157831,4.39660467346883e-05,0.0003145020394148817,4.365097584552317e-05
16986,672,1,20,787324,0.1574648,788946,0.1577892,0.157626,0.0014019400092278118,0.20647829683487223,0.00041128659326419734,0.16782166858519515,0.0007596635157102296,0.157693645650066,0.0010082455350583417,0.15756275069379605,0.000936704863662911
16986,672,2,20,1635612,0.3271224,1634076,0.3268152,0.3272265,0.0013039747939120197,0.24677597364073742,0.00027331296713811065,0.3039397862534859,0.0008788699656385108,0.32719381468877246,0.0012688147728373226,0.3272586357422867,0.0011559274752870443
16986,672,3,20,1036762,0.2073524,1037669,0.2075338,0.2069365,0.0009178824314119646,0.1996647279790826,0.0002881238804809276,0.20764913897706627,0.0006018880275988979,0.20707138326623772,0.0008892941504866888,0.20709531276330528,0.0008372076359844777
16986,672,4,20,657060,0.131412,658416,0.1316832,0.131321,0.0013039732803203717,0.14186260485921118,0.0001973208337292823,0.1362260616381889,0.0006931644594815323,0.13139417582336468,0.0011705005278173633,0.13138866888071946,0.0011306951502806763
16986,672,5,20,410685,0.082137,410293,0.0820586,0.0823795,0.0011041380300821464,0.09376920577475643,0.00017679372318478442,0.08605901053159865,0.0005482358653127962,0.08233395020983515,0.000993884098749637,0.08233924613338098,0.000978346760165531
16986,672,6,20,246174,0.0492348,245475,0.049095,0.0494095,0.0007242235406572367,0.05764439803168092,0.0001289503079509035,0.05163664366520839,0.0003031411190490097,0.04930855892148327,0.0007247572808296269,0.049330959037079423,0.0007541959724655055
16986,672,7,20,135327,0.0270654,134723,0.0269446,0.026998499999999998,0.0004949138681044461,0.03179153556343529,8.966271333747214e-05,0.028238797445047915,0.00020319927025670833,0.026905901260469933,0.000445859793448856,0.026923398619135407,0.00044012280596692757
16986,672,8,20,62296,0.0124592,62158,0.0124316,0.012454999999999999,0.0002964615888849859,0.014620126961045607,4.582876585554446e-05,0.012899045584367854,8.866549798705237e-05,0.012422384330562534,0.0002646453548599588,0.012428719329505376,0.00025923954656812667
16986,672,9,20,19711,0.0039422,19377,0.0038754,0.0038555,0.00024156234893098024,0.005083397047738568,1.522880875266113e-05,0.003870573752425904,4.965556760433046e-05,0.0038711878571941493,0.0001991271713716972,0.003873850969246658,0.00020008380050673592
16986,672,10,20,6108,0.0012216,6052,0.0012104,0.001225,9.616323840768169e-05,0.0016181383628866661,7.677086895410036e-06,0.0011507960795133407,1.9961780750222666e-05,0.0012415366594903192,8.720138836776717e-05,0.0012427778126801571,8.609574163495242e-05
16986,672,11,20,1985,0.000397,1946,0.0003892,0.0003735,6.651276094420568e-05,0.000491213514372225,3.0701583019173092e-06,0.00035226262275929357,1.1484069198413572e-05,0.0003804905287068652,5.521836111401644e-05,0.00038092525406933523,5.5435117270962154e-05
16986,672,12,20,653,0.0001306,602,0.0001204,0.00013,3.060787652326045e-05,0.00014468659276875576,1.0443535323791225e-06,0.00011030281120866902,4.071059263477812e-06,0.0001288860011274899,1.9563539233123172e-05,0.0001288729265332259,1.895505751859387e-05
16986,672,13,20,220,4.4e-05,188,3.76e-05,4.15e-05,2.661123624969051e-05,4.110413609494464e-05,2.2671209934368554e-07,3.2836768857102424e-05,2.13318201897082e-06,3.88023557529097e-05,1.3019791953551414e-05,3.284582937492338e-05,2.114565928992779e-06
16986,672,14,20,60,1.2e-05,58,1.16e-05,1.55e-05,1.050062654772261e-05,1.1083961605484563e-05,9.465807258632388e-08,9.813208818145371e-06,6.435679450030087e-07,1.1506792601767232e-05,3.1894812437753405e-06,9.814443413892797e-06,6.44633550587593e-07
16986,672,15,20,17,3.4e-06,17,3.4e-06,4.5e-06,6.048053188292994e-06,2.743580820361041e-06,2.463370770149335e-08,2.5666600070064076e-06,2.7938546541794313e-07,2.9970490451512697e-06,1.6297884605143996e-06,2.5671739575344033e-06,2.762917073423695e-07
16986,672,16,20,6,1.2e-06,4,8e-07,1.5000000000000002e-06,4.89360484929593e-06,5.996939472835798e-07,7.557313259202762e-09,5.436684116395263e-07,7.939332937882609e-08,6.147681200307555e-07,1.827915309022545e-07,5.438088732007954e-07,7.932885135988953e-08
16986,672,17,20,0,0,0,0,5.000000000000001e-07,2.23606797749979e-06,1.0734865516471163e-07,9.873929618608913e-10,9.859006013877267e-08,2.5490726081338584e-08,1.0779202048378895e-07,1.0796088102153209e-08,9.860519683462734e-08,2.5465471901838617e-08
16986,672,18,20,0,0,0,0,0.0,0.0,1.3852456522969564e-08,1.9192181671954718e-10,1.1247854652169505e-08,2.681071528237039e-09,1.3781821960272358e-08,1.8987063679146512e-10,1.125027248487892e-08,2.676545674953135e-09
16986,672,19,20,0,0,0,0,0.0,0.0,1.0576116545574007e-09,3.2366946895308844e-11,7.119401025457674e-10,2.2489728889879698e-10,1.0571064507338699e-09,3.2956454665887195e-11,7.124606152020002e-10,2.252872561533071e-10
16986,672,20,20,0,0,0,0,0.0,0.0,2.0497034274555948e-11,1.712462168700127e-12,1.2261393705529909e-11,5.26614419491894e-12,2.0497034274555948e-11,1.712462168700127e-12,1.224934647807448e-11,5.2347476074151006e-12
16986,673,1,20,31751,0.0063502,31729,0.0063458,0.006379,0.0003290160770347984,0.00965340414782156,4.037244286761079e-05,0.006340217281021271,5.036444632469706e-05,0.006419430811605657,0.0002114337870194262,0.006411638366263697,0.00021922188255184597
16986,673,2,20,146664,0.0293328,147003,0.0294006,0.029504999999999997,0.0004932758382807522,0.03512850939830259,9.82765415364606e-05,0.030313126597940464,0.00014879672013365134,0.029346118745764937,0.00050409359962526,0.029338815671196235,0.00046760236254712813
16986,673,3,20,299279,0.0598558,298362,0.0596724,0.0598745,0.0007253781228108767,0.06694861866149085,0.0001303058463176561,0.06251198550547662,0.00024219383256561484,0.05974801230596508,0.0006741119773008839,0.05972949599991251,0.0006888050928042685
16986,673,4,20,462613,0.0925226,464241,0.0928482,0.092787,0.0006822262319633773,0.0989964024795996,0.00015661024565602,0.09650776938691366,0.000318399526067236,0.09275117369901416,0.0006248853520191105,0.092707502141322,0.0005891395419712699
16986,673,5,20,632979,0.1265958,632286,0.1264572,0.12652650000000001,0.0011429752265123899,0.12794592428738458,0.00013414811948921974,0.13015172761514104,0.0004352528959853843,0.12659859077906332,0.0010704221009429813,0.12655264034051275,0.0010629407423399392
16986,673,6,20,784711,0.1569422,783028,0.1566056,0.156392,0.0013115984623030725,0.1491249462309121,0.00021508939127949523,0.15781073025977496,0.00042891575245396007,0.15651212956367738,0.0011247921704601981,0.15651421971787455,0.0010459192914738704
16986,673,7,20,875380,0.175076,876546,0.1753092,0.175065,0.0010948083225651387,0.15526402604309616,0.00016463243992637797,0.17178063099572155,0.00035701607653731846,0.1751348349955287,0.0008778935742178078,0.1751742085163053,0.0008947288315752465
16986,673,8,20,815413,0.1630826,816011,0.1632022,0.16317399999999999,0.000987385702912387,0.13788877801405772,0.00018696252982870225,0.15610980799218438,0.0005124731581558754,0.16317416126338433,0.0009056055600859292,0.16318863537722683,0.0008760238333834574
16986,673,9,20,453891,0.0907782,452435,0.090487,0.09070399999999999,0.0008837027363971382,0.09754299774383217,0.0001512163763582489,0.0887625685300521,0.000523806047560842,0.09070199104318515,0.0009016474595020033,0.09072435585079204,0.0008557129651029384
16986,673,10,20,240757,0.0481514,241802,0.0483604,0.048209,0.0006981471719374146,0.0587201553764725,9.378502847795014e-05,0.047901927516205214,0.00017445082675653553,0.048186226133419996,0.00047950963693580334,0.048217196818035726,0.0005090389187150461
16986,673,11,20,127494,0.0254988,127544,0.0255088,0.0257045,0.0005611874159222332,0.03212171171163577,6.757622201630731e-05,0.025726120214284505,0.00021575843402226098,0.025698307163465856,0.0005127272971684572,0.02571516309995353,0.0005010361369021176
16986,673,12,20,67065,0.013413,67255,0.013451,0.013392999999999999,0.00041066185346917315,0.0165308806681956,4.9510809624441395e-05,0.013611096386476043,0.00017683714339264964,0.013422546965803006,0.0003766991223248443,0.013427043996879629,0.0003705278354862539
16986,673,13,20,34211,0.0068422,34048,0.0068096,0.0067495,0.00015965340749985824,0.008070454859672962,2.2037373439559277e-05,0.00696543255203015,8.726819862892226e-05,0.006779930230558599,0.0001609928102617841,0.00677907893226082,0.00016012518925200735
16986,673,14,20,16527,0.0033054,16469,0.0032938,0.0032994999999999995,0.00022474488460895995,0.003700496308975033,1.1043632136052283e-05,0.0033382617815805316,9.893239809149974e-05,0.003301271544323648,0.00024121088646965861,0.0033002392007782507,0.00024084435204337743
16986,673,15,20,7223,0.0014446,7306,0.0014612,0.001446,9.757048734120376e-05,0.0015575223599219837,5.081857121544353e-06,0.0014388508478231133,3.7484744881223396e-05,0.001437871758253911,9.192173972293233e-05,0.0014376262129719999,9.103398350527057e-05
16986,673,16,20,2896,0.0005792,2786,0.0005572,0.0005655,8.029386815416166e-05,0.0005792154420859215,2.7808707382952264e-06,0.000531169891121776,1.3699697787585275e-05,0.0005617268453641372,6.0912464894518514e-05,0.0005616652434148463,6.11184446352439e-05
16986,673,17,20,904,0.0001808,894,0.0001788,0.0001845,3.7059695797882356e-05,0.000178916512723506,8.584041337389595e-07,0.00016027764863083628,6.862041047617746e-06,0.0001822187656046876,2.721656265053348e-05,0.0001821811755249293,2.7278165324163432e-05
16986,673,18,20,208,4.16e-05,221,4.42e-05,3.7e-05,1.9221698265515624e-05,4.1041956953968415e-05,2.864085211227792e-07,3.3945055274354105e-05,2.5966127688441996e-06,3.8146328561527334e-05,1.0082818313100683e-05,3.393831253024373e-05,2.5727783149302692e-06
16986,673,19,20,33,6.6e-06,32,6.4e-06,4.000000000000001e-06,6.805570473787207e-06,5.7515185556145e-06,7.273838301248521e-08,4.2048243845153606e-06,4.2865429168661853e-07,5.0801081015117726e-06,1.806872657025099e-06,4.20608837630652e-06,4.300196447374102e-07
16986,673,20,20,1,2e-07,2,4e-07,5.000000000000001e-07,2.23606797749979e-06,2.462756019414834e-07,6.979489526437001e-09,1.4911525505048226e-07,1.8794707502261345e-08,2.3094664653754624e-07,1.2197580844382227e-08,1.4893658330454244e-07,1.8431321812860354e-08
16986,978,1,20,0,0,0,0,0.0,0.0,2.6837675692799e-08,7.639127681898718e-10,2.136672829432998e-08,1.0199469534822745e-08,2.659784615104527e-08,7.504794684572002e-10,2.134235675561673e-08,1.0166565708479427e-08
16986,978,2,20,4,8e-07,4,8e-07,0.0,0.0,5.768325821250192e-07,6.978622076054331e-09,4.563181905223078e-07,8.882700481703474e-08,5.414590874403805e-07,1.317739519530623e-08,4.5625918181706543e-07,8.878023006901117e-08
16986,978,3,20,16,3.2e-06,20,4e-06,3.5000000000000004e-06,5.871429486123998e-06,4.584877481660098e-06,3.79757936849533e-08,3.727740808021765e-06,3.15641892552552e-07,4.1194153554401876e-06,7.98596554148933e-07,3.726983191662005e-06,3.1589555723804013e-07
16986,978,4,20,109,2.18e-05,114,2.28e-05,2.3e-05,1.7501879598308412e-05,2.4406746805949373e-05,1.6978872611447446e-07,1.902399002984703e-05,1.1187921260689053e-06,2.3965563355448308e-05,7.404665124904327e-06,1.9017127371762695e-05,1.1216947381866062e-06
16986,978,5,20,459,9.18e-05,418,8.36e-05,8.6e-05,2.4148662379867796e-05,0.00010651377595370598,6.27144742594064e-07,7.77447506984298e-05,2.860331816742606e-06,9.151272153494586e-05,1.8516967819723387e-05,8.488911940551433e-05,1.786864149751504e-05
16986,978,6,20,1644,0.0003288,1628,0.0003256,0.000346,4.558393068661483e-05,0.0004074305872692484,2.5375790956982247e-06,0.00029492588522260634,7.448853057945092e-06,0.0003518206123348947,4.7200676629504855e-05,0.00035183699484585783,4.69867111994232e-05
16986,978,7,20,5535,0.001107,5559,0.0011118,0.0010789999999999999,0.00011791611648250543,0.0013898689149280195,5.33375032982255e-06,0.0010171383945953734,2.3894766999937723e-05,0.0010831514290354336,0.00010184326981520544,0.0010835496699624844,0.00010246259554602404
16986,978,8,20,17441,0.0034882,17698,0.0035396,0.00347,0.00019436807188533058,0.004228305535302619,1.532582849275552e-05,0.003406908895918682,3.600572854989563e-05,0.0034652406103051884,0.00013950822692407843,0.0034659838195411066,0.0001417731454846486
16986,978,9,20,50867,0.0101734,51368,0.0102736,0.01027,0.0002560838678410279,0.011057257301007971,3.6944412394213976e-05,0.010476953464237656,7.190169867701311e-05,0.010250014859235032,0.00026551974880766526,0.010253479537346443,0.0002596322685514268
16986,978,10,20,100152,0.0200304,99903,0.0199806,0.0201095,0.0003410120386823843,0.02175365435390479,5.638033954656034e-05,0.02069855191723239,0.00011576697487662405,0.020086097243047114,0.0002962114546543995,0.020100983679982004,0.00030140106771793106
16986,978,11,20,164549,0.0329098,164199,0.0328398,0.032714,0.0004204058189792095,0.03592547968475431,6.0859610541122265e-05,0.03383340541798426,0.00018337443275113184,0.03272456798432501,0.0003635374361194847,0.03274959951247121,0.0003620418699279267
16986,978,12,20,247076,0.0494152,247297,0.0494594,0.0492875,0.0007239502381852084,0.05346552357951304,8.962254600464863e-05,0.050659491987379526,0.00018542376339237532,0.04934696954702924,0.000651253366143699,0.04936900029444814,0.0006456846140326798
16986,978,13,20,351454,0.0702908,351856,0.0703712,0.0704535,0.0006327157422779335,0.07434169960821391,0.00011310693320646523,0.07152037853979709,0.0002315044978043741,0.07051928853375938,0.000571691737175414,0.07051793638136286,0.000597945627619929
16986,978,14,20,478598,0.0957196,479342,0.0958684,0.0957515,0.001059127123228319,0.09804348377132996,0.00015929689004936447,0.0967198348415324,0.0003681949443665549,0.09577386997660986,0.0009747652440799292,0.09575417234494442,0.0009828136464962566
16986,978,15,20,631551,0.1263102,631160,0.126232,0.126502,0.000934973120919583,0.1227540482550308,0.0001275271602080282,0.12556671711170214,0.0005117801583227364,0.12645632716524,0.0008172994493244157,0.12645199771848664,0.0007622837855236157
16986,978,16,20,789762,0.1579524,788076,0.1576152,0.1576205,0.0011345969606683657,0.14426615756840327,0.00014890140504052418,0.1534761801599501,0.0004972716327628251,0.1575436210840021,0.0010356593018749627,0.1575357454334428,0.0010064575708450805
16986,978,17,20,869987,0.1739974,869929,0.1739858,0.17404599999999998,0.0010720143361178079,0.15470605243095262,0.0001884437206488575,0.16792255059225875,0.0004956941581053147,0.17403463280666245,0.0012186894240719449,0.17400709799268382,0.001187556613503435
16986,978,18,20,739773,0.1479546,738585,0.147717,0.1477945,0.001081443844808266,0.14278083559394822,0.00015051210933593787,0.148752679149365,0.0004111571189835656,0.14779978727778928,0.0008404370017226526,0.14779216253672173,0.0008061978597078094
16986,978,19,20,438671,0.0877342,440251,0.0880502,0.088022,0.0008892729141211238,0.0996523529009116,0.00015552178480370392,0.09256382280991106,0.00030130106275251615,0.08793181799042855,0.0006774280917262815,0.08796516446797822,0.0006511114803171081
16986,978,20,20,112352,0.0224704,112593,0.0225186,0.0224215,0.0003113176580448441,0.03509174084403001,0.00015051588516406172,0.022989486666457358,0.00016284951190333636,0.022512627123016514,0.00030306256211658054,0.02249317878583991,0.0003059511264301276
16986,2163,1,20,73,1.46e-05,61,1.22e-05,1.35e-05,1.565247584249853e-05,1.7598492216772403e-05,2.3012053766885286e-07,1.196912357476983e-05,1.8660061475307343e-06,1.7906100359887543e-05,7.97625496622555e-06,1.1952816120851741e-05,1.8670251380944279e-06
16986,2163,2,20,782,0.0001564,766,0.0001532,0.00014350000000000002,2.560324814919923e-05,0.000181489310021884,1.0592829473122126e-06,0.00014991137633538074,8.75050929138458e-06,0.00015053458740951913,1.915551044733052e-05,0.00015279912739858863,1.63051831297264e-05
16986,2163,3,20,3324,0.0006648,3341,0.0006682,0.0006705,0.00010349040128386177,0.0008060295388341748,3.2966522474363836e-06,0.0006873271458619294,3.1773789444131e-05,0.0006700147632615619,7.201603931860876e-05,0.0006697496961108856,7.249391045382557e-05
16986,2163,4,20,10072,0.0020144,10300,0.00206,0.002065,0.00010980844565352022,0.002543113512192204,8.586691853677488e-06,0.0020913972399126354,5.972678352897663e-05,0.0020554013054351994,9.70629972129049e-05,0.0020541068361252194,9.731264274457206e-05
16986,2163,5,20,26419,0.0052838,26327,0.0052654,0.0053124999999999995,0.00022655021518418374,0.006740799316384482,1.8199081874217956e-05,0.005380444334972634,8.350246305635238e-05,0.005273126355679952,0.00020731129475701717,0.005270309905059442,0.00020676871768861906
16986,2163,6,20,61061,0.0122122,60710,0.012142,0.0123845,0.00035367953082743667,0.015870715603684075,5.559041369209159e-05,0.012276502216256332,0.0001134866956457051,0.012339721222510546,0.0003433575565246397,0.012337688939241417,0.00033702434578763383
16986,2163,7,20,132747,0.0265494,132060,0.026412,0.026678999999999998,0.0003550522570878233,0.033455982623236,7.023898393950066e-05,0.026543200213657896,0.0001406217857344823,0.02664075409944447,0.00033540154878169406,0.026642085002574045,0.00032250304199238193
16986,2163,8,20,274035,0.054807,275019,0.0550038,0.054557,0.0008334967559056624,0.061866585957839504,0.0001090737284729116,0.05483629312914308,0.00022902849486010875,0.054523089040019956,0.0005920725450944467,0.05451914224235408,0.000626475889291623
16986,2163,9,20,515295,0.103059,516054,0.1032108,0.1031595,0.0009386242732402503,0.09564673084027978,0.00016410501054376375,0.10327826159816467,0.00036922183216137977,0.10313841156933042,0.00096980973655568,0.10314672742774982,0.0009480774254791098
16986,2163,10,20,632821,0.1265642,632077,0.1264154,0.12692350000000002,0.001037726639798443,0.11765217754929554,0.00016425711432938565,0.1259554300081579,0.00020024974956643548,0.12685973647776821,0.0009079462795496493,0.12691899991519703,0.0008933954768256553
16986,2163,11,20,663942,0.1327884,664022,0.1328044,0.1327285,0.000962788029357285,0.12578171307958524,0.00013361396332383502,0.13173605342190245,0.00018478185551767934,0.13265568102253728,0.0007980817259982201,0.13272128244797995,0.0007666543661189083
16986,2163,12,20,640359,0.1280718,640107,0.1280214,0.127983,0.0011039789280979093,0.12334959875633005,0.00014181418400485373,0.12724670417262593,0.0003410269588670209,0.1280150179540523,0.0009824570677461214,0.12803765060696892,0.0009540640758458576
16986,2163,13,20,580703,0.1161406,580666,0.1161332,0.11601349999999999,0.0008602464457168195,0.11361049425200606,0.00017124706963688065,0.11594656169834212,0.00032218738314194144,0.11615681798930241,0.00105323045327011,0.11612249976328708,0.0009978925701075597
16986,2163,14,20,495484,0.0990968,494118,0.0988236,0.0987815,0.0007416785727410194,0.0986229847974895,0.0001208218742317163,0.09936466639693517,0.00024414410032362415,0.09886793879843823,0.0005828846268562596,0.09882106580286741,0.0006122577726260105
16986,2163,15,20,391664,0.0783328,392325,0.078465,0.0783525,0.0007913670716584463,0.07984695891783908,8.597530924588726e-05,0.07897695344346983,0.00026210420672236203,0.07834853056328109,0.000823630659213879,0.07832466665046567,0.000794882563424451
16986,2163,16,20,278062,0.0556124,279078,0.0558156,0.05586,0.0008272465425163547,0.05886094996242858,8.723967948949628e-05,0.0566793885696769,0.00022997987973027347,0.05585749012008133,0.0007419979329628002,0.05583998442589842,0.0007628285062214134
16986,2163,17,20,174234,0.0348468,174284,0.0348568,0.03456,0.0005652665882479459,0.0378418894534263,7.304374396703201e-05,0.03537372847770931,0.0001835553963540263,0.03456754505244871,0.0003927231216903962,0.034552602670807314,0.00037326534973273497
16986,2163,18,20,86491,0.0172982,86511,0.0173022,0.0173415,0.0005271999021643546,0.019500939526404963,3.868037338785704e-05,0.01730931999368056,8.12345596979232e-05,0.01734603345584691,0.00037110644262569907,0.01734060041801248,0.00037645553114606825
16986,2163,19,20,29270,0.005854,29070,0.005814,0.0058665,0.0002233306493685281,0.0068334067546744395,2.5155115269616533e-05,0.005551613822703194,4.878990187941876e-05,0.005867652493888748,0.00018549890894080305,0.005868168384646543,0.0001806983808063901
16986,2163,20,20,3162,0.0006324,3104,0.0006208,0.0006045,6.847781046671826e-05,0.0009698417558315804,9.328464926400262e-06,0.0006042736169175201,1.5989823846449904e-05,0.0006485970289034631,5.177530941496552e-05,0.0006479169218357001,5.248381815088373e-05
16986,2164,1,20,51,1.02e-05,55,1.1e-05,8.5e-06,1.0399898784932577e-05,1.255881793653786e-05,1.7336632474314343e-07,8.59919849523786e-06,1.3973861665555142e-06,1.1910004054954404e-05,4.4821424339962386e-06,8.587923336453041e-06,1.3989667913086726e-06
16986,2164,2,20,627,0.0001254,621,0.0001242,0.0001245,2.7429335045761342e-05,0.00013581947123662337,8.18566339735655e-07,0.00011243024430505238,6.054994071222999e-06,0.000129553693722383,1.7078714034257832e-05,0.00012805771705277268,1.81929440213236e-05
16986,2164,3,20,2728,0.0005456,2792,0.0005584,0.0005585,5.508605707627408e-05,0.0006238746486544211,2.6419966181783636e-06,0.0005326355545674721,2.4898327824446528e-05,0.0005723660070482415,5.3719226959790756e-05,0.0005720984308961061,5.360231828530742e-05
16986,2164,4,20,8310,0.001662,8439,0.0016878,0.0016295,0.00012032740423746504,0.0020242219995823705,7.048927543067217e-06,0.001658562533729236,5.0781093910161223e-05,0.0016727507973413771,0.00014950721951582991,0.0016718678192599826,0.000151098297250905
16986,2164,5,20,21736,0.0043472,21955,0.004391,0.0043435,0.00029104665930866977,0.005503308169528996,1.5373894885827834e-05,0.004374303059933921,7.059933752220403e-05,0.004405232453869781,0.0002056528564705357,0.00440290918892287,0.0002033284568705824
16986,2164,6,20,50924,0.0101848,51023,0.0102046,0.0101165,0.00030103811613883905,0.01327627035945271,4.797152525740972e-05,0.010213007455455045,0.00010169560245641208,0.010202024449045185,0.00028163396527750923,0.010200690230904863,0.0002798824421446108
16986,2164,7,20,112534,0.0225068,111776,0.0223552,0.022229,0.0003771206703430614,0.02867691826844985,6.204831673504744e-05,0.022596545422483554,0.00012009970174759617,0.022299449804548944,0.0003510611140857814,0.022301263750122327,0.0003510281995565682
16986,2164,8,20,236779,0.0473558,236614,0.0473228,0.047457,0.0006655199787423836,0.054422388157062795,9.952195590509186e-05,0.04790862240371609,0.00020197230079979086,0.047461889799066986,0.0005130450857819263,0.04745905200035942,0.0004826478026482283
16986,2164,9,20,455750,0.09115,455095,0.091019,0.09162000000000001,0.0008100552287864145,0.0866040643391964,0.00015329574508067575,0.09276441901682046,0.00032486699922833147,0.09152583957138274,0.0008082279032409473,0.09153579559364015,0.0008156421915069184
16986,2164,10,20,580950,0.11619,579635,0.115927,0.115591,0.0010993198854411385,0.10954652849040417,0.00015838968322221846,0.11656320571637799,0.00021843110277286153,0.11551573107351569,0.001007374831613061,0.11557252265859652,0.0009803656445356783
16986,2164,11,20,631974,0.1263948,631723,0.1263446,0.1264475,0.0008398425604336727,0.12044242680279153,0.0001295897693169064,0.12578649732489786,0.0001812066673989328,0.12645562517570128,0.0007672718440232017,0.12652140396300943,0.0007384865270649651
16986,2164,12,20,633651,0.1267302,634767,0.1269534,0.1269635,0.0009576906159034219,0.12160199110621302,0.00013774431049534268,0.1254360200456842,0.0003078149754225661,0.12703020469006215,0.0007896893633158935,0.12705577459877893,0.0007280655174254974
16986,2164,13,20,599784,0.1199568,599756,0.1199512,0.1194655,0.001007965512150198,0.11554965529437347,0.0001718412589521705,0.11819709705825446,0.00030930950937010606,0.11955548800117961,0.000977497069276572,0.11952331163100856,0.0009260913480668935
16986,2164,14,20,531364,0.1062728,530661,0.1061322,0.106411,0.0011249182426432498,0.10382637503172529,0.00012603267481203523,0.10522390332547282,0.00027149963088572915,0.1064563683109894,0.0009897036220709824,0.10640822821211778,0.0009654732904018343
16986,2164,15,20,434992,0.0869984,436657,0.0873314,0.0872745,0.0007126486917792917,0.08742939992916629,8.943290332858615e-05,0.08725972555043415,0.00022471562021957278,0.08722966643123328,0.0005838421070957289,0.087205564490695,0.000571823395452091
16986,2164,16,20,324337,0.0648674,325097,0.0650194,0.06500049999999999,0.0007782941873772809,0.06750415172039373,9.298365819906256e-05,0.06578014279164746,0.00023544885711526922,0.06489814334238937,0.0006722269126502317,0.06487905127560634,0.0006616894653468456
16986,2164,17,20,214170,0.042834,213409,0.0426818,0.042814000000000005,0.0004952553833496836,0.04591998559617528,8.241987359872632e-05,0.04357670622119108,0.00019617785690146877,0.04271505114967215,0.00045341773018337135,0.04269778261943983,0.0004383138358242589
16986,2164,18,20,112961,0.0225922,113294,0.0226588,0.022531000000000002,0.00039133913143138876,0.025440252238549715,4.4817139139478024e-05,0.02290195074944436,0.0001025444287261878,0.022468326564417794,0.0003401974124304008,0.022461870772319405,0.00035041574798424466
16986,2164,19,20,40598,0.0081196,40682,0.0081364,0.0082245,0.0003238497864914017,0.009832793859688918,3.194240293173766e-05,0.008077745007316202,6.560622556220778e-05,0.00818763560748246,0.00022099252047511831,0.008188854296014871,0.0002246861265743584
16986,2164,20,20,5780,0.001156,5949,0.0011898,0.0011899999999999999,0.00011457013480603784,0.0016270156994177966,1.3638525095921858e-05,0.0010278813197732543,2.3496556324851885e-05,0.0012067430732760974,0.0001003151666770487,0.001205312828699547,9.9119202975504e-05
16986,2740,1,20,291484,0.0582968,289691,0.0579382,0.058074,0.0007250219597400227,0.08118855745689388,0.00021123127918956056,0.05929199196716985,0.0003392148263018946,0.05820486820810912,0.0005857880865053084,0.05814815200045338,0.000569614797975895
16986,2740,2,20,811362,0.1622724,810142,0.1620284,0.161668,0.0013818050742264226,0.15536340027865847,0.0002465996920709511,0.16392468684051098,0.0005960726686520472,0.1616414218331729,0.0011117064263263927,0.16164958310782077,0.0010024324481944544
16986,2740,3,20,1007796,0.2015592,1009795,0.201959,0.202166,0.0010435788624274,0.177274174338564,0.00025551917123569756,0.19529606027724572,0.000549050938098663,0.202214398197619,0.0010794748323215027,0.2022081636141285,0.0009612745498160536
16986,2740,4,20,908042,0.1816084,908709,0.1817418,0.1818525,0.0014567334582623714,0.16769782064925715,0.00019124391889712951,0.17819042266667826,0.0004676693914641962,0.18195065770661362,0.0012556056964939477,0.18191691443837893,0.0012130592127693254
16986,2740,5,20,724080,0.144816,725706,0.1451412,0.1448145,0.0011738756098362455,0.14348693768857623,0.00017225421490748476,0.14482363885392843,0.0004376375836938815,0.144780812051645,0.0010178505319156839,0.1447693101514125,0.0009847216504534542
16986,2740,6,20,537535,0.107507,537537,0.1075074,0.1075685,0.000863470811380015,0.1126649811478613,0.00019361618498402042,0.1097679784031774,0.00031615874809248925,0.10749075182123366,0.0008464436593773685,0.10752326456294577,0.0008624620657243566
16986,2740,7,20,366409,0.0732818,365512,0.0731024,0.0730855,0.0005813729213544521,0.0792789084607104,0.0001485358019821445,0.07603084816378237,0.0002611936283488815,0.0730301949911387,0.0005459731122424514,0.07306711500983008,0.0005088020721097525
16986,2740,8,20,211686,0.0423372,211243,0.0422486,0.042328,0.0007841495560897737,0.04704917944809106,0.00010009809217068275,0.044494506086180274,0.00023971231886036,0.04226202926609083,0.0005852606932516332,0.04227778854541039,0.0005807080417135493
16986,2740,9,20,86003,0.0172006,85529,0.0171058,0.0172985,0.0004331558003402714,0.021685865729307842,4.908400459990709e-05,0.017418747159120083,0.00013927556585630751,0.01726818904176405,0.00044959354482459676,0.01727773313099875,0.0004614543261386689
16986,2740,10,20,33734,0.0067468,33994,0.0067988,0.006712999999999999,0.00017636982675467387,0.008914457612869582,2.800882514192901e-05,0.0066074633092885835,5.637904596524084e-05,0.006718314198209642,0.00017340188517053927,0.006724391925128491,0.00016884479102684483
16986,2740,11,20,13370,0.002674,13617,0.0027234,0.0027210000000000003,0.00012756422531002713,0.0034403155405819245,1.3853746002601452e-05,0.0025734282755277087,3.071131833947461e-05,0.0027333349586618995,0.0001304860873618046,0.002736002804233093,0.00013229364786277307
16986,2740,12,20,5327,0.0010654,5326,0.0010652,0.0010755,0.0001039471019317037,0.0012775841690034896,6.4977260843198225e-06,0.0010022519082935346,2.018574229780519e-05,0.0010778023353642259,8.478588868045249e-05,0.0010784989224312178,8.50864720303102e-05
16986,2740,13,20,2069,0.0004138,2066,0.0004132,0.0004115,5.6779814797347234e-05,0.0004567614220394638,1.8295199504198462e-06,0.0003781117523768259,1.295405642486348e-05,0.0004119381269806907,4.6038521066536885e-05,0.0004119854478414768,4.585514352688167e-05
16986,2740,14,20,764,0.0001528,798,0.0001596,0.0001565,4.1074386948047016e-05,0.0001550894653015001,8.309472452333604e-07,0.00013889015690458033,7.185272573408077e-06,0.00014886399345511505,3.147257758996821e-05,0.00015011354657338608,2.999667679393692e-05
16986,2740,15,20,242,4.84e-05,250,5e-05,5.2000000000000004e-05,2.1667341419992587e-05,4.865994820412772e-05,2.7896849497754077e-07,4.5270788772737384e-05,2.504032139599625e-06,5.0173586029398994e-05,1.1358066986926823e-05,4.527823843688895e-05,2.5148033399547234e-06
16986,2740,16,20,78,1.56e-05,66,1.32e-05,1.2e-05,1.0563093645728086e-05,1.356632975467358e-05,1.1103300215186204e-07,1.2358822181454675e-05,9.722892264437518e-07,1.246986523076525e-05,2.8086621265146627e-06,1.2360077980414408e-05,9.666790851096732e-07
16986,2740,17,20,17,3.4e-06,15,3e-06,3.0000000000000005e-06,5.712405705774794e-06,3.1435226340198483e-06,2.1043790891474624e-08,2.8602731534802006e-06,4.025174432230067e-07,3.21241650526327e-06,1.3991299563475384e-06,2.860477485694453e-06,4.03250852404863e-07
16986,2740,18,20,2,4e-07,3,6e-07,0.0,0.0,5.38488251341752e-07,5.332214541368318e-09,4.434595050176732e-07,6.687248624652253e-08,5.099059453326883e-07,1.5564263923530214e-08,4.435013140459505e-07,6.673338533502592e-08
16986,2740,19,20,0,0,1,2e-07,0.0,0.0,5.624276901153071e-08,1.0949354190591406e-09,3.940963638838474e-08,8.502854256051528e-09,5.5437964711442135e-08,1.4380412177083894e-09,3.943256297025751e-08,8.519187055754294e-09
16986,2740,20,20,0,0,0,0,0.0,0.0,1.6979127131931619e-09,7.446925210139877e-11,1.0638083672382886e-09,4.25936453561621e-10,1.6955081798465175e-09,7.308124020607421e-11,1.0625332947644665e-09,4.2264552130695507e-10
16986,3036,1,20,0,0,0,0,0.0,0.0,2.024997910618105e-14,1.638939349532518e-15,2.2991151780153266e-14,3.220409745613825e-14,2.024997910618105e-14,1.638939349532518e-15,2.2974338944274402e-14,3.216466519302621e-14
16986,3036,2,20,0,0,0,0,0.0,0.0,1.3149254718406484e-12,7.141406997771132e-14,1.005759358046661e-12,7.957096643756996e-13,1.3149254718406484e-12,7.141406997771133e-14,1.0067422817618512e-12,7.981286904116523e-13
16986,3036,3,20,0,0,0,0,0.0,0.0,2.4857951859467367e-11,7.894877161154349e-13,1.6981861064899842e-11,2.5208221774586055e-12,2.4857951859467367e-11,7.894877161154349e-13,1.6988248362515045e-11,2.526631429049874e-12
16986,3036,4,20,0,0,0,0,0.0,0.0,2.9166557067279805e-10,7.562346100388143e-12,1.9403953852326118e-10,2.8278551146717166e-11,2.9166557067279805e-10,7.56234610038814e-12,1.94094441946321e-10,2.8421866844208974e-11
16986,3036,5,20,0,0,0,0,0.0,0.0,2.802770494906298e-09,8.045836762219936e-11,1.7039641242796283e-09,1.6174693045104087e-10,2.800490106589502e-09,7.971739710361226e-11,1.7042916816226698e-09,1.5975786532859582e-10
16986,3036,6,20,1,2e-07,1,2e-07,0.0,0.0,2.2873308947378682e-08,3.6908183564923197e-10,1.4798299085068818e-08,1.1744499858582897e-09,2.27621139206812e-08,3.4024211816755655e-10,1.4807874532857448e-08,1.1689210532107432e-09
16986,3036,7,20,1,2e-07,1,2e-07,0.0,0.0,1.6784780442975502e-07,2.411383801901996e-09,1.1678490669892209e-07,1.2116013408660839e-08,1.6514862886454437e-07,2.944602767873427e-09,1.1688412440229061e-07,1.2085023070136194e-08
16986,3036,8,20,3,6e-07,6,1.2e-06,1.0000000000000002e-06,3.0779350562554625e-06,1.147697138263645e-06,1.2850432567268589e-08,8.929375862574268e-07,8.634650121387611e-08,1.1886343293639614e-06,4.839013833008712e-07,8.934749734878791e-07,8.466051939357463e-08
16986,3036,9,20,36,7.2e-06,31,6.2e-06,9e-06,9.679060415469871e-06,7.114349156349092e-06,7.306780015002182e-08,6.441654165547198e-06,4.873221214329295e-07,7.82985662948028e-06,2.6974599376926555e-06,6.447829594761605e-06,4.923201490846102e-07
16986,3036,10,20,166,3.32e-05,162,3.24e-05,2.7e-05,1.0809352675491622e-05,2.943545637326113e-05,2.0644428211753777e-07,2.6666544653194668e-05,1.2552066292712048e-06,3.0326622399024887e-05,6.896299005169251e-06,2.6701237864602117e-05,1.2576211260437804e-06
16986,3036,11,20,494,9.88e-05,501,0.0001002,0.000108,2.706716791515818e-05,9.639322050642392e-05,4.30655817668968e-07,8.702052042137761e-05,3.3573167937018886e-06,0.00010393388754068662,1.742866757829412e-05,0.00010107038003887281,1.8041265673141326e-05
16986,3036,12,20,1380,0.000276,1426,0.0002852,0.00028649999999999997,5.392733902888999e-05,0.0002784625819288265,1.4238823567076596e-06,0.00024401897408978516,1.0842972701912267e-05,0.00028230407243820993,4.165626771718414e-05,0.00028254817645604274,4.142953789369766e-05
16986,3036,13,20,3425,0.000685,3454,0.0006908,0.0006994999999999999,9.859406408949887e-05,0.0007544991128913255,2.566875840010683e-06,0.0006483832079461577,2.1533441386206253e-05,0.0007032310169341758,7.43307938196939e-05,0.0007035680802621119,7.398115816598374e-05
16986,3036,14,20,8310,0.001662,8652,0.0017304,0.0016855000000000001,0.0001326838347350573,0.001984095963872018,9.352098051869946e-06,0.0016418182848441463,4.670384795798555e-05,0.0016942754373607705,0.00012367691228013387,0.0016949060428987552,0.00012416574026290705
16986,3036,15,20,20523,0.0041046,20486,0.0040972,0.004056,0.0002169501519267794,0.005200354769489552,1.8751216686103062e-05,0.004096876823647671,7.719662444728527e-05,0.004059143568409208,0.00016515083560628068,0.004061411728058213,0.00016837735399085526
16986,3036,16,20,49889,0.0099778,49820,0.009964,0.009987,0.00025807179743547916,0.0137293400322212,4.45299949607326e-05,0.010344789094543899,0.00014889280171572018,0.009977399485377264,0.0002551092949546252,0.009982337125965465,0.0002483151340645684
16986,3036,17,20,123159,0.0246318,123179,0.0246358,0.0246605,0.0004946287815917582,0.03648095785294757,0.0001089198836647078,0.026101901833656793,0.00029187814121678097,0.02461983206041623,0.00043686331477843054,0.024629673507887577,0.0004319668070894064
16986,3036,18,20,322720,0.064544,322112,0.0644224,0.064487,0.0008563576478625204,0.09759477197918416,0.0002915656788780939,0.0690408452836346,0.0006112800630685952,0.06442339408168316,0.0007711064863590559,0.06445592367994601,0.0007417270222326157
16986,3036,19,20,951000,0.1902,950817,0.1901634,0.1901235,0.0014154384665648924,0.25226347767623547,0.0004948906390676186,0.19968349959907397,0.0011204156650005883,0.1902499851452155,0.001317534197841115,0.19042879143860336,0.001249223638232528
16986,3036,20,20,3518893,0.7037786,3519352,0.7038704,0.7038694999999999,0.0015662340854822017,0.5915738404060727,0.0006640018652357413,0.6880707966822762,0.0010461768184450656,0.7038410500419351,0.0011817929423988947,0.7036255936917859,0.0009969887501526447
16986,3301,1,20,0,0,0,0,0.0,0.0,3.803273467074344e-11,1.7314923379588904e-12,3.5096732691800454e-11,2.954917539463187e-11,3.8018971363514015e-11,1.7295740757984444e-12,3.505190764074917e-11,2.9456585672163296e-11
16986,3301,2,20,0,0,0,0,0.0,0.0,1.3561495597557342e-09,3.387464301030973e-11,1.0507866079961312e-09,4.257069290448966e-10,1.3543627824768846e-09,3.3959800215856315e-11,1.05090633128432e-09,4.264409262430348e-10
16986,3301,3,20,0,0,0,0,0.0,0.0,1.626272650961137e-08,2.452098416885544e-10,1.2223297398136268e-08,1.383724003627262e-09,1.6171037787449723e-08,2.6402779168972464e-10,1.2221849575397159e-08,1.386731882967065e-09
16986,3301,4,20,0,0,0,0,5.000000000000001e-07,2.23606797749979e-06,1.270504259506889e-07,1.7022144043545447e-09,9.196762443170324e-08,7.76419341642053e-09,1.2530421325190037e-07,3.190814979278566e-09,9.194210679939923e-08,7.789305343031645e-09
16986,3301,5,20,6,1.2e-06,5,1e-06,0.0,0.0,8.135764513215844e-07,1.036616647895258e-08,5.411121029924101e-07,3.4710639432933964e-08,7.685134742175227e-07,1.7735400727545822e-08,5.409802780407555e-07,3.426225672857977e-08
16986,3301,6,20,21,4.2e-06,33,6.6e-06,6e-06,8.207826816681233e-06,4.543178895914792e-06,4.451870936499438e-08,3.1371735727887843e-06,1.6801474689941854e-07,4.33700390414059e-06,9.415287428233229e-07,3.137679087826682e-06,1.6652558668716294e-07
16986,3301,7,20,120,2.4e-05,110,2.2e-05,2.7e-05,1.688973528196155e-05,2.276422438490832e-05,1.6315734622048304e-07,1.6410498396437026e-05,1.1521631558957772e-06,2.5910663848799348e-05,7.75568187753324e-06,1.6416625514646417e-05,1.1478381059329247e-06
16986,3301,8,20,513,0.0001026,522,0.0001044,0.0001125,3.8371453204858315e-05,0.00010422164884026216,6.864766960790111e-07,8.285574019538498e-05,2.6423331722551794e-06,0.00011249767027594812,2.3535611297686045e-05,0.00010941970536343623,2.564278990320781e-05
16986,3301,9,20,2149,0.0004298,2150,0.00043,0.000443,7.094104297899325e-05,0.0004231332120538657,2.580634496189749e-06,0.00038820383737299597,8.560008889219726e-06,0.0004297535237118069,4.349180738917027e-05,0.0004299645993828343,4.381016991649689e-05
16986,3301,10,20,6126,0.0012252,6009,0.0012018,0.0012109999999999998,0.00012349728315784288,0.0012266595782537092,5.407931313245392e-06,0.0011318138922163192,2.4897729761822713e-05,0.0011923888672345825,9.525933521287809e-05,0.0011933111353416997,9.487833637487161e-05
16986,3301,11,20,13395,0.002679,13476,0.0026952,0.0027689999999999998,0.00012681939084673466,0.0029034024210074297,8.164876311798542e-06,0.002630707750427922,3.8810980757609263e-05,0.0027361019820081817,0.00010810928466771153,0.002738424355742328,0.00010935711651530685
16986,3301,12,20,27132,0.0054264,27169,0.0054338,0.005339,0.00019825289537940124,0.0061271254192838175,1.9060692522944362e-05,0.005414263122131832,6.087720554292274e-05,0.005320907968978475,0.0001744064548037361,0.005323465038864114,0.00016863028660289535
16986,3301,13,20,51163,0.0102326,51009,0.0102018,0.010291999999999999,0.00024911633300211586,0.012096103738270579,2.540914859794175e-05,0.010554429274361756,9.724694979837839e-05,0.010297815245498321,0.00023357346958920058,0.010298224500016976,0.00023096508450769855
16986,3301,14,20,94223,0.0188446,94213,0.0188426,0.0187975,0.000345647751939822,0.022906106078480308,6.48827466246742e-05,0.01973379431867782,0.0001424656394131532,0.018834700728644342,0.0003032885035246795,0.01883188618436451,0.00029051463275098395
16986,3301,15,20,170815,0.034163,170707,0.0341414,0.0341365,0.0006329402981740302,0.042143870862498524,8.347095846690298e-05,0.036140343585840534,0.0002848386543102043,0.03418721117885852,0.0005106897635595405,0.0341883589770485,0.0005056215946441951
16986,3301,16,20,308391,0.0616782,308194,0.0616388,0.061792,0.0006901990559556755,0.07533345901191527,0.00013308032130873523,0.06552289452057866,0.0003574515806109543,0.06188971423711156,0.0006060956257398826,0.06189094561838747,0.000614746470393031
16986,3301,17,20,555687,0.1111374,555297,0.1110594,0.11071800000000001,0.0008377953524767129,0.12886358974114834,0.00022869988693796043,0.11647468360890076,0.0005854987524975218,0.11086488354843041,0.0008382814218966383,0.1108546453884518,0.000795194076511943
16986,3301,18,20,1016899,0.2033798,1018090,0.203618,0.20373999999999998,0.001555404838145463,0.20428280949970148,0.00030205673152532126,0.20804753245491284,0.000895279266519958,0.2037615077134714,0.001356183624576772,0.20376466513491684,0.0013059133380646732
16986,3301,19,20,1824243,0.3648486,1823919,0.3647838,0.365063,0.0011535624455526808,0.2731597234804678,0.00023298287826599033,0.3379711796952551,0.0006653699839841339,0.36470169469010866,0.000978709541684397,0.36486515836196776,0.0008893837093093027
16986,3301,20,20,929117,0.1858234,929097,0.1858194,0.185553,0.0013800080091300774,0.23040152962101196,0.0004445145867123518,0.19588710413825092,0.0007419492206231876,0.18563966359680803,0.0009867089122051098,0.18549133046756797,0.0009654977189979176
